Civilite*,Nom*,Prénom*,Nom de la société*,SIRET,Catégorie de tiers*,Nature juridique*,Adresse,Complément,Code postal *,Commune *,Pays *,Téléphone *,Téléphone 2,Mail *,Nom *,SIRET,Nature d'hébergement *,Référence interne,Catégorie (Atout France)*,Date de la catégorie *,Date d'application de la catégorie *,Date de début de collecte sur la plateforme *,Adresse,Complément,Code postal *,Commune *,Latitude,Longitude,Téléphone *,Téléphone 2,Nombre de chambres ou emplacements *,Capacité (Nombre de personnes) *,Site Web,Descriptif,Remarques
,Julien et Mélinda,,,,,,,Julien et Mélinda,,,Guadeloupe,,,,Villa CANNELLE 3 chambres,,Villa 2 Chambres :,,,,,,"CHEMIN DE LA BATTERIE, 97126 Deshaies, GuadeloupeExcellente situation géographique — avec une note de 10/10!(note basée sur 5 commentaires)Évaluée par les clients après leur séjour à l'établissement Villa CANNELLE 3 chambres.",,,Deshaies,,,,,,,https://www.booking.com/hotel/gp/villa-cannelle-deshaies.fr.html?aid=304142&label=gen173nr-1FCAQoggJCKHNlYXJjaF9kZXNoYWllcy0tYmFzc2V-dGVycmUtLWd1YWRlbG91cGVIM1gEaFqIAQGYAQ24ARfIAQzYAQHoAQH4AQOIAgGoAgO4Av_c070GwAIB0gIkZDRmYzNhYzgtNjA0MS00NTlkLWIxMmEtZTczYThlNDcxMDQy2AIF4AIB&ucfs=1&arphpl=1&group_adults=2&req_adults=2&no_rooms=1&group_children=0&req_children=0&hpos=4&hapos=4&sr_order=popularity&srpvid=797d907fd4480663&srepoch=1739910790&from=searchresults,Villa CANNELLE 3 chambres,Booking
,,,,,,,,,,,Guadeloupe,,,,Le matelot de la baie,,Hébergement - Vue sur Baie de Deshaies,,,,,,"impasse Fleury, 97126 Deshaies, GuadeloupeExcellente situation géographique — avec une note de 9.4/10!(note basée sur 152 commentaires)Évaluée par les clients après leur séjour à l'établissement Le matelot de la baie.",,,Deshaies,,,,,,,https://www.booking.com/hotel/gp/le-matelot-de-la-baie.fr.html?aid=304142&label=gen173nr-1FCAQoggJCKHNlYXJjaF9kZXNoYWllcy0tYmFzc2V-dGVycmUtLWd1YWRlbG91cGVIM1gEaFqIAQGYAQ24ARfIAQzYAQHoAQH4AQOIAgGoAgO4Av_c070GwAIB0gIkZDRmYzNhYzgtNjA0MS00NTlkLWIxMmEtZTczYThlNDcxMDQy2AIF4AIB&ucfs=1&arphpl=1&group_adults=2&req_adults=2&no_rooms=1&group_children=0&req_children=0&hpos=8&hapos=8&sr_order=popularity&srpvid=797d907fd4480663&srepoch=1739910790&from=searchresults,Le matelot de la baie,Booking
,Rosette,,,,,,,Rosette,,,Guadeloupe,,,,Prune Café,,Maison 1 Chambre,,,,,,"leroux, chemin de la riviere, 97126 Deshaies, GuadeloupeUne fois votre réservation effectuée, toutes les informations sur l'établissement, y compris le numéro de téléphone et l'adresse, seront disponibles sur votre confirmation de réservation ainsi que dans votre compte.",,,Deshaies,,,,,,,https://www.booking.com/hotel/gp/delice-prune-cafe.fr.html?aid=304142&label=gen173nr-1FCAQoggJCKHNlYXJjaF9kZXNoYWllcy0tYmFzc2V-dGVycmUtLWd1YWRlbG91cGVIM1gEaFqIAQGYAQ24ARfIAQzYAQHoAQH4AQOIAgGoAgO4Av_c070GwAIB0gIkZDRmYzNhYzgtNjA0MS00NTlkLWIxMmEtZTczYThlNDcxMDQy2AIF4AIB&ucfs=1&arphpl=1&group_adults=2&req_adults=2&no_rooms=1&group_children=0&req_children=0&hpos=16&hapos=16&sr_order=popularity&srpvid=797d907fd4480663&srepoch=1739910790&from=searchresults,Prune Café,Booking
,,,,,,,,,,,Guadeloupe,,,,Les Lianes De Corail,,Appartement 1 Chambre,,,,,,"67 Petite Rivière, 97126 Deshaies, GuadeloupeExcellente situation géographique — avec une note de 9/10!(note basée sur 35 commentaires)Évaluée par les clients après leur séjour à l'établissement Les Lianes De Corail.",,,Deshaies,,,,,,,https://www.booking.com/hotel/gp/les-lianes-de-corail.fr.html?aid=304142&label=gen173nr-1FCAQoggJCKHNlYXJjaF9kZXNoYWllcy0tYmFzc2V-dGVycmUtLWd1YWRlbG91cGVIM1gEaFqIAQGYAQ24ARfIAQzYAQHoAQH4AQOIAgGoAgO4Av_c070GwAIB0gIkZDRmYzNhYzgtNjA0MS00NTlkLWIxMmEtZTczYThlNDcxMDQy2AIF4AIB&ucfs=1&arphpl=1&group_adults=2&req_adults=2&no_rooms=1&group_children=0&req_children=0&hpos=25&hapos=25&sr_order=popularity&srpvid=797d907fd4480663&srepoch=1739910790&from=searchresults,Les Lianes De Corail,Booking
,,,,,,,,,,,Guadeloupe,,,,La Baie du Bonheur,,Chambre Double,,,,,,"Villers, 97126 Deshaies, GuadeloupeExcellente situation géographique — avec une note de 9.4/10!(note basée sur 79 commentaires)Évaluée par les clients après leur séjour à l'établissement La Baie du Bonheur.",,,Deshaies,,,,,,,https://www.booking.com/hotel/gp/la-baie-du-bonheur.fr.html?aid=304142&label=gen173nr-1FCAQoggJCKHNlYXJjaF9kZXNoYWllcy0tYmFzc2V-dGVycmUtLWd1YWRlbG91cGVIM1gEaFqIAQGYAQ24ARfIAQzYAQHoAQH4AQOIAgGoAgO4Av_c070GwAIB0gIkZDRmYzNhYzgtNjA0MS00NTlkLWIxMmEtZTczYThlNDcxMDQy2AIF4AIB&ucfs=1&arphpl=1&group_adults=2&req_adults=2&no_rooms=1&group_children=0&req_children=0&hpos=12&hapos=12&sr_order=popularity&srpvid=797d907fd4480663&srepoch=1739910790&from=searchresults,La Baie du Bonheur,Booking
,Isabelle et Cédrik,,,,,,,Isabelle et Cédrik,,,Guadeloupe,,,,Cottage La Pointe Marine Deshaies,,Bungalow 2 Chambres,,,,,,"impasse la pointe marine Ferry / Le roux, 97126 Deshaies, GuadeloupeExcellente situation géographique — avec une note de 9.2/10!(note basée sur 52 commentaires)Évaluée par les clients après leur séjour à l'établissement Cottage La Pointe Marine Deshaies.",,,Deshaies,,,,,,,https://www.booking.com/hotel/gp/residence-la-pointe-marine.fr.html?aid=304142&label=gen173nr-1FCAQoggJCKHNlYXJjaF9kZXNoYWllcy0tYmFzc2V-dGVycmUtLWd1YWRlbG91cGVIM1gEaFqIAQGYAQ24ARfIAQzYAQHoAQH4AQOIAgGoAgO4Av_c070GwAIB0gIkZDRmYzNhYzgtNjA0MS00NTlkLWIxMmEtZTczYThlNDcxMDQy2AIF4AIB&ucfs=1&arphpl=1&group_adults=2&req_adults=2&no_rooms=1&group_children=0&req_children=0&hpos=18&hapos=18&sr_order=popularity&srpvid=797d907fd4480663&srepoch=1739910790&from=searchresults,Cottage La Pointe Marine Deshaies,Booking
,Les Alizés de Maya,,,,,,,Les Alizés de Maya,,,Guadeloupe,,,,"Studio Malacca, Malanga et Majacudja - Ô Cœur de Deshaies",,Studio - Vue sur Mer,,,,,,"226 chemin de matouba Lahaut, 97126 Deshaies, GuadeloupeExcellente situation géographique — avec une note de 9.2/10!(note basée sur 95 commentaires)Évaluée par les clients après leur séjour à l'établissement Studio Malacca, Malanga et Majacudja - Ô Cœur de Deshaies.",,,Deshaies,,,,,,,https://www.booking.com/hotel/gp/studio-malacca-o-coeur-de-deshaies.fr.html?aid=304142&label=gen173nr-1FCAQoggJCKHNlYXJjaF9kZXNoYWllcy0tYmFzc2V-dGVycmUtLWd1YWRlbG91cGVIM1gEaFqIAQGYAQ24ARfIAQzYAQHoAQH4AQOIAgGoAgO4Av_c070GwAIB0gIkZDRmYzNhYzgtNjA0MS00NTlkLWIxMmEtZTczYThlNDcxMDQy2AIF4AIB&ucfs=1&arphpl=1&group_adults=2&req_adults=2&no_rooms=1&group_children=0&req_children=0&hpos=19&hapos=19&sr_order=popularity&srpvid=797d907fd4480663&srepoch=1739910790&from=searchresults,"Studio Malacca, Malanga et Majacudja - Ô Cœur de Deshaies",Booking
,,,,,,,,,,,Guadeloupe,,,,karureve,,Maison 1 Chambre,,,,,,"impasse de l'harmonie, 97126 Deshaies, GuadeloupeExcellente situation géographique — avec une note de 9.8/10!(note basée sur 22 commentaires)Évaluée par les clients après leur séjour à l'établissement karureve.",,,Deshaies,,,,,,,https://www.booking.com/hotel/gp/karureve.fr.html?aid=304142&label=gen173nr-1FCAQoggJCKHNlYXJjaF9kZXNoYWllcy0tYmFzc2V-dGVycmUtLWd1YWRlbG91cGVIM1gEaFqIAQGYAQ24ARfIAQzYAQHoAQH4AQOIAgGoAgO4Av_c070GwAIB0gIkZDRmYzNhYzgtNjA0MS00NTlkLWIxMmEtZTczYThlNDcxMDQy2AIF4AIB&ucfs=1&arphpl=1&group_adults=2&req_adults=2&no_rooms=1&group_children=0&req_children=0&hpos=2&hapos=2&sr_order=popularity&srpvid=797d907fd4480663&srepoch=1739910790&from=searchresults,karureve,Booking
,Gérée par Céline et Hugues,,,,,,,Gérée par Céline et Hugues,,,Guadeloupe,,,,Gites LES CALEBASSIERS,,Bungalow - Vue sur Jardin,,,,,,"Impasse bougainvilliers Ferry leroux, 97126 Deshaies, GuadeloupeUne fois votre réservation effectuée, toutes les informations sur l'établissement, y compris le numéro de téléphone et l'adresse, seront disponibles sur votre confirmation de réservation ainsi que dans votre compte.",,,Deshaies,,,,,,,https://www.booking.com/hotel/gp/gites-les-calebassiers.fr.html?aid=304142&label=gen173nr-1FCAQoggJCKHNlYXJjaF9kZXNoYWllcy0tYmFzc2V-dGVycmUtLWd1YWRlbG91cGVIM1gEaFqIAQGYAQ24ARfIAQzYAQHoAQH4AQOIAgGoAgO4Av_c070GwAIB0gIkZDRmYzNhYzgtNjA0MS00NTlkLWIxMmEtZTczYThlNDcxMDQy2AIF4AIB&ucfs=1&arphpl=1&group_adults=2&req_adults=2&no_rooms=1&group_children=0&req_children=0&hpos=13&hapos=13&sr_order=popularity&srpvid=797d907fd4480663&srepoch=1739910790&from=searchresults,Gites LES CALEBASSIERS,Booking
,,,,,,,,https://www.airbnb.fr/users/show/667975282,,,Guadeloupe,,,,Gîte Émeraude 6 pers. Piscine,,,,,,,,,,,Deshaies,,,,,,,https://www.airbnb.fr/rooms/1316141292526817415?search_mode=regular_search&adults=1&check_in=2025-03-06&check_out=2025-03-11&children=0&infants=0&pets=0&source_impression_id=p3_1739910830_P3hnbuBXRdBr3RU4&previous_page_section_name=1000,Gîte Émeraude 6 pers. Piscine,Airbnb
,,,,,,,,https://www.airbnb.fr/users/show/432114611,,,Guadeloupe,,,,Maison à Sainte-Rose,,,,,,,,,,,Deshaies,,,,,,,https://www.airbnb.fr/rooms/1355050830516505464?search_mode=regular_search&adults=1&check_in=2025-03-31&check_out=2025-04-05&children=0&infants=0&pets=0&source_impression_id=p3_1739910824_P3c4ve6cQwh4aNdL&previous_page_section_name=1000,Maison à Sainte-Rose,Airbnb
,,,,,,,,https://www.airbnb.fr/users/show/102834881,,,Guadeloupe,,,,L'ALIZÉE SPA**** (WIFI+NETFLIX+JACCUZZI+VUE MER),,,,,,,,,,,Deshaies,,,,,,,https://www.airbnb.fr/rooms/32963353?search_mode=regular_search&adults=1&check_in=2025-02-23&check_out=2025-02-28&children=0&infants=0&pets=0&source_impression_id=p3_1739910814_P3IUhh-iTrn5N3VR&previous_page_section_name=1000,L'ALIZÉE SPA**** (WIFI+NETFLIX+JACCUZZI+VUE MER),Airbnb
,,,,,,,,https://www.airbnb.fr/users/show/393116679,,,Guadeloupe,,,,Gîte la Suzanna,,,,,,,,,,,Deshaies,,,,,,,https://www.airbnb.fr/rooms/48734918?search_mode=regular_search&adults=1&check_in=2025-02-19&check_out=2025-02-24&children=0&infants=0&pets=0&source_impression_id=p3_1739910834_P33c6tIHk6XmizM5&previous_page_section_name=1000,Gîte la Suzanna,Airbnb
,,,,,,,,https://www.airbnb.fr/users/show/42163767,,,Guadeloupe,,,,"Bungalow ""Le Jasmin"" vue mer 500m de la plage",,,,,,,,,,,Deshaies,,,,,,,https://www.airbnb.fr/rooms/8191815?search_mode=regular_search&adults=1&check_in=2025-04-09&check_out=2025-04-16&children=0&infants=0&pets=0&source_impression_id=p3_1739910833_P3YJkLKLRLgS7E3q&previous_page_section_name=1000,"Bungalow ""Le Jasmin"" vue mer 500m de la plage",Airbnb
,,,,,,,,https://www.airbnb.fr/users/show/447311057,,,Guadeloupe,,,,Appartement 2 chambres + Terrasse,,,,,,,,,,,Deshaies,,,,,,,https://www.airbnb.fr/rooms/572656396965410094?search_mode=regular_search&adults=1&check_in=2025-02-19&check_out=2025-02-24&children=0&infants=0&pets=0&source_impression_id=p3_1739910830_P3C-FHeIRshq62Gs&previous_page_section_name=1000,Appartement 2 chambres + Terrasse,Airbnb
,,,,,,,,https://www.airbnb.fr/users/show/25347673,,,Guadeloupe,,,,Studio Majacudja - Vue mer et piscine - Deshaies,,,,,,,,,,,Deshaies,,,,,,,https://www.airbnb.fr/rooms/1333452764023126801?search_mode=regular_search&adults=1&check_in=2025-03-27&check_out=2025-04-01&children=0&infants=0&pets=0&source_impression_id=p3_1739910830_P3oVl5VG0f-5HHPi&previous_page_section_name=1000,Studio Majacudja - Vue mer et piscine - Deshaies,Airbnb
,,,,,,,,https://www.airbnb.fr/users/show/202367837,,,Guadeloupe,,,,La montagne aux Orchidées,,,,,,,,,,,Deshaies,,,,,,,https://www.airbnb.fr/rooms/47901843?search_mode=regular_search&adults=1&check_in=2025-04-28&check_out=2025-05-03&children=0&infants=0&pets=0&source_impression_id=p3_1739910830_P32v9Z_C9sIiV2mt&previous_page_section_name=1000,La montagne aux Orchidées,Airbnb
,,,,,,,,https://www.airbnb.fr/users/show/501487042,,,Guadeloupe,,,,La villa paradisiaque,,,,,,,,,,,Deshaies,,,,,,,https://www.airbnb.fr/rooms/828852646247996018?search_mode=regular_search&adults=1&check_in=2025-03-30&check_out=2025-04-04&children=0&infants=0&pets=0&source_impression_id=p3_1739910830_P3S3HwPQXs88U2Zj&previous_page_section_name=1000,La villa paradisiaque,Airbnb
,,,,,,,,https://www.airbnb.fr/users/show/431232554,,,Guadeloupe,,,,Maison à Deshaies,,,,,,,,,,,Deshaies,,,,,,,https://www.airbnb.fr/rooms/1355108055049228068?search_mode=regular_search&adults=1&check_in=2025-02-18&check_out=2025-02-23&children=0&infants=0&pets=0&source_impression_id=p3_1739910831_P3qnVSxKVeoeU1-L&previous_page_section_name=1000,Maison à Deshaies,Airbnb
,,,,,,,,https://www.airbnb.fr/users/show/42163767,,,Guadeloupe,,,,"Bungalow ""Le Jasmin"" vue mer 500m de la plage",,,,,,,,,,,Deshaies,,,,,,,https://www.airbnb.fr/rooms/8191815?search_mode=regular_search&adults=1&check_in=2025-04-09&check_out=2025-04-16&children=0&infants=0&pets=0&source_impression_id=p3_1739910831_P3eGIDsy9GzFrPFB&previous_page_section_name=1000,"Bungalow ""Le Jasmin"" vue mer 500m de la plage",Airbnb
,,,,,,,,https://www.airbnb.fr/users/show/17960149,,,Guadeloupe,,,,Gîte à 200 m plage de Grande Anse 5 pers. (F),,,,,,,,,,,Deshaies,,,,,,,https://www.airbnb.fr/rooms/40690080?search_mode=regular_search&adults=1&check_in=2025-03-18&check_out=2025-03-23&children=0&infants=0&pets=0&source_impression_id=p3_1739910831_P3fVWpj4iw2FAVN4&previous_page_section_name=1000,Gîte à 200 m plage de Grande Anse 5 pers. (F),Airbnb
,,,,,,,,https://www.airbnb.fr/users/show/92677155,,,Guadeloupe,,,,Entre 2 ô : Le Mahi-Mahi,,,,,,,,,,,Deshaies,,,,,,,https://www.airbnb.fr/rooms/44280594?search_mode=regular_search&adults=1&check_in=2025-05-08&check_out=2025-05-13&children=0&infants=0&pets=0&source_impression_id=p3_1739910831_P3BePyqSOS_bEX20&previous_page_section_name=1000,Entre 2 ô : Le Mahi-Mahi,Airbnb
,,,,,,,,https://www.airbnb.fr/users/show/532891729,,,Guadeloupe,,,,21 -Jolie location vue mer 4*- piscine jacuzzi,,,,,,,,,,,Deshaies,,,,,,,https://www.airbnb.fr/rooms/962249347499048128?search_mode=regular_search&adults=1&check_in=2025-03-03&check_out=2025-03-08&children=0&infants=0&pets=0&source_impression_id=p3_1739910831_P3_wKeRjhxg3p7Dw&previous_page_section_name=1000,21 -Jolie location vue mer 4*- piscine jacuzzi,Airbnb
,,,,,,,,https://www.airbnb.fr/users/show/431232554,,,Guadeloupe,,,,Maison à Deshaies,,,,,,,,,,,Deshaies,,,,,,,https://www.airbnb.fr/rooms/1355108055049228068?search_mode=regular_search&adults=1&check_in=2025-02-18&check_out=2025-02-23&children=0&infants=0&pets=0&source_impression_id=p3_1739910833_P3DVuSPKd-SeOK3l&previous_page_section_name=1000,Maison à Deshaies,Airbnb
,,,,,,,,https://www.airbnb.fr/users/show/501487042,,,Guadeloupe,,,,La villa paradisiaque,,,,,,,,,,,Deshaies,,,,,,,https://www.airbnb.fr/rooms/828852646247996018?search_mode=regular_search&adults=1&check_in=2025-03-30&check_out=2025-04-04&children=0&infants=0&pets=0&source_impression_id=p3_1739910833_P3-yq1N8Wy5puIgr&previous_page_section_name=1000,La villa paradisiaque,Airbnb
,,,,,,,,https://www.airbnb.fr/users/show/468834713,,,Guadeloupe,,,,145 m² I Piscine I Spa I Jardin I Vue Panoramique,,,,,,,,,,,Deshaies,,,,,,,https://www.airbnb.fr/rooms/668585359745645022?search_mode=regular_search&adults=1&check_in=2025-03-04&check_out=2025-03-09&children=0&infants=0&pets=0&source_impression_id=p3_1739910833_P3MBcaGyAvQLZNIT&previous_page_section_name=1000,145 m² I Piscine I Spa I Jardin I Vue Panoramique,Airbnb
,,,,,,,,https://www.airbnb.fr/users/show/470801352,,,Guadeloupe,,,,Bungalow pour 5 pers. avec piscine B4 Ti Kawane,,,,,,,,,,,Deshaies,,,,,,,https://www.airbnb.fr/rooms/1342035878599623111?search_mode=regular_search&adults=1&check_in=2025-03-23&check_out=2025-03-28&children=0&infants=0&pets=0&source_impression_id=p3_1739910834_P3Q5R0MhlBovxjhY&previous_page_section_name=1000,Bungalow pour 5 pers. avec piscine B4 Ti Kawane,Airbnb
,,,,,,,,https://www.airbnb.fr/users/show/17960149,,,Guadeloupe,,,,Gîte à 200 m plage de Grande Anse 5 pers. (F),,,,,,,,,,,Deshaies,,,,,,,https://www.airbnb.fr/rooms/40690080?search_mode=regular_search&adults=1&check_in=2025-03-18&check_out=2025-03-23&children=0&infants=0&pets=0&source_impression_id=p3_1739910833_P3TycaVyui4sXDNd&previous_page_section_name=1000,Gîte à 200 m plage de Grande Anse 5 pers. (F),Airbnb
,,,,,,,,https://www.airbnb.fr/users/show/92677155,,,Guadeloupe,,,,Entre 2 ô : Le Mahi-Mahi,,,,,,,,,,,Deshaies,,,,,,,https://www.airbnb.fr/rooms/44280594?search_mode=regular_search&adults=1&check_in=2025-05-08&check_out=2025-05-13&children=0&infants=0&pets=0&source_impression_id=p3_1739910834_P3bgU9YnK81JdZf8&previous_page_section_name=1000,Entre 2 ô : Le Mahi-Mahi,Airbnb
,,,,,,,,https://www.airbnb.fr/users/show/532891729,,,Guadeloupe,,,,21 -Jolie location vue mer 4*- piscine jacuzzi,,,,,,,,,,,Deshaies,,,,,,,https://www.airbnb.fr/rooms/962249347499048128?search_mode=regular_search&adults=1&check_in=2025-03-03&check_out=2025-03-08&children=0&infants=0&pets=0&source_impression_id=p3_1739910834_P3e6wlTjZaPP1lxE&previous_page_section_name=1000,21 -Jolie location vue mer 4*- piscine jacuzzi,Airbnb
,,,,,,,,https://www.airbnb.fr/users/show/551420896,,,Guadeloupe,,,,Ti' Kélonia 2 - Maisons atypiques,,,,,,,,,,,Deshaies,,,,,,,https://www.airbnb.fr/rooms/1048693213430925606?search_mode=regular_search&adults=1&check_in=2025-03-20&check_out=2025-03-25&children=0&infants=0&pets=0&source_impression_id=p3_1739910834_P3GShTKptygRpIS2&previous_page_section_name=1000,Ti' Kélonia 2 - Maisons atypiques,Airbnb
,,,,,,,,https://www.airbnb.fr/users/show/3571563,,,Guadeloupe,,,,"Villa ""La Belle Sirène"", piscine & vue panoramique",,,,,,,,,,,Deshaies,,,,,,,https://www.airbnb.fr/rooms/1055176409821823243?search_mode=regular_search&adults=1&check_in=2025-04-07&check_out=2025-04-12&children=0&infants=0&pets=0&source_impression_id=p3_1739910834_P3l5QU7CSZn50OIX&previous_page_section_name=1000,"Villa ""La Belle Sirène"", piscine & vue panoramique",Airbnb
,,,,,,,,https://www.airbnb.fr/users/show/212982621,,,Guadeloupe,,,,Bungalow Tortue Verte - Piscine et Vue Mer,,,,,,,,,,,Deshaies,,,,,,,https://www.airbnb.fr/rooms/787489278387883946?search_mode=regular_search&adults=1&check_in=2025-03-08&check_out=2025-03-15&children=0&infants=0&pets=0&source_impression_id=p3_1739910834_P35z4KxYVW1xxaYl&previous_page_section_name=1000,Bungalow Tortue Verte - Piscine et Vue Mer,Airbnb
,,,,,,,,https://www.airbnb.fr/users/show/457352368,,,Guadeloupe,,,,KaK location les pieds dans l'eau,,,,,,,,,,,Deshaies,,,,,,,https://www.airbnb.fr/rooms/618995350601489244?search_mode=regular_search&adults=1&check_in=2025-06-19&check_out=2025-06-24&children=0&infants=0&pets=0&source_impression_id=p3_1739910802_P3omibFBtUwOe7vG&previous_page_section_name=1000,KaK location les pieds dans l'eau,Airbnb
,,,,,,,,https://www.airbnb.fr/users/show/36660655,,,Guadeloupe,,,,Hébergement insolite à Deshaies,,,,,,,,,,,Deshaies,,,,,,,https://www.airbnb.fr/rooms/1319479893846751899?search_mode=regular_search&adults=1&check_in=2025-03-31&check_out=2025-04-05&children=0&infants=0&pets=0&source_impression_id=p3_1739910788_P3GJf7ePXBQyp0lK&previous_page_section_name=1000,Hébergement insolite à Deshaies,Airbnb
,,,,,,,,https://www.airbnb.fr/users/show/48514667,,,Guadeloupe,,,,La brise  du Gros Morne à Deshaies,,,,,,,,,,,Deshaies,,,,,,,https://www.airbnb.fr/rooms/1358043233052553020?search_mode=regular_search&adults=1&check_in=2025-02-26&check_out=2025-03-03&children=0&infants=0&pets=0&source_impression_id=p3_1739910788_P3F2dPYGAgOrYEmz&previous_page_section_name=1000,La brise  du Gros Morne à Deshaies,Airbnb
,,,,,,,,https://www.airbnb.fr/users/show/125601876,,,Guadeloupe,,,,Studio escapade vue sur mer,,,,,,,,,,,Deshaies,,,,,,,https://www.airbnb.fr/rooms/1252390282351461293?search_mode=regular_search&adults=1&check_in=2025-02-21&check_out=2025-02-26&children=0&infants=0&pets=0&source_impression_id=p3_1739910788_P374gNsPUD6jLRQ6&previous_page_section_name=1000,Studio escapade vue sur mer,Airbnb
,,,,,,,,https://www.airbnb.fr/users/show/663146246,,,Guadeloupe,,,,Appartement 2 à 3 personnes,,,,,,,,,,,Deshaies,,,,,,,https://www.airbnb.fr/rooms/1294899056508864968?search_mode=regular_search&adults=1&check_in=2025-02-18&check_out=2025-02-23&children=0&infants=0&pets=0&source_impression_id=p3_1739910788_P3G13YAsYAtAC25L&previous_page_section_name=1000,Appartement 2 à 3 personnes,Airbnb
,,,,,,,,https://www.airbnb.fr/users/show/533983196,,,Guadeloupe,,,,Tuwana,,,,,,,,,,,Deshaies,,,,,,,https://www.airbnb.fr/rooms/966575513072261839?search_mode=regular_search&adults=1&check_in=2025-04-26&check_out=2025-05-01&children=0&infants=0&pets=0&source_impression_id=p3_1739910788_P3kDKq2r7JLAznzb&previous_page_section_name=1000,Tuwana,Airbnb
,,,,,,,,https://www.airbnb.fr/users/show/252564464,,,Guadeloupe,,,,Le Morne aux Fous - La Source,,,,,,,,,,,Deshaies,,,,,,,https://www.airbnb.fr/rooms/1302266436304452162?search_mode=regular_search&adults=1&check_in=2025-03-27&check_out=2025-04-01&children=0&infants=0&pets=0&source_impression_id=p3_1739910788_P3VfvBdQHSbbsTTD&previous_page_section_name=1000,Le Morne aux Fous - La Source,Airbnb
,,,,,,,,https://www.airbnb.fr/users/show/532891729,,,Guadeloupe,,,,55- Studio vue mer à découvrir sans tarder !,,,,,,,,,,,Deshaies,,,,,,,https://www.airbnb.fr/rooms/962389447952450331?search_mode=regular_search&adults=1&check_in=2025-02-27&check_out=2025-03-04&children=0&infants=0&pets=0&source_impression_id=p3_1739910788_P3Gux81mq60iWTD_&previous_page_section_name=1000,55- Studio vue mer à découvrir sans tarder !,Airbnb
,,,,,,,,https://www.airbnb.fr/users/show/218910491,,,Guadeloupe,,,,Studio Terrasse Piscine,,,,,,,,,,,Deshaies,,,,,,,https://www.airbnb.fr/rooms/680311186679252757?search_mode=regular_search&adults=1&check_in=2025-04-18&check_out=2025-04-23&children=0&infants=0&pets=0&source_impression_id=p3_1739910788_P34aiSFAND_G7zCV&previous_page_section_name=1000,Studio Terrasse Piscine,Airbnb
,,,,,,,,https://www.airbnb.fr/users/show/117806890,,,Guadeloupe,,,,"Deshaies, 2 pers, piscine et plage",,,,,,,,,,,Deshaies,,,,,,,https://www.airbnb.fr/rooms/1244951199628319597?search_mode=regular_search&adults=1&check_in=2025-04-17&check_out=2025-04-22&children=0&infants=0&pets=0&source_impression_id=p3_1739910788_P3XamLZGOq28GpFa&previous_page_section_name=1000,"Deshaies, 2 pers, piscine et plage",Airbnb
,,,,,,,,https://www.airbnb.fr/users/show/486884350,,,Guadeloupe,,,,Évasion Tropicale-Entre mer et Rivière à Deshaies,,,,,,,,,,,Deshaies,,,,,,,https://www.airbnb.fr/rooms/44210836?search_mode=regular_search&adults=1&check_in=2025-02-21&check_out=2025-02-28&children=0&infants=0&pets=0&source_impression_id=p3_1739910788_P3LoQv-NGzCPoNAj&previous_page_section_name=1000,Évasion Tropicale-Entre mer et Rivière à Deshaies,Airbnb
,,,,,,,,https://www.airbnb.fr/users/show/218463806,,,Guadeloupe,,,,Villa prestige vue mer - Deshaies,,,,,,,,,,,Deshaies,,,,,,,https://www.airbnb.fr/rooms/31208145?search_mode=regular_search&adults=1&check_in=2025-05-09&check_out=2025-05-14&children=0&infants=0&pets=0&source_impression_id=p3_1739910788_P3NlVzjb2p4lI6po&previous_page_section_name=1000,Villa prestige vue mer - Deshaies,Airbnb
,,,,,,,,https://www.airbnb.fr/users/show/102223008,,,Guadeloupe,,,,ANANAS Bungalow vue mer,,,,,,,,,,,Deshaies,,,,,,,https://www.airbnb.fr/rooms/46942898?search_mode=regular_search&adults=1&check_in=2025-05-09&check_out=2025-05-14&children=0&infants=0&pets=0&source_impression_id=p3_1739910788_P3Z1LSa5m8yCmU56&previous_page_section_name=1000,ANANAS Bungalow vue mer,Airbnb
,,,,,,,,https://www.airbnb.fr/users/show/569373656,,,Guadeloupe,,,,studio rose de jericho deshaies,,,,,,,,,,,Deshaies,,,,,,,https://www.airbnb.fr/rooms/1355252333268547887?search_mode=regular_search&adults=1&check_in=2025-02-18&check_out=2025-02-23&children=0&infants=0&pets=0&source_impression_id=p3_1739910788_P3PBq3hJ5meYHvMr&previous_page_section_name=1000,studio rose de jericho deshaies,Airbnb
,,,,,,,,https://www.airbnb.fr/users/show/85467216,,,Guadeloupe,,,,Bungalow Deshaies 150m  plage de Grande Anse,,,,,,,,,,,Deshaies,,,,,,,https://www.airbnb.fr/rooms/14148695?search_mode=regular_search&adults=1&check_in=2025-04-27&check_out=2025-05-02&children=0&infants=0&pets=0&source_impression_id=p3_1739910788_P3UWJewsxg80vs1v&previous_page_section_name=1000,Bungalow Deshaies 150m  plage de Grande Anse,Airbnb
,,,,,,,,https://www.airbnb.fr/users/show/103995993,,,Guadeloupe,,,,Bas de villa calme & sympa.,,,,,,,,,,,Deshaies,,,,,,,https://www.airbnb.fr/rooms/1307131326057807788?search_mode=regular_search&adults=1&check_in=2025-02-20&check_out=2025-02-25&children=0&infants=0&pets=0&source_impression_id=p3_1739910788_P3FkdxeFAFxquey5&previous_page_section_name=1000,Bas de villa calme & sympa.,Airbnb
,,,,,,,,https://www.airbnb.fr/users/show/380449335,,,Guadeloupe,,,,Bungalow Villa Déhé,,,,,,,,,,,Deshaies,,,,,,,https://www.airbnb.fr/rooms/724732937151480968?search_mode=regular_search&adults=1&check_in=2025-04-20&check_out=2025-04-25&children=0&infants=0&pets=0&source_impression_id=p3_1739910788_P3TpgUXheZrGhMAw&previous_page_section_name=1000,Bungalow Villa Déhé,Airbnb
,,,,,,,,https://www.airbnb.fr/users/show/71873278,,,Guadeloupe,,,,Arbre du Voyageur - Gîte Coin du Voyageur,,,,,,,,,,,Deshaies,,,,,,,https://www.airbnb.fr/rooms/13801931?search_mode=regular_search&adults=1&check_in=2025-02-18&check_out=2025-02-25&children=0&infants=0&pets=0&source_impression_id=p3_1739910788_P3jYFzX7lPWAMOQE&previous_page_section_name=1000,Arbre du Voyageur - Gîte Coin du Voyageur,Airbnb
,,,,,,,,https://www.airbnb.fr/users/show/212237867,,,Guadeloupe,,,,"Villa PLAGE à  PIED, Piscine,  jardin tropical",,,,,,,,,,,Deshaies,,,,,,,https://www.airbnb.fr/rooms/1071122575188420720?search_mode=regular_search&adults=1&check_in=2025-03-05&check_out=2025-03-11&children=0&infants=0&pets=0&source_impression_id=p3_1739910788_P3u2Nq7G5sM_bZzP&previous_page_section_name=1000,"Villa PLAGE à  PIED, Piscine,  jardin tropical",Airbnb
,,,,,,,,https://www.airbnb.fr/users/show/539982199,,,Guadeloupe,,,,Pura vida lodge cabane perchée,,,,,,,,,,,Deshaies,,,,,,,https://www.airbnb.fr/rooms/993373678112130880?search_mode=regular_search&adults=1&check_in=2025-04-13&check_out=2025-04-18&children=0&infants=0&pets=0&source_impression_id=p3_1739910798_P3mNhKlX5UKshSHn&previous_page_section_name=1000,Pura vida lodge cabane perchée,Airbnb
,,,,,,,,https://www.airbnb.fr/users/show/569373656,,,Guadeloupe,,,,studio rose de jericho deshaies,,,,,,,,,,,Deshaies,,,,,,,https://www.airbnb.fr/rooms/1355252333268547887?search_mode=regular_search&adults=1&check_in=2025-02-18&check_out=2025-02-23&children=0&infants=0&pets=0&source_impression_id=p3_1739910798_P3uaRZgsLJ6xfOZm&previous_page_section_name=1000,studio rose de jericho deshaies,Airbnb
,,,,,,,,https://www.airbnb.fr/users/show/235146686,,,Guadeloupe,,,,Appartement vue  sur baie deshaies 2 personnes,,,,,,,,,,,Deshaies,,,,,,,https://www.airbnb.fr/rooms/40079056?search_mode=regular_search&adults=1&check_in=2025-02-22&check_out=2025-03-01&children=0&infants=0&pets=0&source_impression_id=p3_1739910798_P3reKh8aMVhcV0gG&previous_page_section_name=1000,Appartement vue  sur baie deshaies 2 personnes,Airbnb
,,,,,,,,https://www.airbnb.fr/users/show/253921379,,,Guadeloupe,,,,Entre mer et nature,,,,,,,,,,,Deshaies,,,,,,,https://www.airbnb.fr/rooms/33686954?search_mode=regular_search&adults=1&check_in=2025-02-21&check_out=2025-02-26&children=0&infants=0&pets=0&source_impression_id=p3_1739910798_P3dqevRjUGz1e1yl&previous_page_section_name=1000,Entre mer et nature,Airbnb
,,,,,,,,https://www.airbnb.fr/users/show/125601876,,,Guadeloupe,,,,Studio entre ciel et mer,,,,,,,,,,,Deshaies,,,,,,,https://www.airbnb.fr/rooms/1253770304527009583?search_mode=regular_search&adults=1&check_in=2025-02-19&check_out=2025-02-24&children=0&infants=0&pets=0&source_impression_id=p3_1739910798_P3AloIdCah9lrMBD&previous_page_section_name=1000,Studio entre ciel et mer,Airbnb
,,,,,,,,https://www.airbnb.fr/users/show/26211802,,,Guadeloupe,,,,Du Côté de Chez Swann -  Bungalow Agouti,,,,,,,,,,,Deshaies,,,,,,,https://www.airbnb.fr/rooms/21105276?search_mode=regular_search&adults=1&check_in=2025-05-12&check_out=2025-05-17&children=0&infants=0&pets=0&source_impression_id=p3_1739910798_P3chxf1cNcVwSAtz&previous_page_section_name=1000,Du Côté de Chez Swann -  Bungalow Agouti,Airbnb
,,,,,,,,https://www.airbnb.fr/users/show/676181490,,,Guadeloupe,,,,Chambre d'hôtes Horizon,,,,,,,,,,,Deshaies,,,,,,,https://www.airbnb.fr/rooms/1346169604144259715?search_mode=regular_search&adults=1&category_tag=Tag%3A8678&check_in=2025-02-18&check_out=2025-02-23&children=0&infants=0&pets=0&photo_id=2080789267&source_impression_id=p3_1739910798_P3W_wN89t7d9nJcr&previous_page_section_name=1000,Chambre d'hôtes Horizon,Airbnb
,,,,,,,,https://www.airbnb.fr/users/show/515985845,,,Guadeloupe,,,,Gîte privé,,,,,,,,,,,Deshaies,,,,,,,https://www.airbnb.fr/rooms/1287143578637079878?search_mode=regular_search&adults=1&check_in=2025-02-28&check_out=2025-03-05&children=0&infants=0&pets=0&source_impression_id=p3_1739910798_P3lS5zYawGZ64ub2&previous_page_section_name=1000,Gîte privé,Airbnb
,,,,,,,,https://www.airbnb.fr/users/show/10474683,,,Guadeloupe,,,,villa Papaye et Colibri magnifique vue mer,,,,,,,,,,,Deshaies,,,,,,,https://www.airbnb.fr/rooms/911764477274648469?search_mode=regular_search&adults=1&check_in=2025-03-02&check_out=2025-03-07&children=0&infants=0&pets=0&source_impression_id=p3_1739910798_P3uHk7edtp2oMjf_&previous_page_section_name=1000,villa Papaye et Colibri magnifique vue mer,Airbnb
,,,,,,,,https://www.airbnb.fr/users/show/595598252,,,Guadeloupe,,,,Bungalow au cœur des arbres,,,,,,,,,,,Deshaies,,,,,,,https://www.airbnb.fr/rooms/1221163353040632520?search_mode=regular_search&adults=1&check_in=2025-04-10&check_out=2025-04-15&children=0&infants=0&pets=0&source_impression_id=p3_1739910798_P3W_Q6Sa8gPw9dtr&previous_page_section_name=1000,Bungalow au cœur des arbres,Airbnb
,,,,,,,,https://www.airbnb.fr/users/show/66136086,,,Guadeloupe,,,,"A deux pas de la plage, chambre confortable + SDB",,,,,,,,,,,Deshaies,,,,,,,https://www.airbnb.fr/rooms/13380205?search_mode=regular_search&adults=1&category_tag=Tag%3A8678&check_in=2025-02-21&check_out=2025-02-26&children=0&infants=0&pets=0&photo_id=1175661101&source_impression_id=p3_1739910798_P3MRllgi3JHUKzO8&previous_page_section_name=1000,"A deux pas de la plage, chambre confortable + SDB",Airbnb
,,,,,,,,https://www.airbnb.fr/users/show/552539987,,,Guadeloupe,,,,Moderne Lodge Tropical,,,,,,,,,,,Deshaies,,,,,,,https://www.airbnb.fr/rooms/1054319048820755918?search_mode=regular_search&adults=1&check_in=2025-03-10&check_out=2025-03-15&children=0&infants=0&pets=0&source_impression_id=p3_1739910798_P3vGmCOFo_PIzlNM&previous_page_section_name=1000,Moderne Lodge Tropical,Airbnb
,,,,,,,,https://www.airbnb.fr/users/show/37358806,,,Guadeloupe,,,,APPARTEMENT ENSOLEILLE 5MM PLAGE,,,,,,,,,,,Deshaies,,,,,,,https://www.airbnb.fr/rooms/11237359?search_mode=regular_search&adults=1&check_in=2025-04-03&check_out=2025-04-08&children=0&infants=0&pets=0&source_impression_id=p3_1739910798_P3dM00Ad91AusQYF&previous_page_section_name=1000,APPARTEMENT ENSOLEILLE 5MM PLAGE,Airbnb
,,,,,,,,https://www.airbnb.fr/users/show/457580452,,,Guadeloupe,,,,Escapade à Deshaies,,,,,,,,,,,Deshaies,,,,,,,https://www.airbnb.fr/rooms/1354960821293583708?search_mode=regular_search&adults=1&check_in=2025-02-20&check_out=2025-02-25&children=0&infants=0&pets=0&source_impression_id=p3_1739910798_P3U-sZw3K71GPoms&previous_page_section_name=1000,Escapade à Deshaies,Airbnb
,,,,,,,,https://www.airbnb.fr/users/show/324822512,,,Guadeloupe,,,,K-WAN Hostel / Studio tout confort - Proche plages,,,,,,,,,,,Deshaies,,,,,,,https://www.airbnb.fr/rooms/633873689710731219?search_mode=regular_search&adults=1&check_in=2025-02-21&check_out=2025-02-26&children=0&infants=0&pets=0&source_impression_id=p3_1739910798_P3v0eJB2Zg0OGKng&previous_page_section_name=1000,K-WAN Hostel / Studio tout confort - Proche plages,Airbnb
,,,,,,,,https://www.airbnb.fr/users/show/38794623,,,Guadeloupe,,,,VILLA VIGIE,,,,,,,,,,,Deshaies,,,,,,,https://www.airbnb.fr/rooms/7403481?search_mode=regular_search&adults=1&check_in=2025-04-29&check_out=2025-05-04&children=0&infants=0&pets=0&source_impression_id=p3_1739910798_P3NlWTnS_NxnggJt&previous_page_section_name=1000,VILLA VIGIE,Airbnb
,,,,,,,,https://www.airbnb.fr/users/show/676751590,,,Guadeloupe,,,,Bungalow bois nature et jacuzzi,,,,,,,,,,,Deshaies,,,,,,,https://www.airbnb.fr/rooms/1348480664755204746?search_mode=regular_search&adults=1&check_in=2025-02-19&check_out=2025-02-24&children=0&infants=0&pets=0&source_impression_id=p3_1739910798_P3-SmGX6p4uq2YeF&previous_page_section_name=1000,Bungalow bois nature et jacuzzi,Airbnb
,,,,,,,,https://www.airbnb.fr/users/show/672703729,,,Guadeloupe,,,,Villa Nia avec vue d'exception,,,,,,,,,,,Deshaies,,,,,,,https://www.airbnb.fr/rooms/1334713666174796458?search_mode=regular_search&adults=1&check_in=2025-04-28&check_out=2025-05-03&children=0&infants=0&pets=0&source_impression_id=p3_1739910798_P321ZT7r_oWDVYJj&previous_page_section_name=1000,Villa Nia avec vue d'exception,Airbnb
,,,,,,,,https://www.airbnb.fr/users/show/307841738,,,Guadeloupe,,,,Bungalow sur pilotis vue mer,,,,,,,,,,,Deshaies,,,,,,,https://www.airbnb.fr/rooms/1038235942118170041?search_mode=regular_search&adults=1&check_in=2025-03-27&check_out=2025-04-01&children=0&infants=0&pets=0&source_impression_id=p3_1739910802_P33gqLb64qM90Z5N&previous_page_section_name=1000,Bungalow sur pilotis vue mer,Airbnb
,,,,,,,,https://www.airbnb.fr/users/show/676751590,,,Guadeloupe,,,,Bungalow bois nature et jacuzzi,,,,,,,,,,,Deshaies,,,,,,,https://www.airbnb.fr/rooms/1348480664755204746?search_mode=regular_search&adults=1&check_in=2025-02-19&check_out=2025-02-24&children=0&infants=0&pets=0&source_impression_id=p3_1739910802_P37EqGVKCNVoqhj1&previous_page_section_name=1000,Bungalow bois nature et jacuzzi,Airbnb
,,,,,,,,https://www.airbnb.fr/users/show/10818636,,,Guadeloupe,,,,"Villa vue mer, piscine, La Poudrière",,,,,,,,,,,Deshaies,,,,,,,https://www.airbnb.fr/rooms/49328031?search_mode=regular_search&adults=1&check_in=2025-04-20&check_out=2025-04-26&children=0&infants=0&pets=0&source_impression_id=p3_1739910802_P3GGIv3OSIW-K4Jx&previous_page_section_name=1000,"Villa vue mer, piscine, La Poudrière",Airbnb
,,,,,,,,https://www.airbnb.fr/users/show/252564464,,,Guadeloupe,,,,Le Morne aux Fous - La Frégate,,,,,,,,,,,Deshaies,,,,,,,https://www.airbnb.fr/rooms/1302484953876496684?search_mode=regular_search&adults=1&check_in=2025-03-06&check_out=2025-03-11&children=0&infants=0&pets=0&source_impression_id=p3_1739910802_P3o19b-TkrkFC73u&previous_page_section_name=1000,Le Morne aux Fous - La Frégate,Airbnb
,,,,,,,,https://www.airbnb.fr/users/show/569373656,,,Guadeloupe,,,,appartement la rose de jericho deshaies,,,,,,,,,,,Deshaies,,,,,,,https://www.airbnb.fr/rooms/1354261457874628805?search_mode=regular_search&adults=1&check_in=2025-02-18&check_out=2025-02-23&children=0&infants=0&pets=0&source_impression_id=p3_1739910802_P3O-8N8GECaO93wO&previous_page_section_name=1000,appartement la rose de jericho deshaies,Airbnb
,,,,,,,,https://www.airbnb.fr/users/show/9241469,,,Guadeloupe,,,,La Belle Vue : Grand studio vues et accès 4 plages,,,,,,,,,,,Deshaies,,,,,,,https://www.airbnb.fr/rooms/937627661810664656?search_mode=regular_search&adults=1&check_in=2025-04-03&check_out=2025-04-08&children=0&infants=0&pets=0&source_impression_id=p3_1739910802_P3llT1wmCudKz1jQ&previous_page_section_name=1000,La Belle Vue : Grand studio vues et accès 4 plages,Airbnb
,,,,,,,,https://www.airbnb.fr/users/show/26211802,,,Guadeloupe,,,,Du Côté de Chez Swann - Bungalow Manatee,,,,,,,,,,,Deshaies,,,,,,,https://www.airbnb.fr/rooms/20416262?search_mode=regular_search&adults=1&check_in=2025-05-04&check_out=2025-05-09&children=0&infants=0&pets=0&source_impression_id=p3_1739910802_P3VDTnD_gp20553w&previous_page_section_name=1000,Du Côté de Chez Swann - Bungalow Manatee,Airbnb
,,,,,,,,https://www.airbnb.fr/users/show/548716978,,,Guadeloupe,,,,La Tête de la girafe,,,,,,,,,,,Deshaies,,,,,,,https://www.airbnb.fr/rooms/1035568799250878452?search_mode=regular_search&adults=1&check_in=2025-05-17&check_out=2025-05-22&children=0&infants=0&pets=0&source_impression_id=p3_1739910802_P3vSehnApuGF_DV_&previous_page_section_name=1000,La Tête de la girafe,Airbnb
,,,,,,,,https://www.airbnb.fr/users/show/335464118,,,Guadeloupe,,,,Grand Studio « La Marguerite »,,,,,,,,,,,Deshaies,,,,,,,https://www.airbnb.fr/rooms/1339032111247063462?search_mode=regular_search&adults=1&check_in=2025-02-18&check_out=2025-02-23&children=0&infants=0&pets=0&source_impression_id=p3_1739910802_P371FheYxzjhnnNU&previous_page_section_name=1000,Grand Studio « La Marguerite »,Airbnb
,,,,,,,,https://www.airbnb.fr/users/show/211629339,,,Guadeloupe,,,,côté mer,,,,,,,,,,,Deshaies,,,,,,,https://www.airbnb.fr/rooms/28278003?search_mode=regular_search&adults=1&check_in=2025-03-27&check_out=2025-04-01&children=0&infants=0&pets=0&source_impression_id=p3_1739910802_P350_qTvT7_4mOxx&previous_page_section_name=1000,côté mer,Airbnb
,,,,,,,,https://www.airbnb.fr/users/show/212237867,,,Guadeloupe,,,,"Kaz Caraïbe, PLAGE à PIED, entre Mer & Rivière",,,,,,,,,,,Deshaies,,,,,,,https://www.airbnb.fr/rooms/976006621746601333?search_mode=regular_search&adults=1&check_in=2025-05-18&check_out=2025-05-23&children=0&infants=0&pets=0&source_impression_id=p3_1739910802_P38etRiiX0EOrcm5&previous_page_section_name=1000,"Kaz Caraïbe, PLAGE à PIED, entre Mer & Rivière",Airbnb
,,,,,,,,https://www.airbnb.fr/users/show/486884350,,,Guadeloupe,,,,Appartement avec grande piscine,,,,,,,,,,,Deshaies,,,,,,,https://www.airbnb.fr/rooms/1349623415509397887?search_mode=regular_search&adults=1&check_in=2025-03-02&check_out=2025-03-07&children=0&infants=0&pets=0&source_impression_id=p3_1739910802_P3Oo3aURemzlJiiW&previous_page_section_name=1000,Appartement avec grande piscine,Airbnb
,,,,,,,,https://www.airbnb.fr/users/show/232445637,,,Guadeloupe,,,,ptit coin hibiscus,,,,,,,,,,,Deshaies,,,,,,,https://www.airbnb.fr/rooms/705035305033528360?search_mode=regular_search&adults=1&check_in=2025-02-18&check_out=2025-02-23&children=0&infants=0&pets=0&source_impression_id=p3_1739910802_P3pGk2i6nJKZv0VD&previous_page_section_name=1000,ptit coin hibiscus,Airbnb
,,,,,,,,https://www.airbnb.fr/users/show/307621344,,,Guadeloupe,,,,Westwood Kaloucaera,,,,,,,,,,,Deshaies,,,,,,,https://www.airbnb.fr/rooms/1299433353270091389?search_mode=regular_search&adults=1&check_in=2025-02-18&check_out=2025-02-23&children=0&infants=0&pets=0&source_impression_id=p3_1739910802_P3hi8_oUMPw80Lr0&previous_page_section_name=1000,Westwood Kaloucaera,Airbnb
,,,,,,,,https://www.airbnb.fr/users/show/270099189,,,Guadeloupe,,,,Bungalow le fruit à pain,,,,,,,,,,,Deshaies,,,,,,,https://www.airbnb.fr/rooms/1289334027549708961?search_mode=regular_search&adults=1&check_in=2025-02-20&check_out=2025-02-25&children=0&infants=0&pets=0&source_impression_id=p3_1739910802_P32rxmkep-0i27nn&previous_page_section_name=1000,Bungalow le fruit à pain,Airbnb
,,,,,,,,https://www.airbnb.fr/users/show/34694718,,,Guadeloupe,,,,Ferry Blue,,,,,,,,,,,Deshaies,,,,,,,https://www.airbnb.fr/rooms/22566128?search_mode=regular_search&adults=1&check_in=2025-05-04&check_out=2025-05-09&children=0&infants=0&pets=0&source_impression_id=p3_1739910802_P3Wv2wbARHTi4ZYS&previous_page_section_name=1000,Ferry Blue,Airbnb
,,,,,,,,https://www.airbnb.fr/users/show/585333492,,,Guadeloupe,,,,Ô Soleil,,,,,,,,,,,Deshaies,,,,,,,https://www.airbnb.fr/rooms/1185789408141226871?search_mode=regular_search&adults=1&check_in=2025-02-20&check_out=2025-02-25&children=0&infants=0&pets=0&source_impression_id=p3_1739910802_P3sR4wol69IZolGo&previous_page_section_name=1000,Ô Soleil,Airbnb
,,,,,,,,https://www.airbnb.fr/users/show/76387059,,,Guadeloupe,,,,"studio climatisé tout confort ""vert""",,,,,,,,,,,Deshaies,,,,,,,https://www.airbnb.fr/rooms/1336852360294444781?search_mode=regular_search&adults=1&check_in=2025-02-19&check_out=2025-02-24&children=0&infants=0&pets=0&source_impression_id=p3_1739910834_P3wr0ZEDscugAZv4&previous_page_section_name=1000,"studio climatisé tout confort ""vert""",Airbnb
,,,,,,,,https://www.airbnb.fr/users/show/76732729,,,Guadeloupe,,,,dolce Cabana,,,,,,,,,,,Deshaies,,,,,,,https://www.airbnb.fr/rooms/1057374401856159871?search_mode=regular_search&adults=1&check_in=2025-02-20&check_out=2025-02-25&children=0&infants=0&pets=0&source_impression_id=p3_1739910834_P3OrTS1Is7drFTlA&previous_page_section_name=1000,dolce Cabana,Airbnb
,,,,,,,,https://www.airbnb.fr/users/show/472936930,,,Guadeloupe,,,,Bungalow au coeur des bambous 1,,,,,,,,,,,Deshaies,,,,,,,https://www.airbnb.fr/rooms/684738022008420211?search_mode=regular_search&adults=1&check_in=2025-03-05&check_out=2025-03-10&children=0&infants=0&pets=0&source_impression_id=p3_1739910834_P3piLRtFuxSlyvB5&previous_page_section_name=1000,Bungalow au coeur des bambous 1,Airbnb
,,,,,,,,https://www.airbnb.fr/users/show/548260225,,,Guadeloupe,,,,"hébergement Bel Bo vue mer, un accès direct plage",,,,,,,,,,,Deshaies,,,,,,,https://www.airbnb.fr/rooms/1203765655736193620?search_mode=regular_search&adults=1&check_in=2025-05-06&check_out=2025-05-11&children=0&infants=0&pets=0&source_impression_id=p3_1739910821_P3qMIV0tSwLJIbkj&previous_page_section_name=1000,"hébergement Bel Bo vue mer, un accès direct plage",Airbnb
,,,,,,,,https://www.airbnb.fr/users/show/27255821,,,Guadeloupe,,,,Cottage Honoré Paradise Deshaies,,,,,,,,,,,Deshaies,,,,,,,https://www.airbnb.fr/rooms/1155932424670138361?search_mode=regular_search&adults=1&check_in=2025-04-07&check_out=2025-04-12&children=0&infants=0&pets=0&source_impression_id=p3_1739910817_P35AKZ6Gyvm5cP7e&previous_page_section_name=1000,Cottage Honoré Paradise Deshaies,Airbnb
,,,,,,,,https://www.airbnb.fr/users/show/94089168,,,Guadeloupe,,,,Séjour Unique à Bord : Confort et Charme sur l’Eau,,,,,,,,,,,Deshaies,,,,,,,https://www.airbnb.fr/rooms/1325500577448482029?search_mode=regular_search&adults=1&check_in=2025-02-28&check_out=2025-03-05&children=0&infants=0&pets=0&source_impression_id=p3_1739910817_P3drCrZnreX977aT&previous_page_section_name=1000,Séjour Unique à Bord : Confort et Charme sur l’Eau,Airbnb
,,,,,,,,https://www.airbnb.fr/users/show/509291081,,,Guadeloupe,,,,"Éden Cottage, charmant bungalow",,,,,,,,,,,Deshaies,,,,,,,https://www.airbnb.fr/rooms/1287183111325130120?search_mode=regular_search&adults=1&check_in=2025-02-19&check_out=2025-02-24&children=0&infants=0&pets=0&source_impression_id=p3_1739910817_P3arNCyhshhCg77F&previous_page_section_name=1000,"Éden Cottage, charmant bungalow",Airbnb
,,,,,,,,https://www.airbnb.fr/users/show/280289497,,,Guadeloupe,,,,"Habitation Rouge Banane, gîte Kaz Musa",,,,,,,,,,,Deshaies,,,,,,,https://www.airbnb.fr/rooms/37923555?search_mode=regular_search&adults=1&check_in=2025-03-11&check_out=2025-03-17&children=0&infants=0&pets=0&source_impression_id=p3_1739910817_P3IKUKpFw15_oCj6&previous_page_section_name=1000,"Habitation Rouge Banane, gîte Kaz Musa",Airbnb
,,,,,,,,https://www.airbnb.fr/users/show/102834881,,,Guadeloupe,,,,L'ALIZÉE SPA**** (WIFI+NETFLIX+JACCUZZI+VUE MER),,,,,,,,,,,Deshaies,,,,,,,https://www.airbnb.fr/rooms/32963353?search_mode=regular_search&adults=1&check_in=2025-02-23&check_out=2025-02-28&children=0&infants=0&pets=0&source_impression_id=p3_1739910817_P3gxj7Br7rTA18uZ&previous_page_section_name=1000,L'ALIZÉE SPA**** (WIFI+NETFLIX+JACCUZZI+VUE MER),Airbnb
,,,,,,,,https://www.airbnb.fr/users/show/479584877,,,Guadeloupe,,,,Superbe Appartement Vue Mer.,,,,,,,,,,,Deshaies,,,,,,,https://www.airbnb.fr/rooms/1348749532470804627?search_mode=regular_search&adults=1&check_in=2025-02-24&check_out=2025-03-01&children=0&infants=0&pets=0&source_impression_id=p3_1739910817_P3tcq1e_umSms0Xc&previous_page_section_name=1000,Superbe Appartement Vue Mer.,Airbnb
,,,,,,,,https://www.airbnb.fr/users/show/128008169,,,Guadeloupe,,,,Le Bungalow de Rorose,,,,,,,,,,,Deshaies,,,,,,,https://www.airbnb.fr/rooms/21472744?search_mode=regular_search&adults=1&check_in=2025-02-20&check_out=2025-02-25&children=0&infants=0&pets=0&source_impression_id=p3_1739910817_P3aYNnMODJkC_Jmh&previous_page_section_name=1000,Le Bungalow de Rorose,Airbnb
,,,,,,,,https://www.airbnb.fr/users/show/532891729,,,Guadeloupe,,,,11- Location intimiste 4*-Vue mer-Piscine Jacuzzi,,,,,,,,,,,Deshaies,,,,,,,https://www.airbnb.fr/rooms/962223694339228858?search_mode=regular_search&adults=1&check_in=2025-03-05&check_out=2025-03-10&children=0&infants=0&pets=0&source_impression_id=p3_1739910817_P3u0k0aMUY44bChy&previous_page_section_name=1000,11- Location intimiste 4*-Vue mer-Piscine Jacuzzi,Airbnb
,,,,,,,,https://www.airbnb.fr/users/show/658955255,,,Guadeloupe,,,,Sérénité en Bord de Mer,,,,,,,,,,,Deshaies,,,,,,,https://www.airbnb.fr/rooms/1275475327733728607?search_mode=regular_search&adults=1&check_in=2025-02-22&check_out=2025-02-27&children=0&infants=0&pets=0&source_impression_id=p3_1739910817_P3uqchUbJ1mhL4aK&previous_page_section_name=1000,Sérénité en Bord de Mer,Airbnb
,,,,,,,,https://www.airbnb.fr/users/show/326651641,,,Guadeloupe,,,,Bungalow climatisé avec jacuzzi privatif,,,,,,,,,,,Deshaies,,,,,,,https://www.airbnb.fr/rooms/918271167338998021?search_mode=regular_search&adults=1&check_in=2025-05-11&check_out=2025-05-16&children=0&infants=0&pets=0&source_impression_id=p3_1739910817_P3y3l33IV3i0L6on&previous_page_section_name=1000,Bungalow climatisé avec jacuzzi privatif,Airbnb
,,,,,,,,https://www.airbnb.fr/users/show/326651641,,,Guadeloupe,,,,Bungalow climatisé avec jacuzzi privatif,,,,,,,,,,,Deshaies,,,,,,,https://www.airbnb.fr/rooms/918271167338998021?search_mode=regular_search&adults=1&check_in=2025-05-11&check_out=2025-05-16&children=0&infants=0&pets=0&source_impression_id=p3_1739910821_P3Xa6TcEKQR1LtV-&previous_page_section_name=1000,Bungalow climatisé avec jacuzzi privatif,Airbnb
,,,,,,,,https://www.airbnb.fr/users/show/490362355,,,Guadeloupe,,,,La perle Beach house in Deshaies,,,,,,,,,,,Deshaies,,,,,,,https://www.airbnb.fr/rooms/775438910778401417?search_mode=regular_search&adults=1&check_in=2025-03-25&check_out=2025-03-30&children=0&infants=0&pets=0&source_impression_id=p3_1739910817_P33oHV7k8es7pg5F&previous_page_section_name=1000,La perle Beach house in Deshaies,Airbnb
,,,,,,,,https://www.airbnb.fr/users/show/211875708,,,Guadeloupe,,,,VILLA PALMIER ROYAL,,,,,,,,,,,Deshaies,,,,,,,https://www.airbnb.fr/rooms/28048444?search_mode=regular_search&adults=1&check_in=2025-03-01&check_out=2025-03-06&children=0&infants=0&pets=0&source_impression_id=p3_1739910821_P3UuPlAdfaVg961h&previous_page_section_name=1000,VILLA PALMIER ROYAL,Airbnb
,,,,,,,,https://www.airbnb.fr/users/show/104523865,,,Guadeloupe,,,,Bungalow jumelé vue sur mer,,,,,,,,,,,Deshaies,,,,,,,https://www.airbnb.fr/rooms/16465685?search_mode=regular_search&adults=1&check_in=2025-02-28&check_out=2025-03-05&children=0&infants=0&pets=0&source_impression_id=p3_1739910817_P3E64rO1azzzok6E&previous_page_section_name=1000,Bungalow jumelé vue sur mer,Airbnb
,,,,,,,,https://www.airbnb.fr/users/show/582935811,,,Guadeloupe,,,,"""Rhodiola"" superbe  T2 vue panoramique Grande Anse",,,,,,,,,,,Deshaies,,,,,,,https://www.airbnb.fr/rooms/1208697178211344308?search_mode=regular_search&adults=1&check_in=2025-03-23&check_out=2025-03-28&children=0&infants=0&pets=0&source_impression_id=p3_1739910821_P36uzL6O8STzkKc-&previous_page_section_name=1000,"""Rhodiola"" superbe  T2 vue panoramique Grande Anse",Airbnb
,,,,,,,,https://www.airbnb.fr/users/show/463450575,,,Guadeloupe,,,,Studio Sunset Bay Deshaies,,,,,,,,,,,Deshaies,,,,,,,https://www.airbnb.fr/rooms/804324707136624424?search_mode=regular_search&adults=1&check_in=2025-02-28&check_out=2025-03-05&children=0&infants=0&pets=0&source_impression_id=p3_1739910817_P3m2EHa7xgoMHy00&previous_page_section_name=1000,Studio Sunset Bay Deshaies,Airbnb
,,,,,,,,https://www.airbnb.fr/users/show/37665884,,,Guadeloupe,,,,Villa moderne à Deshaies,,,,,,,,,,,Deshaies,,,,,,,https://www.airbnb.fr/rooms/1227468190205603181?search_mode=regular_search&adults=1&check_in=2025-03-03&check_out=2025-03-08&children=0&infants=0&pets=0&source_impression_id=p3_1739910821_P3QcKq1tyUlOsyxC&previous_page_section_name=1000,Villa moderne à Deshaies,Airbnb
,,,,,,,,https://www.airbnb.fr/users/show/382851104,,,Guadeloupe,,,,la kaz a grenade oasis de calme et de tranquillité,,,,,,,,,,,Deshaies,,,,,,,https://www.airbnb.fr/rooms/47426084?search_mode=regular_search&adults=1&check_in=2025-02-18&check_out=2025-02-23&children=0&infants=0&pets=0&source_impression_id=p3_1739910821_P3exl-RBiNis_s-Z&previous_page_section_name=1000,la kaz a grenade oasis de calme et de tranquillité,Airbnb
,,,,,,,,https://www.airbnb.fr/users/show/125062680,,,Guadeloupe,,,,"Mer, Nature et Coucher de Soleil",,,,,,,,,,,Deshaies,,,,,,,https://www.airbnb.fr/rooms/24055404?search_mode=regular_search&adults=1&category_tag=Tag%3A8678&check_in=2025-03-29&check_out=2025-04-03&children=0&infants=0&pets=0&photo_id=469988681&source_impression_id=p3_1739910817_P3n_yLpC1lxbqd93&previous_page_section_name=1000,"Mer, Nature et Coucher de Soleil",Airbnb
,,,,,,,,https://www.airbnb.fr/users/show/662302057,,,Guadeloupe,,,,Au vent des Alizes - 2chambres/2 sdb - plage à 2mn,,,,,,,,,,,Deshaies,,,,,,,https://www.airbnb.fr/rooms/1294863838618144000?search_mode=regular_search&adults=1&check_in=2025-03-13&check_out=2025-03-18&children=0&infants=0&pets=0&source_impression_id=p3_1739910817_P3wP3VKnHhUtV6jc&previous_page_section_name=1000,Au vent des Alizes - 2chambres/2 sdb - plage à 2mn,Airbnb
,,,,,,,,https://www.airbnb.fr/users/show/14030955,,,Guadeloupe,,,,Studio,,,,,,,,,,,Deshaies,,,,,,,https://www.airbnb.fr/rooms/989372406959357129?search_mode=regular_search&adults=1&check_in=2025-02-19&check_out=2025-02-24&children=0&infants=0&pets=0&source_impression_id=p3_1739910821_P3Ae4skT_Dn8SO6R&previous_page_section_name=1000,Studio,Airbnb
,,,,,,,,https://www.airbnb.fr/users/show/158828710,,,Guadeloupe,,,,"Le P'tit Oasis: pr 2, Vues Mer et Montagne,Piscine",,,,,,,,,,,Deshaies,,,,,,,https://www.airbnb.fr/rooms/1098104380419571382?search_mode=regular_search&adults=1&check_in=2025-05-28&check_out=2025-06-02&children=0&infants=0&pets=0&source_impression_id=p3_1739910817_P3UNUCQ8MeTq4g1_&previous_page_section_name=1000,"Le P'tit Oasis: pr 2, Vues Mer et Montagne,Piscine",Airbnb
,,,,,,,,https://www.airbnb.fr/users/show/501949808,,,Guadeloupe,,,,Charmante maison pacifique,,,,,,,,,,,Deshaies,,,,,,,https://www.airbnb.fr/rooms/1307904378990723082?search_mode=regular_search&adults=1&check_in=2025-02-25&check_out=2025-03-02&children=0&infants=0&pets=0&source_impression_id=p3_1739910821_P3u-nUhmpE8J8jCh&previous_page_section_name=1000,Charmante maison pacifique,Airbnb
,,,,,,,,https://www.airbnb.fr/users/show/85467216,,,Guadeloupe,,,,Villa  Deshaies 100m de la plage de Grande Anse,,,,,,,,,,,Deshaies,,,,,,,https://www.airbnb.fr/rooms/15756196?search_mode=regular_search&adults=1&check_in=2025-03-01&check_out=2025-03-06&children=0&infants=0&pets=0&source_impression_id=p3_1739910817_P3I4cirSZ0lZYjW9&previous_page_section_name=1000,Villa  Deshaies 100m de la plage de Grande Anse,Airbnb
,,,,,,,,https://www.airbnb.fr/users/show/414273615,,,Guadeloupe,,,,Ylang Ylang bas de villa vue mer 800m de la plage,,,,,,,,,,,Deshaies,,,,,,,https://www.airbnb.fr/rooms/51185961?search_mode=regular_search&adults=1&check_in=2025-04-06&check_out=2025-04-11&children=0&infants=0&pets=0&source_impression_id=p3_1739910821_P3dpObTJeEPT0qr8&previous_page_section_name=1000,Ylang Ylang bas de villa vue mer 800m de la plage,Airbnb
,,,,,,,,https://www.airbnb.fr/users/show/110821648,,,Guadeloupe,,,,La Kaz à Moïse (bungalow),,,,,,,,,,,Deshaies,,,,,,,https://www.airbnb.fr/rooms/16720891?search_mode=regular_search&adults=1&check_in=2025-02-26&check_out=2025-03-03&children=0&infants=0&pets=0&source_impression_id=p3_1739910817_P3GJH6g0Kptj_u7J&previous_page_section_name=1000,La Kaz à Moïse (bungalow),Airbnb
,,,,,,,,https://www.airbnb.fr/users/show/79564366,,,Guadeloupe,,,,Studio dans la Corniche d'or,,,,,,,,,,,Deshaies,,,,,,,https://www.airbnb.fr/rooms/1342995952491360294?search_mode=regular_search&adults=1&check_in=2025-03-03&check_out=2025-03-08&children=0&infants=0&pets=0&source_impression_id=p3_1739910834_P30g9ct29JHVw8zo&previous_page_section_name=1000,Studio dans la Corniche d'or,Airbnb
,,,,,,,,https://www.airbnb.fr/users/show/468589860,,,Guadeloupe,,,,Au Confort d’Armantine,,,,,,,,,,,Deshaies,,,,,,,https://www.airbnb.fr/rooms/667580534924425049?search_mode=regular_search&adults=1&check_in=2025-02-23&check_out=2025-02-28&children=0&infants=0&pets=0&source_impression_id=p3_1739910834_P305V1GEV9iGY5KJ&previous_page_section_name=1000,Au Confort d’Armantine,Airbnb
,,,,,,,,https://www.airbnb.fr/users/show/31574571,,,Guadeloupe,,,,"Duplex vue mer, jacuzzi privé - Deshaies",,,,,,,,,,,Deshaies,,,,,,,https://www.airbnb.fr/rooms/952116549567322071?search_mode=regular_search&adults=1&check_in=2025-03-26&check_out=2025-03-31&children=0&infants=0&pets=0&source_impression_id=p3_1739910827_P31pNOmYDjHhxp3E&previous_page_section_name=1000,"Duplex vue mer, jacuzzi privé - Deshaies",Airbnb
,,,,,,,,https://www.airbnb.fr/users/show/509623968,,,Guadeloupe,,,,Appartement vu sur Mer,,,,,,,,,,,Deshaies,,,,,,,https://www.airbnb.fr/rooms/867489373054208620?search_mode=regular_search&adults=1&check_in=2025-03-25&check_out=2025-03-30&children=0&infants=0&pets=0&source_impression_id=p3_1739910827_P3d_VJCNH7vW3Woj&previous_page_section_name=1000,Appartement vu sur Mer,Airbnb
,,,,,,,,https://www.airbnb.fr/users/show/235232757,,,Guadeloupe,,,,La petite Perle,,,,,,,,,,,Deshaies,,,,,,,https://www.airbnb.fr/rooms/31405625?search_mode=regular_search&adults=1&check_in=2025-04-11&check_out=2025-04-16&children=0&infants=0&pets=0&source_impression_id=p3_1739910810_P3JZOl7BMHZAmXca&previous_page_section_name=1000,La petite Perle,Airbnb
,,,,,,,,https://www.airbnb.fr/users/show/556532055,,,Guadeloupe,,,,Villa Cachiman,,,,,,,,,,,Deshaies,,,,,,,https://www.airbnb.fr/rooms/1069014313680639788?search_mode=regular_search&adults=1&check_in=2025-02-20&check_out=2025-02-25&children=0&infants=0&pets=0&source_impression_id=p3_1739910827_P3E4rSCl1Yjl-rZA&previous_page_section_name=1000,Villa Cachiman,Airbnb
,,,,,,,,https://www.airbnb.fr/users/show/665967237,,,Guadeloupe,,,,Vue sur la baie et accès plage,,,,,,,,,,,Deshaies,,,,,,,https://www.airbnb.fr/rooms/1307127506589843337?search_mode=regular_search&adults=1&check_in=2025-03-18&check_out=2025-03-23&children=0&infants=0&pets=0&source_impression_id=p3_1739910827_P39HEtGJVU0w21YD&previous_page_section_name=1000,Vue sur la baie et accès plage,Airbnb
,,,,,,,,https://www.airbnb.fr/users/show/457352368,,,Guadeloupe,,,,KaK location les pieds dans l'eau,,,,,,,,,,,Deshaies,,,,,,,https://www.airbnb.fr/rooms/618995350601489244?search_mode=regular_search&adults=1&check_in=2025-06-19&check_out=2025-06-24&children=0&infants=0&pets=0&source_impression_id=p3_1739910805_P3_4VSI8E8VsMJ6m&previous_page_section_name=1000,KaK location les pieds dans l'eau,Airbnb
,,,,,,,,https://www.airbnb.fr/users/show/432114611,,,Guadeloupe,,,,Maison à Sainte-Rose,,,,,,,,,,,Deshaies,,,,,,,https://www.airbnb.fr/rooms/1355050830516505464?search_mode=regular_search&adults=1&check_in=2025-03-31&check_out=2025-04-05&children=0&infants=0&pets=0&source_impression_id=p3_1739910827_P3PdZpYF9IF7qZx5&previous_page_section_name=1000,Maison à Sainte-Rose,Airbnb
,,,,,,,,https://www.airbnb.fr/users/show/432786942,,,Guadeloupe,,,,Bungalow climatisé à Deshaies.,,,,,,,,,,,Deshaies,,,,,,,https://www.airbnb.fr/rooms/1181943216856703941?search_mode=regular_search&adults=1&check_in=2025-02-20&check_out=2025-02-25&children=0&infants=0&pets=0&source_impression_id=p3_1739910805_P3aRc51DDGNHDM6k&previous_page_section_name=1000,Bungalow climatisé à Deshaies.,Airbnb
,,,,,,,,https://www.airbnb.fr/users/show/663387906,,,Guadeloupe,,,,"Le Passion ,T2 cosy avec vue mer imprenable",,,,,,,,,,,Deshaies,,,,,,,https://www.airbnb.fr/rooms/1298090688514542978?search_mode=regular_search&adults=1&check_in=2025-04-22&check_out=2025-04-27&children=0&infants=0&pets=0&source_impression_id=p3_1739910827_P3ozvI7Igr9Yu4l-&previous_page_section_name=1000,"Le Passion ,T2 cosy avec vue mer imprenable",Airbnb
,,,,,,,,https://www.airbnb.fr/users/show/478577636,,,Guadeloupe,,,,Bungalow Ti plezi,,,,,,,,,,,Deshaies,,,,,,,https://www.airbnb.fr/rooms/963110258466480303?search_mode=regular_search&adults=1&check_in=2025-04-04&check_out=2025-04-09&children=0&infants=0&pets=0&source_impression_id=p3_1739910805_P3OP0YsXPeUk0ER-&previous_page_section_name=1000,Bungalow Ti plezi,Airbnb
,,,,,,,,https://www.airbnb.fr/users/show/573661106,,,Guadeloupe,,,,L'AlthéaBleu,,,,,,,,,,,Deshaies,,,,,,,https://www.airbnb.fr/rooms/1321102985471472907?search_mode=regular_search&adults=1&check_in=2025-02-21&check_out=2025-02-26&children=0&infants=0&pets=0&source_impression_id=p3_1739910827_P315XwZoktC_a3C1&previous_page_section_name=1000,L'AlthéaBleu,Airbnb
,,,,,,,,https://www.airbnb.fr/users/show/267201569,,,Guadeloupe,,,,"Bungalow proche Deshaies (spa, wifi, netflix)",,,,,,,,,,,Deshaies,,,,,,,https://www.airbnb.fr/rooms/1337533165866871021?search_mode=regular_search&adults=1&check_in=2025-02-18&check_out=2025-02-23&children=0&infants=0&pets=0&source_impression_id=p3_1739910805_P3lH4o7F7eT-XPlx&previous_page_section_name=1000,"Bungalow proche Deshaies (spa, wifi, netflix)",Airbnb
,,,,,,,,https://www.airbnb.fr/users/show/560704896,,,Guadeloupe,,,,CosyLife Ste-Rose vue Sofaïa - Chambre 2,,,,,,,,,,,Deshaies,,,,,,,https://www.airbnb.fr/rooms/1105609441297301489?search_mode=regular_search&adults=1&category_tag=Tag%3A8678&check_in=2025-02-18&check_out=2025-02-23&children=0&infants=0&pets=0&photo_id=1854382832&source_impression_id=p3_1739910827_P3vXF04JtvP9czhE&previous_page_section_name=1000,CosyLife Ste-Rose vue Sofaïa - Chambre 2,Airbnb
,,,,,,,,https://www.airbnb.fr/users/show/387189082,,,Guadeloupe,,,,Bungalow avec piscine et vue mer exceptionnelle,,,,,,,,,,,Deshaies,,,,,,,https://www.airbnb.fr/rooms/50970638?search_mode=regular_search&adults=1&check_in=2025-05-28&check_out=2025-06-04&children=0&infants=0&pets=0&source_impression_id=p3_1739910827_P3VxFJ1PdW2iv4Nm&previous_page_section_name=1000,Bungalow avec piscine et vue mer exceptionnelle,Airbnb
,,,,,,,,https://www.airbnb.fr/users/show/219617470,,,Guadeloupe,,,,Bungalow 2 personnes Ti'Kannot'La,,,,,,,,,,,Deshaies,,,,,,,https://www.airbnb.fr/rooms/29145523?search_mode=regular_search&adults=1&check_in=2025-05-09&check_out=2025-05-16&children=0&infants=0&pets=0&source_impression_id=p3_1739910806_P3nmbLbsJi6lLMkh&previous_page_section_name=1000,Bungalow 2 personnes Ti'Kannot'La,Airbnb
,,,,,,,,https://www.airbnb.fr/users/show/42163767,,,Guadeloupe,,,,Cottage Violet piscine  privée 900m de Grande Anse,,,,,,,,,,,Deshaies,,,,,,,https://www.airbnb.fr/rooms/35685092?search_mode=regular_search&adults=1&check_in=2025-05-08&check_out=2025-05-15&children=0&infants=0&pets=0&source_impression_id=p3_1739910806_P3I418jmjrO6ur3C&previous_page_section_name=1000,Cottage Violet piscine  privée 900m de Grande Anse,Airbnb
,,,,,,,,https://www.airbnb.fr/users/show/532891729,,,Guadeloupe,,,,54 - Location studio confort- Résidence 4* Vue mer,,,,,,,,,,,Deshaies,,,,,,,https://www.airbnb.fr/rooms/962950433493929732?search_mode=regular_search&adults=1&check_in=2025-03-28&check_out=2025-04-02&children=0&infants=0&pets=0&source_impression_id=p3_1739910827_P3W9enklwn3zpK2O&previous_page_section_name=1000,54 - Location studio confort- Résidence 4* Vue mer,Airbnb
,,,,,,,,https://www.airbnb.fr/users/show/251620213,,,Guadeloupe,,,,Luxueuse villa vue panoramique DESHAIES Guadeloupe,,,,,,,,,,,Deshaies,,,,,,,https://www.airbnb.fr/rooms/33399752?search_mode=regular_search&adults=1&check_in=2025-03-02&check_out=2025-03-07&children=0&infants=0&pets=0&source_impression_id=p3_1739910827_P3flvNE9XJxJnaFI&previous_page_section_name=1000,Luxueuse villa vue panoramique DESHAIES Guadeloupe,Airbnb
,,,,,,,,https://www.airbnb.fr/users/show/383345953,,,Guadeloupe,,,,Studio « Soleil Couchant »,,,,,,,,,,,Deshaies,,,,,,,https://www.airbnb.fr/rooms/47740370?search_mode=regular_search&adults=1&check_in=2025-03-27&check_out=2025-04-01&children=0&infants=0&pets=0&source_impression_id=p3_1739910806_P3FKi-qzEfW3-PBh&previous_page_section_name=1000,Studio « Soleil Couchant »,Airbnb
,,,,,,,,https://www.airbnb.fr/users/show/478671647,,,Guadeloupe,,,,cabane perchée entre les arbres,,,,,,,,,,,Deshaies,,,,,,,https://www.airbnb.fr/rooms/1024584680216519020?search_mode=regular_search&adults=1&check_in=2025-04-05&check_out=2025-04-10&children=0&infants=0&pets=0&source_impression_id=p3_1739910806_P3RasOEii9MM0c0d&previous_page_section_name=1000,cabane perchée entre les arbres,Airbnb
,,,,,,,,https://www.airbnb.fr/users/show/569994541,,,Guadeloupe,,,,Ecolodge dans les arbres (Zoé) - Habitation Getz,,,,,,,,,,,Deshaies,,,,,,,https://www.airbnb.fr/rooms/1138354754734392660?search_mode=regular_search&adults=1&check_in=2025-03-01&check_out=2025-03-06&children=0&infants=0&pets=0&source_impression_id=p3_1739910827_P3xWY_kkm86rLegp&previous_page_section_name=1000,Ecolodge dans les arbres (Zoé) - Habitation Getz,Airbnb
,,,,,,,,https://www.airbnb.fr/users/show/15137820,,,Guadeloupe,,,,"Appart ""Kawane"" à 5 minutes à pied de la plage",,,,,,,,,,,Deshaies,,,,,,,https://www.airbnb.fr/rooms/2966913?search_mode=regular_search&adults=1&check_in=2025-03-05&check_out=2025-03-10&children=0&infants=0&pets=0&source_impression_id=p3_1739910806_P3TqOScgOm0Aux5q&previous_page_section_name=1000,"Appart ""Kawane"" à 5 minutes à pied de la plage",Airbnb
,,,,,,,,https://www.airbnb.fr/users/show/543258967,,,Guadeloupe,,,,Cadre naturel proche rivière,,,,,,,,,,,Deshaies,,,,,,,https://www.airbnb.fr/rooms/1038589959145968308?search_mode=regular_search&adults=1&check_in=2025-02-20&check_out=2025-02-25&children=0&infants=0&pets=0&source_impression_id=p3_1739910827_P3mNaEbRep_gbeVJ&previous_page_section_name=1000,Cadre naturel proche rivière,Airbnb
,,,,,,,,https://www.airbnb.fr/users/show/132978293,,,Guadeloupe,,,,Bungalow cosy à côté de la mer,,,,,,,,,,,Deshaies,,,,,,,https://www.airbnb.fr/rooms/19735980?search_mode=regular_search&adults=1&check_in=2025-02-18&check_out=2025-02-24&children=0&infants=0&pets=0&source_impression_id=p3_1739910806_P3sxQFWbOzsf3ZCc&previous_page_section_name=1000,Bungalow cosy à côté de la mer,Airbnb
,,,,,,,,https://www.airbnb.fr/users/show/102223008,,,Guadeloupe,,,,"""Carambole""  Bungalow vue mer piscine privative",,,,,,,,,,,Deshaies,,,,,,,https://www.airbnb.fr/rooms/50456676?search_mode=regular_search&adults=1&check_in=2025-04-14&check_out=2025-04-19&children=0&infants=0&pets=0&source_impression_id=p3_1739910806_P31z3z-Sw3tiGrvk&previous_page_section_name=1000,"""Carambole""  Bungalow vue mer piscine privative",Airbnb
,,,,,,,,https://www.airbnb.fr/users/show/175404220,,,Guadeloupe,,,,Calme et détente à Deshaies,,,,,,,,,,,Deshaies,,,,,,,https://www.airbnb.fr/rooms/1066508077559046588?search_mode=regular_search&adults=1&check_in=2025-03-12&check_out=2025-03-17&children=0&infants=0&pets=0&source_impression_id=p3_1739910806_P3Na9RN2D4MI6Ird&previous_page_section_name=1000,Calme et détente à Deshaies,Airbnb
,,,,,,,,https://www.airbnb.fr/users/show/413595151,,,Guadeloupe,,,,Délice Prune Café,,,,,,,,,,,Deshaies,,,,,,,https://www.airbnb.fr/rooms/51127907?search_mode=regular_search&adults=1&check_in=2025-03-31&check_out=2025-04-05&children=0&infants=0&pets=0&source_impression_id=p3_1739910830_P3YmuRMRtFQHXZoq&previous_page_section_name=1000,Délice Prune Café,Airbnb
,,,,,,,,https://www.airbnb.fr/users/show/310842556,,,Guadeloupe,,,,✯ 𝙍𝙄𝙑𝙀𝙍𝙎𝙄𝘿𝙀 ✯ 5min a pieds de Grande Anse,,,,,,,,,,,Deshaies,,,,,,,https://www.airbnb.fr/rooms/40247001?search_mode=regular_search&adults=1&check_in=2025-04-15&check_out=2025-04-20&children=0&infants=0&pets=0&source_impression_id=p3_1739910827_P3vqGG85Dlhho6Nc&previous_page_section_name=1000,✯ 𝙍𝙄𝙑𝙀𝙍𝙎𝙄𝘿𝙀 ✯ 5min a pieds de Grande Anse,Airbnb
,,,,,,,,https://www.airbnb.fr/users/show/543473362,,,Guadeloupe,,,,"Gîte Izarna, logement Kanalpinia",,,,,,,,,,,Deshaies,,,,,,,https://www.airbnb.fr/rooms/1010297437289568989?search_mode=regular_search&adults=1&check_in=2025-02-18&check_out=2025-02-23&children=0&infants=0&pets=0&source_impression_id=p3_1739910806_P3NuX5sphLkkFKWn&previous_page_section_name=1000,"Gîte Izarna, logement Kanalpinia",Airbnb
,,,,,,,,https://www.airbnb.fr/users/show/38794623,,,Guadeloupe,,,,VILLA VIGIE,,,,,,,,,,,Deshaies,,,,,,,https://www.airbnb.fr/rooms/7403481?search_mode=regular_search&adults=1&check_in=2025-04-29&check_out=2025-05-04&children=0&infants=0&pets=0&source_impression_id=p3_1739910806_P30I3qUvSEm40CZH&previous_page_section_name=1000,VILLA VIGIE,Airbnb
,,,,,,,,https://www.airbnb.fr/users/show/37358806,,,Guadeloupe,,,,La maison du pêcheur,,,,,,,,,,,Deshaies,,,,,,,https://www.airbnb.fr/rooms/9300485?search_mode=regular_search&adults=1&check_in=2025-03-03&check_out=2025-03-08&children=0&infants=0&pets=0&source_impression_id=p3_1739910806_P38B-YXGMhG9yOB3&previous_page_section_name=1000,La maison du pêcheur,Airbnb
,,,,,,,,https://www.airbnb.fr/users/show/577398373,,,Guadeloupe,,,,La Perle d'Alice,,,,,,,,,,,Deshaies,,,,,,,https://www.airbnb.fr/rooms/1155947579238053073?search_mode=regular_search&adults=1&check_in=2025-02-26&check_out=2025-03-03&children=0&infants=0&pets=0&source_impression_id=p3_1739910827_P3vUVuxtp_E9RfOA&previous_page_section_name=1000,La Perle d'Alice,Airbnb
,,,,,,,,https://www.airbnb.fr/users/show/22046908,,,Guadeloupe,,,,Au son des grenouilles Mer et Campagne,,,,,,,,,,,Deshaies,,,,,,,https://www.airbnb.fr/rooms/1192920514646383148?search_mode=regular_search&adults=1&check_in=2025-03-25&check_out=2025-03-30&children=0&infants=0&pets=0&source_impression_id=p3_1739910827_P35Jpx1thiJltmfC&previous_page_section_name=1000,Au son des grenouilles Mer et Campagne,Airbnb
,,,,,,,,https://www.airbnb.fr/users/show/859455,,,Guadeloupe,,,,La Source Ecolodge,,,,,,,,,,,Deshaies,,,,,,,https://www.airbnb.fr/rooms/1061608994364514486?search_mode=regular_search&adults=1&check_in=2025-04-07&check_out=2025-04-12&children=0&infants=0&pets=0&source_impression_id=p3_1739910806_P3JHZYkxDN2U63B8&previous_page_section_name=1000,La Source Ecolodge,Airbnb
,,,,,,,,https://www.airbnb.fr/users/show/676039780,,,Guadeloupe,,,,Studio climatisé avec piscine,,,,,,,,,,,Deshaies,,,,,,,https://www.airbnb.fr/rooms/1345619554530882128?search_mode=regular_search&adults=1&check_in=2025-02-19&check_out=2025-02-24&children=0&infants=0&pets=0&source_impression_id=p3_1739910806_P3rDQOmq0VPa7C78&previous_page_section_name=1000,Studio climatisé avec piscine,Airbnb
,,,,,,,,https://www.airbnb.fr/users/show/548260225,,,Guadeloupe,,,,Villa Dolce Vita,,,,,,,,,,,Deshaies,,,,,,,https://www.airbnb.fr/rooms/1033849890905992051?search_mode=regular_search&adults=1&check_in=2025-05-13&check_out=2025-05-18&children=0&infants=0&pets=0&source_impression_id=p3_1739910827_P32pgrM32L8ydTsH&previous_page_section_name=1000,Villa Dolce Vita,Airbnb
,,,,,,,,https://www.airbnb.fr/users/show/451701988,,,Guadeloupe,,,,Home Container Resort : Studio « TERRE » 2 pers.,,,,,,,,,,,Deshaies,,,,,,,https://www.airbnb.fr/rooms/666595404758867093?search_mode=regular_search&adults=1&check_in=2025-02-18&check_out=2025-02-23&children=0&infants=0&pets=0&source_impression_id=p3_1739910827_P38ZNfiiV0fH_LdW&previous_page_section_name=1000,Home Container Resort : Studio « TERRE » 2 pers.,Airbnb
,,,,,,,,https://www.airbnb.fr/users/show/218438347,,,Guadeloupe,,,,Villa de vacances à Deshaies 971,,,,,,,,,,,Deshaies,,,,,,,https://www.airbnb.fr/rooms/1331744144685382662?search_mode=regular_search&adults=1&check_in=2025-02-24&check_out=2025-03-01&children=0&infants=0&pets=0&source_impression_id=p3_1739910806_P3dBOd1RBu8E7e_q&previous_page_section_name=1000,Villa de vacances à Deshaies 971,Airbnb
,,,,,,,,https://www.airbnb.fr/users/show/132978293,,,Guadeloupe,,,,Bungalow de charme en pleine nature,,,,,,,,,,,Deshaies,,,,,,,https://www.airbnb.fr/rooms/19051137?search_mode=regular_search&adults=1&check_in=2025-03-06&check_out=2025-03-12&children=0&infants=0&pets=0&source_impression_id=p3_1739910830_P3bKz-xor3TCitV3&previous_page_section_name=1000,Bungalow de charme en pleine nature,Airbnb
,,,,,,,,https://www.airbnb.fr/users/show/218438347,,,Guadeloupe,,,,Villa de vacances à Deshaies 971,,,,,,,,,,,Deshaies,,,,,,,https://www.airbnb.fr/rooms/1331744144685382662?search_mode=regular_search&adults=1&check_in=2025-02-24&check_out=2025-03-01&children=0&infants=0&pets=0&source_impression_id=p3_1739910809_P3bsi10ANcF5xQrU&previous_page_section_name=1000,Villa de vacances à Deshaies 971,Airbnb
,,,,,,,,https://www.airbnb.fr/users/show/94667975,,,Guadeloupe,,,,Agréable maison sur les hauteurs de basse-terre,,,,,,,,,,,Deshaies,,,,,,,https://www.airbnb.fr/rooms/25782329?search_mode=regular_search&adults=1&check_in=2025-02-18&check_out=2025-02-23&children=0&infants=0&pets=0&source_impression_id=p3_1739910830_P3djzS76jAbMSZ5D&previous_page_section_name=1000,Agréable maison sur les hauteurs de basse-terre,Airbnb
,,,,,,,,https://www.airbnb.fr/users/show/136827583,,,Guadeloupe,,,,Bienvenue chez VERONIQUE ET MAXIME,,,,,,,,,,,Deshaies,,,,,,,https://www.airbnb.fr/rooms/34626197?search_mode=regular_search&adults=1&check_in=2025-03-31&check_out=2025-04-05&children=0&infants=0&pets=0&source_impression_id=p3_1739910810_P3BFVkQ_Fu3dP70T&previous_page_section_name=1000,Bienvenue chez VERONIQUE ET MAXIME,Airbnb
,,,,,,,,https://www.airbnb.fr/users/show/561080256,,,Guadeloupe,,,,les pieds dans l'eau [Studio 2],,,,,,,,,,,Deshaies,,,,,,,https://www.airbnb.fr/rooms/1290733130039742567?search_mode=regular_search&adults=1&check_in=2025-02-20&check_out=2025-02-25&children=0&infants=0&pets=0&source_impression_id=p3_1739910830_P3E9nQedodUFHB2W&previous_page_section_name=1000,les pieds dans l'eau [Studio 2],Airbnb
,,,,,,,,https://www.airbnb.fr/users/show/532891729,,,Guadeloupe,,,,12- Pour un joli séjour ! Hébergement 4*vue mer,,,,,,,,,,,Deshaies,,,,,,,https://www.airbnb.fr/rooms/962244042849702071?search_mode=regular_search&adults=1&check_in=2025-03-27&check_out=2025-04-01&children=0&infants=0&pets=0&source_impression_id=p3_1739910810_P32EolWwqaLsoX7M&previous_page_section_name=1000,12- Pour un joli séjour ! Hébergement 4*vue mer,Airbnb
,,,,,,,,https://www.airbnb.fr/users/show/115045875,,,Guadeloupe,,,,Maison Canne à Sucre,,,,,,,,,,,Deshaies,,,,,,,https://www.airbnb.fr/rooms/17121627?search_mode=regular_search&adults=1&check_in=2025-02-18&check_out=2025-02-23&children=0&infants=0&pets=0&source_impression_id=p3_1739910830_P3yrNWcNKPaKK9Hy&previous_page_section_name=1000,Maison Canne à Sucre,Airbnb
,,,,,,,,https://www.airbnb.fr/users/show/289994917,,,Guadeloupe,,,,« An lè sport is 2 » (Sur la colline 2),,,,,,,,,,,Deshaies,,,,,,,https://www.airbnb.fr/rooms/38792967?search_mode=regular_search&adults=1&check_in=2025-02-19&check_out=2025-02-24&children=0&infants=0&pets=0&source_impression_id=p3_1739910810_P3ZlHiwivVBxl0v7&previous_page_section_name=1000,« An lè sport is 2 » (Sur la colline 2),Airbnb
,,,,,,,,https://www.airbnb.fr/users/show/212237867,,,Guadeloupe,,,,"Kaz la Perle , entre mer et rivière  PLAGE à PIED",,,,,,,,,,,Deshaies,,,,,,,https://www.airbnb.fr/rooms/856430121574585370?search_mode=regular_search&adults=1&check_in=2025-04-24&check_out=2025-04-29&children=0&infants=0&pets=0&source_impression_id=p3_1739910810_P3Fh5SFshxZhpoCh&previous_page_section_name=1000,"Kaz la Perle , entre mer et rivière  PLAGE à PIED",Airbnb
,,,,,,,,https://www.airbnb.fr/users/show/25490087,,,Guadeloupe,,,,Lodge piscine vue mer 3 chambres,,,,,,,,,,,Deshaies,,,,,,,https://www.airbnb.fr/rooms/1144919242335159620?search_mode=regular_search&adults=1&check_in=2025-05-03&check_out=2025-05-10&children=0&infants=0&pets=0&source_impression_id=p3_1739910810_P32x1ed6mb4DhOZu&previous_page_section_name=1000,Lodge piscine vue mer 3 chambres,Airbnb
,,,,,,,,https://www.airbnb.fr/users/show/77854206,,,Guadeloupe,,,,Maisonnette de campagne: Sofaïa à 5 min,,,,,,,,,,,Deshaies,,,,,,,https://www.airbnb.fr/rooms/1255646766445396060?search_mode=regular_search&adults=1&check_in=2025-02-20&check_out=2025-02-25&children=0&infants=0&pets=0&source_impression_id=p3_1739910810_P3aAZiPeRQ0_5mwQ&previous_page_section_name=1000,Maisonnette de campagne: Sofaïa à 5 min,Airbnb
,,,,,,,,https://www.airbnb.fr/users/show/234842823,,,Guadeloupe,,,,"MAISON UNDIVIDUELLE 2 CHAMBRES CLIM/WIFI, CONFORT+",,,,,,,,,,,Deshaies,,,,,,,https://www.airbnb.fr/rooms/31361000?search_mode=regular_search&adults=1&check_in=2025-02-18&check_out=2025-02-25&children=0&infants=0&pets=0&source_impression_id=p3_1739910810_P3TksJftnjxXWH1q&previous_page_section_name=1000,"MAISON UNDIVIDUELLE 2 CHAMBRES CLIM/WIFI, CONFORT+",Airbnb
,,,,,,,,https://www.airbnb.fr/users/show/501553453,,,Guadeloupe,,,,Cottage Les Ventilés - Appt Orange,,,,,,,,,,,Deshaies,,,,,,,https://www.airbnb.fr/rooms/829087144440846496?search_mode=regular_search&adults=1&check_in=2025-02-19&check_out=2025-02-24&children=0&infants=0&pets=0&source_impression_id=p3_1739910830_P3F3Qn_Hd_jRjrMl&previous_page_section_name=1000,Cottage Les Ventilés - Appt Orange,Airbnb
,,,,,,,,https://www.airbnb.fr/users/show/451375753,,,Guadeloupe,,,,Magnifique villa vue mer et montagne,,,,,,,,,,,Deshaies,,,,,,,https://www.airbnb.fr/rooms/668673464260706050?search_mode=regular_search&adults=1&check_in=2025-02-24&check_out=2025-03-01&children=0&infants=0&pets=0&source_impression_id=p3_1739910830_P3S5YdsFlMex_nfN&previous_page_section_name=1000,Magnifique villa vue mer et montagne,Airbnb
,,,,,,,,https://www.airbnb.fr/users/show/164298627,,,Guadeloupe,,,,"Gîte relax & Jacuzzi
 *La Libellule Caribéenne*",,,,,,,,,,,Deshaies,,,,,,,https://www.airbnb.fr/rooms/1200825694621977526?search_mode=regular_search&adults=1&check_in=2025-03-07&check_out=2025-03-12&children=0&infants=0&pets=0&source_impression_id=p3_1739910834_P3hX6x7Bre1FrJGQ&previous_page_section_name=1000,"Gîte relax & Jacuzzi
 *La Libellule Caribéenne*",Airbnb
,,,,,,,,https://www.airbnb.fr/users/show/65346468,,,Guadeloupe,,,,"Villa 7 Impasse du Bonheur, vue mer des Caraïbes.",,,,,,,,,,,Deshaies,,,,,,,https://www.airbnb.fr/rooms/33703451?search_mode=regular_search&adults=1&check_in=2025-05-18&check_out=2025-05-25&children=0&infants=0&pets=0&source_impression_id=p3_1739910824_P397-Xmu8jbr_SRg&previous_page_section_name=1000,"Villa 7 Impasse du Bonheur, vue mer des Caraïbes.",Airbnb
,,,,,,,,https://www.airbnb.fr/users/show/44262072,,,Guadeloupe,,,,Mer des Caraïbes,,,,,,,,,,,Deshaies,,,,,,,https://www.airbnb.fr/rooms/50518493?search_mode=regular_search&adults=1&check_in=2025-04-12&check_out=2025-04-17&children=0&infants=0&pets=0&source_impression_id=p3_1739910821_P3WxEh3NVPmyYY_H&previous_page_section_name=1000,Mer des Caraïbes,Airbnb
,,,,,,,,https://www.airbnb.fr/users/show/123007724,,,Guadeloupe,,,,La Kaz d'Évania à Ste Rose,,,,,,,,,,,Deshaies,,,,,,,https://www.airbnb.fr/rooms/44665537?search_mode=regular_search&adults=1&check_in=2025-02-28&check_out=2025-03-05&children=0&infants=0&pets=0&source_impression_id=p3_1739910821_P3ILdeSH9BPJAVgy&previous_page_section_name=1000,La Kaz d'Évania à Ste Rose,Airbnb
,,,,,,,,https://www.airbnb.fr/users/show/4665141,,,Guadeloupe,,,,Villa Jatoba,,,,,,,,,,,Deshaies,,,,,,,https://www.airbnb.fr/rooms/39890190?search_mode=regular_search&adults=1&check_in=2025-04-18&check_out=2025-04-23&children=0&infants=0&pets=0&source_impression_id=p3_1739910821_P3gNW7tPIAZ73lpL&previous_page_section_name=1000,Villa Jatoba,Airbnb
,,,,,,,,https://www.airbnb.fr/users/show/4833272,,,Guadeloupe,,,,Joli haut de villa avec vue mer & piscine privée,,,,,,,,,,,Deshaies,,,,,,,https://www.airbnb.fr/rooms/839367113014496639?search_mode=regular_search&adults=1&check_in=2025-03-22&check_out=2025-03-27&children=0&infants=0&pets=0&source_impression_id=p3_1739910821_P3EmVR3IpSqReS6g&previous_page_section_name=1000,Joli haut de villa avec vue mer & piscine privée,Airbnb
,,,,,,,,https://www.airbnb.fr/users/show/196392821,,,Guadeloupe,,,,Villa Kanouan avec piscine privée à débordement,,,,,,,,,,,Deshaies,,,,,,,https://www.airbnb.fr/rooms/1113827190605515368?search_mode=regular_search&adults=1&check_in=2025-03-27&check_out=2025-04-01&children=0&infants=0&pets=0&source_impression_id=p3_1739910821_P3znqofiOl-nxQ8l&previous_page_section_name=1000,Villa Kanouan avec piscine privée à débordement,Airbnb
,,,,,,,,https://www.airbnb.fr/users/show/212237867,,,Guadeloupe,,,,"Tropical Lodge perché dans la nature, PLAGE à pied",,,,,,,,,,,Deshaies,,,,,,,https://www.airbnb.fr/rooms/1277690656836879272?search_mode=regular_search&adults=1&check_in=2025-04-03&check_out=2025-04-08&children=0&infants=0&pets=0&source_impression_id=p3_1739910821_P3o6Xw6bc9jA_r-g&previous_page_section_name=1000,"Tropical Lodge perché dans la nature, PLAGE à pied",Airbnb
,,,,,,,,https://www.airbnb.fr/users/show/432425269,,,Guadeloupe,,,,Appart confortable Sainte-Rose,,,,,,,,,,,Deshaies,,,,,,,https://www.airbnb.fr/rooms/564401846842713005?search_mode=regular_search&adults=1&check_in=2025-02-23&check_out=2025-02-28&children=0&infants=0&pets=0&source_impression_id=p3_1739910821_P3JkjieUXPHL7lDQ&previous_page_section_name=1000,Appart confortable Sainte-Rose,Airbnb
,,,,,,,,https://www.airbnb.fr/users/show/17960149,,,Guadeloupe,,,,Gîte à 200 m plage de Grande Anse 4 pers (E),,,,,,,,,,,Deshaies,,,,,,,https://www.airbnb.fr/rooms/40632376?search_mode=regular_search&adults=1&check_in=2025-05-01&check_out=2025-05-06&children=0&infants=0&pets=0&source_impression_id=p3_1739910821_P39OtWYgfZrZzguT&previous_page_section_name=1000,Gîte à 200 m plage de Grande Anse 4 pers (E),Airbnb
,,,,,,,,https://www.airbnb.fr/users/show/37783055,,,Guadeloupe,,,,Gîte vue époustouflante mer ss vis à vis Spa privé,,,,,,,,,,,Deshaies,,,,,,,https://www.airbnb.fr/rooms/15360596?search_mode=regular_search&adults=1&check_in=2025-03-03&check_out=2025-03-08&children=0&infants=0&pets=0&source_impression_id=p3_1739910821_P3J8tULtIhGmc8MX&previous_page_section_name=1000,Gîte vue époustouflante mer ss vis à vis Spa privé,Airbnb
,,,,,,,,https://www.airbnb.fr/users/show/42163767,,,Guadeloupe,,,,Cottage Grenat  piscine privée 900m de Grande anse,,,,,,,,,,,Deshaies,,,,,,,https://www.airbnb.fr/rooms/49965606?search_mode=regular_search&adults=1&check_in=2025-03-06&check_out=2025-03-13&children=0&infants=0&pets=0&source_impression_id=p3_1739910824_P31fzuncZ0MkhujE&previous_page_section_name=1000,Cottage Grenat  piscine privée 900m de Grande anse,Airbnb
,,,,,,,,https://www.airbnb.fr/users/show/45503910,,,Guadeloupe,,,,"Villa Dali, 50 m plage, entre Déshaie et St Rose",,,,,,,,,,,Deshaies,,,,,,,https://www.airbnb.fr/rooms/850489641857700607?search_mode=regular_search&adults=1&check_in=2025-03-26&check_out=2025-03-31&children=0&infants=0&pets=0&source_impression_id=p3_1739910824_P3ZxFh1Cjo_YO1UT&previous_page_section_name=1000,"Villa Dali, 50 m plage, entre Déshaie et St Rose",Airbnb
,,,,,,,,https://www.airbnb.fr/users/show/47786324,,,Guadeloupe,,,,Villa Palm Bay /5 min des plages /Vue panoramique,,,,,,,,,,,Deshaies,,,,,,,https://www.airbnb.fr/rooms/9184549?search_mode=regular_search&adults=1&check_in=2025-04-19&check_out=2025-04-26&children=0&infants=0&pets=0&source_impression_id=p3_1739910824_P3qf4F9SYzMD2vAR&previous_page_section_name=1000,Villa Palm Bay /5 min des plages /Vue panoramique,Airbnb
,,,,,,,,https://www.airbnb.fr/users/show/238675849,,,Guadeloupe,,,,BUNGALOW le Corossolier,,,,,,,,,,,Deshaies,,,,,,,https://www.airbnb.fr/rooms/32088524?search_mode=regular_search&adults=1&check_in=2025-03-09&check_out=2025-03-14&children=0&infants=0&pets=0&source_impression_id=p3_1739910824_P3W7UdKdnDQ25fnF&previous_page_section_name=1000,BUNGALOW le Corossolier,Airbnb
,,,,,,,,https://www.airbnb.fr/users/show/114828655,,,Guadeloupe,,,,"Studio cosy avec piscine, jardin et plage à pied",,,,,,,,,,,Deshaies,,,,,,,https://www.airbnb.fr/rooms/779116503010793793?search_mode=regular_search&adults=1&check_in=2025-04-28&check_out=2025-05-03&children=0&infants=0&pets=0&source_impression_id=p3_1739910824_P3moS9j05_ag1Uqt&previous_page_section_name=1000,"Studio cosy avec piscine, jardin et plage à pied",Airbnb
,,,,,,,,https://www.airbnb.fr/users/show/85351341,,,Guadeloupe,,,,Gite Palmier,,,,,,,,,,,Deshaies,,,,,,,https://www.airbnb.fr/rooms/16775018?search_mode=regular_search&adults=1&check_in=2025-03-23&check_out=2025-03-28&children=0&infants=0&pets=0&source_impression_id=p3_1739910824_P34NfVDBdsq33npq&previous_page_section_name=1000,Gite Palmier,Airbnb
,,,,,,,,https://www.airbnb.fr/users/show/303018414,,,Guadeloupe,,,,Vue Mer Deshaies,,,,,,,,,,,Deshaies,,,,,,,https://www.airbnb.fr/rooms/42120643?search_mode=regular_search&adults=1&check_in=2025-04-08&check_out=2025-04-13&children=0&infants=0&pets=0&source_impression_id=p3_1739910824_P3RGTeS69NnE_GWT&previous_page_section_name=1000,Vue Mer Deshaies,Airbnb
,,,,,,,,https://www.airbnb.fr/users/show/15137820,,,Guadeloupe,,,,"Appart ""Colibri""  à 5 minutes à pied de la plage",,,,,,,,,,,Deshaies,,,,,,,https://www.airbnb.fr/rooms/5446382?search_mode=regular_search&adults=1&check_in=2025-03-09&check_out=2025-03-14&children=0&infants=0&pets=0&source_impression_id=p3_1739910824_P3LzrXrDF0sY3X8G&previous_page_section_name=1000,"Appart ""Colibri""  à 5 minutes à pied de la plage",Airbnb
,,,,,,,,https://www.airbnb.fr/users/show/159085430,,,Guadeloupe,,,,La Mandarine,,,,,,,,,,,Deshaies,,,,,,,https://www.airbnb.fr/rooms/592585557704599595?search_mode=regular_search&adults=1&check_in=2025-02-23&check_out=2025-02-28&children=0&infants=0&pets=0&source_impression_id=p3_1739910824_P32qYHwEXl9c8UeX&previous_page_section_name=1000,La Mandarine,Airbnb
,,,,,,,,https://www.airbnb.fr/users/show/9416398,,,Guadeloupe,,,,Bungalow face à la magnifique plage de Cluny,,,,,,,,,,,Deshaies,,,,,,,https://www.airbnb.fr/rooms/1015477255639808262?search_mode=regular_search&adults=1&check_in=2025-04-14&check_out=2025-04-19&children=0&infants=0&pets=0&source_impression_id=p3_1739910824_P3B4IPQTDW8c0QEc&previous_page_section_name=1000,Bungalow face à la magnifique plage de Cluny,Airbnb
,,,,,,,,https://www.airbnb.fr/users/show/509623968,,,Guadeloupe,,,,Appartement vu sur Mer,,,,,,,,,,,Deshaies,,,,,,,https://www.airbnb.fr/rooms/867489373054208620?search_mode=regular_search&adults=1&check_in=2025-03-25&check_out=2025-03-30&children=0&infants=0&pets=0&source_impression_id=p3_1739910824_P3JDasZYI91h-WUv&previous_page_section_name=1000,Appartement vu sur Mer,Airbnb
,,,,,,,,https://www.airbnb.fr/users/show/281835386,,,Guadeloupe,,,,Panorama Kréyòl : bungalow,,,,,,,,,,,Deshaies,,,,,,,https://www.airbnb.fr/rooms/1177530705707365063?search_mode=regular_search&adults=1&check_in=2025-05-23&check_out=2025-05-28&children=0&infants=0&pets=0&source_impression_id=p3_1739910824_P3iuovrKo9G4Mpor&previous_page_section_name=1000,Panorama Kréyòl : bungalow,Airbnb
,,,,,,,,https://www.airbnb.fr/users/show/872228,,,Guadeloupe,,,,"Location du gite ""Happy Ours""",,,,,,,,,,,Deshaies,,,,,,,https://www.airbnb.fr/rooms/28388595?search_mode=regular_search&adults=1&check_in=2025-03-07&check_out=2025-03-12&children=0&infants=0&pets=0&source_impression_id=p3_1739910824_P3_UIM3LZVFt4DWP&previous_page_section_name=1000,"Location du gite ""Happy Ours""",Airbnb
,,,,,,,,https://www.airbnb.fr/users/show/110281542,,,Guadeloupe,,,,Les Hauts du Papillon - Piscine et vue mer -,,,,,,,,,,,Deshaies,,,,,,,https://www.airbnb.fr/rooms/946838660271709140?search_mode=regular_search&adults=1&check_in=2025-05-10&check_out=2025-05-15&children=0&infants=0&pets=0&source_impression_id=p3_1739910813_P3iscrPioFTH-Sov&previous_page_section_name=1000,Les Hauts du Papillon - Piscine et vue mer -,Airbnb
,,,,,,,,https://www.airbnb.fr/users/show/8821109,,,Guadeloupe,,,,bel appartement à 2 mn de la plage de la Perle,,,,,,,,,,,Deshaies,,,,,,,https://www.airbnb.fr/rooms/20968364?search_mode=regular_search&adults=1&check_in=2025-02-19&check_out=2025-02-24&children=0&infants=0&pets=0&source_impression_id=p3_1739910810_P3c9nGwCteX-67TS&previous_page_section_name=1000,bel appartement à 2 mn de la plage de la Perle,Airbnb
,,,,,,,,https://www.airbnb.fr/users/show/4833272,,,Guadeloupe,,,,Belle villa avec vue mer & piscine privée,,,,,,,,,,,Deshaies,,,,,,,https://www.airbnb.fr/rooms/725451603956277707?search_mode=regular_search&adults=1&check_in=2025-03-22&check_out=2025-03-28&children=0&infants=0&pets=0&source_impression_id=p3_1739910810_P3FWdDLi91mUiGkK&previous_page_section_name=1000,Belle villa avec vue mer & piscine privée,Airbnb
,,,,,,,,https://www.airbnb.fr/users/show/94225422,,,Guadeloupe,,,,"Blue Kozy
logement vue sur mer",,,,,,,,,,,Deshaies,,,,,,,https://www.airbnb.fr/rooms/50236640?search_mode=regular_search&adults=1&check_in=2025-04-01&check_out=2025-04-06&children=0&infants=0&pets=0&source_impression_id=p3_1739910810_P3VxwwVUn9L-sPVJ&previous_page_section_name=1000,"Blue Kozy
logement vue sur mer",Airbnb
,,,,,,,,https://www.airbnb.fr/users/show/252564464,,,Guadeloupe,,,,Le Morne aux Fous - Bâbord,,,,,,,,,,,Deshaies,,,,,,,https://www.airbnb.fr/rooms/1304908372787192722?search_mode=regular_search&adults=1&check_in=2025-03-05&check_out=2025-03-10&children=0&infants=0&pets=0&source_impression_id=p3_1739910810_P3180FxPMIahY7pQ&previous_page_section_name=1000,Le Morne aux Fous - Bâbord,Airbnb
,,,,,,,,https://www.airbnb.fr/users/show/72241788,,,Guadeloupe,,,,"Villa Cannelle vue mer,  piscine, Deshaies",,,,,,,,,,,Deshaies,,,,,,,https://www.airbnb.fr/rooms/1326595997658961628?search_mode=regular_search&adults=1&check_in=2025-03-07&check_out=2025-03-12&children=0&infants=0&pets=0&source_impression_id=p3_1739910810_P36CDBUepDlELxke&previous_page_section_name=1000,"Villa Cannelle vue mer,  piscine, Deshaies",Airbnb
,,,,,,,,https://www.airbnb.fr/users/show/229279488,,,Guadeloupe,,,,Gîte Orchidée à 2min de la plage,,,,,,,,,,,Deshaies,,,,,,,https://www.airbnb.fr/rooms/990786035613857194?search_mode=regular_search&adults=1&check_in=2025-04-16&check_out=2025-04-21&children=0&infants=0&pets=0&source_impression_id=p3_1739910810_P3Hs8ye4V0mAvmtj&previous_page_section_name=1000,Gîte Orchidée à 2min de la plage,Airbnb
,,,,,,,,https://www.airbnb.fr/users/show/36428269,,,Guadeloupe,,,,CHAMBRE AUX ÉTOILES ATYPIQUE VU SUR LE CIEL CASTOR,,,,,,,,,,,Deshaies,,,,,,,https://www.airbnb.fr/rooms/6950869?search_mode=regular_search&adults=1&check_in=2025-03-03&check_out=2025-03-08&children=0&infants=0&pets=0&source_impression_id=p3_1739910810_P3BIGjNBVvLFUKwb&previous_page_section_name=1000,CHAMBRE AUX ÉTOILES ATYPIQUE VU SUR LE CIEL CASTOR,Airbnb
,,,,,,,,https://www.airbnb.fr/users/show/482559929,,,Guadeloupe,,,,La villa Kannel tout confort !,,,,,,,,,,,Deshaies,,,,,,,https://www.airbnb.fr/rooms/1242258551201848168?search_mode=regular_search&adults=1&check_in=2025-04-19&check_out=2025-04-24&children=0&infants=0&pets=0&source_impression_id=p3_1739910810_P39OG9R1hrRckq5K&previous_page_section_name=1000,La villa Kannel tout confort !,Airbnb
,,,,,,,,https://www.airbnb.fr/users/show/38780054,,,Guadeloupe,,,,"Magnifique vue sur mer, deshaies",,,,,,,,,,,Deshaies,,,,,,,https://www.airbnb.fr/rooms/9646528?search_mode=regular_search&adults=1&check_in=2025-02-23&check_out=2025-02-28&children=0&infants=0&pets=0&source_impression_id=p3_1739910810_P3iPywarr8U3YrwU&previous_page_section_name=1000,"Magnifique vue sur mer, deshaies",Airbnb
,,,,,,,,https://www.airbnb.fr/users/show/116859992,,,Guadeloupe,,,,Grand Studio avec vue panoramique sur Grande Anse,,,,,,,,,,,Deshaies,,,,,,,https://www.airbnb.fr/rooms/826097090095627951?search_mode=regular_search&adults=1&check_in=2025-03-30&check_out=2025-04-04&children=0&infants=0&pets=0&source_impression_id=p3_1739910813_P3kWDl0pnxzP2QFW&previous_page_section_name=1000,Grand Studio avec vue panoramique sur Grande Anse,Airbnb
,,,,,,,,https://www.airbnb.fr/users/show/15331694,,,Guadeloupe,,,,"Gîte Kaz à Topaze, piscine,  jardin tropical",,,,,,,,,,,Deshaies,,,,,,,https://www.airbnb.fr/rooms/720287643502853015?search_mode=regular_search&adults=1&check_in=2025-02-18&check_out=2025-02-23&children=0&infants=0&pets=0&source_impression_id=p3_1739910813_P3kN4A6iYxcJ9YPg&previous_page_section_name=1000,"Gîte Kaz à Topaze, piscine,  jardin tropical",Airbnb
,,,,,,,,https://www.airbnb.fr/users/show/569373656,,,Guadeloupe,,,,Bungalow chez Séve et Savi,,,,,,,,,,,Deshaies,,,,,,,https://www.airbnb.fr/rooms/1169646958358204321?search_mode=regular_search&adults=1&check_in=2025-02-26&check_out=2025-03-03&children=0&infants=0&pets=0&source_impression_id=p3_1739910813_P3gKAS6LSWdCqFiU&previous_page_section_name=1000,Bungalow chez Séve et Savi,Airbnb
,,,,,,,,https://www.airbnb.fr/users/show/501553453,,,Guadeloupe,,,,Cottage Les Ventilés - Appt jaune,,,,,,,,,,,Deshaies,,,,,,,https://www.airbnb.fr/rooms/837025130063354281?search_mode=regular_search&adults=1&check_in=2025-03-03&check_out=2025-03-08&children=0&infants=0&pets=0&source_impression_id=p3_1739910814_P35SlHWnHTePfIhQ&previous_page_section_name=1000,Cottage Les Ventilés - Appt jaune,Airbnb
,,,,,,,,https://www.airbnb.fr/users/show/40762238,,,Guadeloupe,,,,Ti Kaz Matouba,,,,,,,,,,,Deshaies,,,,,,,https://www.airbnb.fr/rooms/30818456?search_mode=regular_search&adults=1&check_in=2025-04-10&check_out=2025-04-15&children=0&infants=0&pets=0&source_impression_id=p3_1739910814_P3Mw8-cYP7clWE2U&previous_page_section_name=1000,Ti Kaz Matouba,Airbnb
,,,,,,,,https://www.airbnb.fr/users/show/51902515,,,Guadeloupe,,,,"Vaneïa : Duplex d'exception, vue mer panoramique",,,,,,,,,,,Deshaies,,,,,,,https://www.airbnb.fr/rooms/1065357836211781080?search_mode=regular_search&adults=1&check_in=2025-03-23&check_out=2025-03-28&children=0&infants=0&pets=0&source_impression_id=p3_1739910814_P3zLyRaXGU0COVcj&previous_page_section_name=1000,"Vaneïa : Duplex d'exception, vue mer panoramique",Airbnb
,,,,,,,,https://www.airbnb.fr/users/show/15137820,,,Guadeloupe,,,,"Appart ""Iguane""  à 5 minutes à pied  de la plage",,,,,,,,,,,Deshaies,,,,,,,https://www.airbnb.fr/rooms/7931962?search_mode=regular_search&adults=1&check_in=2025-02-24&check_out=2025-03-01&children=0&infants=0&pets=0&source_impression_id=p3_1739910814_P3AvIu_yd8B7-Ygf&previous_page_section_name=1000,"Appart ""Iguane""  à 5 minutes à pied  de la plage",Airbnb
,,,,,,,,https://www.airbnb.fr/users/show/218910491,,,Guadeloupe,,,,Studio Dream Piscine,,,,,,,,,,,Deshaies,,,,,,,https://www.airbnb.fr/rooms/680316780169388132?search_mode=regular_search&adults=1&check_in=2025-04-23&check_out=2025-04-28&children=0&infants=0&pets=0&source_impression_id=p3_1739910814_P3se-m7m870flA7P&previous_page_section_name=1000,Studio Dream Piscine,Airbnb
,,,,,,,,https://www.airbnb.fr/users/show/266302803,,,Guadeloupe,,,,"Grande villa à 100m de la plage Leroux, Deshaies.",,,,,,,,,,,Deshaies,,,,,,,https://www.airbnb.fr/rooms/37582816?search_mode=regular_search&adults=1&check_in=2025-03-18&check_out=2025-03-23&children=0&infants=0&pets=0&source_impression_id=p3_1739910814_P3aiRl2eszMtxxpW&previous_page_section_name=1000,"Grande villa à 100m de la plage Leroux, Deshaies.",Airbnb
,,,,,,,,https://www.airbnb.fr/users/show/85351341,,,Guadeloupe,,,,Cocon Bleu,,,,,,,,,,,Deshaies,,,,,,,https://www.airbnb.fr/rooms/1064438976037554554?search_mode=regular_search&adults=1&check_in=2025-03-28&check_out=2025-04-02&children=0&infants=0&pets=0&source_impression_id=p3_1739910814_P3ARjacPPOu3IDG8&previous_page_section_name=1000,Cocon Bleu,Airbnb
,,,,,,,,https://www.airbnb.fr/users/show/665967237,,,Guadeloupe,,,,Vue sur la baie et accès plage,,,,,,,,,,,Deshaies,,,,,,,https://www.airbnb.fr/rooms/1307127506589843337?search_mode=regular_search&adults=1&check_in=2025-03-18&check_out=2025-03-23&children=0&infants=0&pets=0&source_impression_id=p3_1739910824_P340vXorw1u2u0D9&previous_page_section_name=1000,Vue sur la baie et accès plage,Airbnb
,,,,,,,,https://www.airbnb.fr/users/show/556532055,,,Guadeloupe,,,,Villa Cachiman,,,,,,,,,,,Deshaies,,,,,,,https://www.airbnb.fr/rooms/1069014313680639788?search_mode=regular_search&adults=1&check_in=2025-02-20&check_out=2025-02-25&children=0&infants=0&pets=0&source_impression_id=p3_1739910824_P303usC2fMlufCGU&previous_page_section_name=1000,Villa Cachiman,Airbnb
,,,,,,,,https://www.airbnb.fr/users/show/74172691,,,Guadeloupe,,,,maison créole face à la mer,,,,,,,,,,,Deshaies,,,,,,,https://www.airbnb.fr/rooms/857705537313317911?search_mode=regular_search&adults=1&check_in=2025-02-18&check_out=2025-02-25&children=0&infants=0&pets=0&source_impression_id=p3_1739910814_P364iafjGOAnStGo&previous_page_section_name=1000,maison créole face à la mer,Airbnb
,,,,,,,,https://www.airbnb.fr/users/show/27255821,,,Guadeloupe,,,,Cottage Honoré Paradise Deshaies,,,,,,,,,,,Deshaies,,,,,,,https://www.airbnb.fr/rooms/1155932424670138361?search_mode=regular_search&adults=1&check_in=2025-04-07&check_out=2025-04-12&children=0&infants=0&pets=0&source_impression_id=p3_1739910814_P34Av6Co2CFcRgr0&previous_page_section_name=1000,Cottage Honoré Paradise Deshaies,Airbnb
,,,,,,,,https://www.airbnb.fr/users/show/94089168,,,Guadeloupe,,,,Séjour Unique à Bord : Confort et Charme sur l’Eau,,,,,,,,,,,Deshaies,,,,,,,https://www.airbnb.fr/rooms/1325500577448482029?search_mode=regular_search&adults=1&check_in=2025-02-28&check_out=2025-03-05&children=0&infants=0&pets=0&source_impression_id=p3_1739910814_P3ztprqLQaXmg2q7&previous_page_section_name=1000,Séjour Unique à Bord : Confort et Charme sur l’Eau,Airbnb
,,,,,,,,https://www.airbnb.fr/users/show/509291081,,,Guadeloupe,,,,"Éden Cottage, charmant bungalow",,,,,,,,,,,Deshaies,,,,,,,https://www.airbnb.fr/rooms/1287183111325130120?search_mode=regular_search&adults=1&check_in=2025-02-19&check_out=2025-02-24&children=0&infants=0&pets=0&source_impression_id=p3_1739910814_P3_m-r-H4ArdgPGk&previous_page_section_name=1000,"Éden Cottage, charmant bungalow",Airbnb
,,,,,,,,https://www.airbnb.fr/users/show/280289497,,,Guadeloupe,,,,"Habitation Rouge Banane, gîte Kaz Musa",,,,,,,,,,,Deshaies,,,,,,,https://www.airbnb.fr/rooms/37923555?search_mode=regular_search&adults=1&check_in=2025-03-11&check_out=2025-03-17&children=0&infants=0&pets=0&source_impression_id=p3_1739910814_P3LOkLuCfdxeoL6H&previous_page_section_name=1000,"Habitation Rouge Banane, gîte Kaz Musa",Airbnb
,,,,,,,,https://www.airbnb.fr/users/show/479584877,,,Guadeloupe,,,,Superbe Appartement Vue Mer.,,,,,,,,,,,Deshaies,,,,,,,https://www.airbnb.fr/rooms/1348749532470804627?search_mode=regular_search&adults=1&check_in=2025-02-24&check_out=2025-03-01&children=0&infants=0&pets=0&source_impression_id=p3_1739910814_P3UZD7VS5FrCzAC-&previous_page_section_name=1000,Superbe Appartement Vue Mer.,Airbnb
,,,,,,,,https://www.airbnb.fr/users/show/457580452,,,Guadeloupe,,,,Évasion tropicale,,,,,,,,,,,Deshaies,,,,,,,https://www.airbnb.fr/rooms/1352029869971904017?search_mode=regular_search&adults=1&check_in=2025-02-18&check_out=2025-02-23&children=0&infants=0&pets=0&source_impression_id=p3_1739910824_P3QjJh0MOd8SUeaW&previous_page_section_name=1000,Évasion tropicale,Airbnb
,Gérée par Marie et Fred,,,,,,,Gérée par Marie et Fred,,,Guadeloupe,,,,Les Manguiers,,Maison 1 Chambre,,,,,,"159 allée de coeur, 97126 Deshaies, GuadeloupeExcellente situation géographique — avec une note de 9.6/10!(note basée sur 239 commentaires)Évaluée par les clients après leur séjour à l'établissement Les Manguiers.",,,Deshaies,,,,,,,https://www.booking.com/hotel/gp/les-manguiers.fr.html?aid=304142&label=gen173nr-1FCAQoggJCKHNlYXJjaF9kZXNoYWllcy0tYmFzc2V-dGVycmUtLWd1YWRlbG91cGVIM1gEaFqIAQGYAQ24ARfIAQzYAQHoAQH4AQOIAgGoAgO4Av_c070GwAIB0gIkZDRmYzNhYzgtNjA0MS00NTlkLWIxMmEtZTczYThlNDcxMDQy2AIF4AIB&ucfs=1&arphpl=1&group_adults=2&req_adults=2&no_rooms=1&group_children=0&req_children=0&hpos=10&hapos=10&sr_order=popularity&srpvid=797d907fd4480663&srepoch=1739910790&from=searchresults,Les Manguiers,Booking
,Gérée par Catherine,,,,,,,Gérée par Catherine,,,Guadeloupe,,,,Carre Royal,,Chambre Double - Vue sur Mer,,,,,,"4 Allée Capado Bas Vent, 97126 Deshaies, GuadeloupeExcellente situation géographique — avec une note de 9.6/10!(note basée sur 474 commentaires)Évaluée par les clients après leur séjour à l'établissement Carre Royal.",,,Deshaies,,,,,,,https://www.booking.com/hotel/gp/carre-royal.fr.html?aid=304142&label=gen173nr-1FCAQoggJCKHNlYXJjaF9kZXNoYWllcy0tYmFzc2V-dGVycmUtLWd1YWRlbG91cGVIM1gEaFqIAQGYAQ24ARfIAQzYAQHoAQH4AQOIAgGoAgO4Av_c070GwAIB0gIkZDRmYzNhYzgtNjA0MS00NTlkLWIxMmEtZTczYThlNDcxMDQy2AIF4AIB&ucfs=1&arphpl=1&group_adults=2&req_adults=2&no_rooms=1&group_children=0&req_children=0&hpos=11&hapos=11&sr_order=popularity&srpvid=797d907fd4480663&srepoch=1739910790&from=searchresults,Carre Royal,Booking
,Christophe,,,,,,,Christophe,,,Guadeloupe,,,,Bohème Carïb - Vue mer,,Appartement 1 Chambre,,,,,,"260 Allée Capado, 97126 Deshaies, GuadeloupeExcellente situation géographique — avec une note de 9.6/10!(note basée sur 27 commentaires)Évaluée par les clients après leur séjour à l'établissement Bohème Carïb - Vue mer.",,,Deshaies,,,,,,,https://www.booking.com/hotel/gp/boheme-carib.fr.html?aid=304142&label=gen173nr-1FCAQoggJCKHNlYXJjaF9kZXNoYWllcy0tYmFzc2V-dGVycmUtLWd1YWRlbG91cGVIM1gEaFqIAQGYAQ24ARfIAQzYAQHoAQH4AQOIAgGoAgO4Av_c070GwAIB0gIkZDRmYzNhYzgtNjA0MS00NTlkLWIxMmEtZTczYThlNDcxMDQy2AIF4AIB&ucfs=1&arphpl=1&group_adults=2&req_adults=2&no_rooms=1&group_children=0&req_children=0&hpos=22&hapos=22&sr_order=popularity&srpvid=797d907fd4480663&srepoch=1739910790&from=searchresults,Bohème Carïb - Vue mer,Booking
,Christophe,,,,,,,Christophe,,,Guadeloupe,,,,Coco Carïb - Cabane vue Mer,,Appartement 1 Chambre,,,,,,"260 Allée Capado, 97126 Deshaies, GuadeloupeExcellente situation géographique — avec une note de 9.7/10!(note basée sur 24 commentaires)Évaluée par les clients après leur séjour à l'établissement Coco Carïb - Cabane vue Mer.",,,Deshaies,,,,,,,https://www.booking.com/hotel/gp/noix-de-coco.fr.html?aid=304142&label=gen173nr-1FCAQoggJCKHNlYXJjaF9kZXNoYWllcy0tYmFzc2V-dGVycmUtLWd1YWRlbG91cGVIM1gEaFqIAQGYAQ24ARfIAQzYAQHoAQH4AQOIAgGoAgO4Av_c070GwAIB0gIkZDRmYzNhYzgtNjA0MS00NTlkLWIxMmEtZTczYThlNDcxMDQy2AIF4AIB&ucfs=1&arphpl=1&group_adults=2&req_adults=2&no_rooms=1&group_children=0&req_children=0&hpos=23&hapos=23&sr_order=popularity&srpvid=797d907fd4480663&srepoch=1739910790&from=searchresults,Coco Carïb - Cabane vue Mer,Booking
,Gérée par LA COLLINE VERTE,,,,,,,Gérée par LA COLLINE VERTE,,,Guadeloupe,,,,La Colline Verte,,Bungalow Supérieur,,,,,,"741 allée Capado Bas-Vent, 97126 Deshaies, GuadeloupeExcellente situation géographique — avec une note de 9.3/10!(note basée sur 545 commentaires)Évaluée par les clients après leur séjour à l'établissement La Colline Verte.",,,Deshaies,,,,,,,https://www.booking.com/hotel/gp/la-colline-verte-deshaies.fr.html?aid=304142&label=gen173nr-1FCAQoggJCKHNlYXJjaF9kZXNoYWllcy0tYmFzc2V-dGVycmUtLWd1YWRlbG91cGVIM1gEaFqIAQGYAQ24ARfIAQzYAQHoAQH4AQOIAgGoAgO4Av_c070GwAIB0gIkZDRmYzNhYzgtNjA0MS00NTlkLWIxMmEtZTczYThlNDcxMDQy2AIF4AIB&ucfs=1&arphpl=1&group_adults=2&req_adults=2&no_rooms=1&group_children=0&req_children=0&hpos=5&hapos=5&sr_order=popularity&srpvid=797d907fd4480663&srepoch=1739910790&from=searchresults,La Colline Verte,Booking
,,,,,,,,,,,Guadeloupe,,,,Coco-Mango Apt A,,Appartement - Vue sur Mer,,,,,,"Rifflet / Route nationale 291, 97126 Deshaies, GuadeloupeUne fois votre réservation effectuée, toutes les informations sur l'établissement, y compris le numéro de téléphone et l'adresse, seront disponibles sur votre confirmation de réservation ainsi que dans votre compte.",,,Deshaies,,,,,,,https://www.booking.com/hotel/gp/coco-mango-deshaies.fr.html?aid=304142&label=gen173nr-1FCAQoggJCKHNlYXJjaF9kZXNoYWllcy0tYmFzc2V-dGVycmUtLWd1YWRlbG91cGVIM1gEaFqIAQGYAQ24ARfIAQzYAQHoAQH4AQOIAgGoAgO4Av_c070GwAIB0gIkZDRmYzNhYzgtNjA0MS00NTlkLWIxMmEtZTczYThlNDcxMDQy2AIF4AIB&ucfs=1&arphpl=1&group_adults=2&req_adults=2&no_rooms=1&group_children=0&req_children=0&hpos=7&hapos=7&sr_order=popularity&srpvid=797d907fd4480663&srepoch=1739910790&from=searchresults,Coco-Mango Apt A,Booking
,Informations sur l'hôte,,,,,,,Informations sur l'hôte,,,Guadeloupe,,,,Maison confortable à Goyave avec jacuzzi,,Maison de Vacances 1 Chambre,,,,,,"74 Rue de la Cite , 97128 Goyave, GuadeloupeUne fois votre réservation effectuée, toutes les informations sur l'établissement, y compris le numéro de téléphone et l'adresse, seront disponibles sur votre confirmation de réservation ainsi que dans votre compte.",,,Goyave,,,,,,,https://www.booking.com/hotel/gp/maison-d-une-chambre-avec-vue-sur-la-mer-jacuzzi-et-jardin-clos-a-goyave-a-1-km.fr.html?aid=304142&label=gen173nr-1FCAQoggJCJnNlYXJjaF9nb3lhdmUtLWJhc3NlfnRlcnJlLS1ndWFkZWxvdXBlSDNYBGhaiAEBmAENuAEXyAEM2AEB6AEB-AEDiAIBqAIDuALl89O9BsACAdICJDY2OGI5NzlmLTc4MDktNGJjMy04OGE2LWRmOTMwMmI0YzkxYtgCBeACAQ&ucfs=1&arphpl=1&group_adults=2&req_adults=2&no_rooms=1&group_children=0&req_children=0&hpos=25&hapos=25&sr_order=popularity&srpvid=26dd96326f370184&srepoch=1739913707&from=searchresults,Maison confortable à Goyave avec jacuzzi,Booking
,Informations sur l'hôte,,,,,,,Informations sur l'hôte,,,Guadeloupe,,,,Le jacquier,,Appartement 1 Chambre,,,,,,"Chemin Grand Route, 97128 Goyave, GuadeloupeUne fois votre réservation effectuée, toutes les informations sur l'établissement, y compris le numéro de téléphone et l'adresse, seront disponibles sur votre confirmation de réservation ainsi que dans votre compte.",,,Goyave,,,,,,,https://www.booking.com/hotel/gp/le-jacquier.fr.html?aid=304142&label=gen173nr-1FCAQoggJCJnNlYXJjaF9nb3lhdmUtLWJhc3NlfnRlcnJlLS1ndWFkZWxvdXBlSDNYBGhaiAEBmAENuAEXyAEM2AEB6AEB-AEDiAIBqAIDuALl89O9BsACAdICJDY2OGI5NzlmLTc4MDktNGJjMy04OGE2LWRmOTMwMmI0YzkxYtgCBeACAQ&ucfs=1&arphpl=1&group_adults=2&req_adults=2&no_rooms=1&group_children=0&req_children=0&hpos=2&hapos=2&sr_order=popularity&srpvid=26dd96326f370184&srepoch=1739913707&from=searchresults,Le jacquier,Booking
,Votre hôte Lucie,,,,,,,Votre hôte Lucie,,,Guadeloupe,,,,Villa du bonheur,,Chambre Double - Vue sur Jardin,,,,,,"02 Chemin de la ferme Douville Ouest, 97128 Goyave, GuadeloupeUne fois votre réservation effectuée, toutes les informations sur l'établissement, y compris le numéro de téléphone et l'adresse, seront disponibles sur votre confirmation de réservation ainsi que dans votre compte.",,,Goyave,,,,,,,https://www.booking.com/hotel/gp/villa-du-bonheur.fr.html?aid=304142&label=gen173nr-1FCAQoggJCJnNlYXJjaF9nb3lhdmUtLWJhc3NlfnRlcnJlLS1ndWFkZWxvdXBlSDNYBGhaiAEBmAENuAEXyAEM2AEB6AEB-AEDiAIBqAIDuALl89O9BsACAdICJDY2OGI5NzlmLTc4MDktNGJjMy04OGE2LWRmOTMwMmI0YzkxYtgCBeACAQ&ucfs=1&arphpl=1&group_adults=2&req_adults=2&no_rooms=1&group_children=0&req_children=0&hpos=1&hapos=1&sr_order=popularity&srpvid=26dd96326f370184&srepoch=1739913707&from=searchresults,Villa du bonheur,Booking
,Informations sur l'hôte,,,,,,,Informations sur l'hôte,,,Guadeloupe,,,,Spacieux cocon,,Maison 2 Chambres,,,,,,"19 lotissement l'Aiguille 2 Lieu-dit chemin de l'Eucalyptus, 97128 Goyave, GuadeloupeUne fois votre réservation effectuée, toutes les informations sur l'établissement, y compris le numéro de téléphone et l'adresse, seront disponibles sur votre confirmation de réservation ainsi que dans votre compte.",,,Goyave,,,,,,,https://www.booking.com/hotel/gp/spacieux-cocon.fr.html?aid=304142&label=gen173nr-1FCAQoggJCJnNlYXJjaF9nb3lhdmUtLWJhc3NlfnRlcnJlLS1ndWFkZWxvdXBlSDNYBGhaiAEBmAENuAEXyAEM2AEB6AEB-AEDiAIBqAIDuALl89O9BsACAdICJDY2OGI5NzlmLTc4MDktNGJjMy04OGE2LWRmOTMwMmI0YzkxYtgCBeACAQ&ucfs=1&arphpl=1&group_adults=2&req_adults=2&no_rooms=1&group_children=0&req_children=0&hpos=15&hapos=15&sr_order=popularity&srpvid=26dd96326f370184&srepoch=1739913707&from=searchresults,Spacieux cocon,Booking
,Informations sur l'hôte,,,,,,,Informations sur l'hôte,,,Guadeloupe,,,,Au cœur du papillon piscine collective,,Bungalow Deluxe - Vue sur Jardin,,,,,,"Rue de l'Habitation, 97128 Goyave, GuadeloupeUne fois votre réservation effectuée, toutes les informations sur l'établissement, y compris le numéro de téléphone et l'adresse, seront disponibles sur votre confirmation de réservation ainsi que dans votre compte.",,,Goyave,,,,,,,https://www.booking.com/hotel/gp/fruits-de-goyave.fr.html?aid=304142&label=gen173nr-1FCAQoggJCJnNlYXJjaF9nb3lhdmUtLWJhc3NlfnRlcnJlLS1ndWFkZWxvdXBlSDNYBGhaiAEBmAENuAEXyAEM2AEB6AEB-AEDiAIBqAIDuALl89O9BsACAdICJDY2OGI5NzlmLTc4MDktNGJjMy04OGE2LWRmOTMwMmI0YzkxYtgCBeACAQ&ucfs=1&arphpl=1&group_adults=2&req_adults=2&no_rooms=1&group_children=0&req_children=0&hpos=10&hapos=10&sr_order=popularity&srpvid=26dd96326f370184&srepoch=1739913707&from=searchresults,Au cœur du papillon piscine collective,Booking
,Votre hôte Willy DABRIOU,,,,,,,Votre hôte Willy DABRIOU,,,Guadeloupe,,,,Chambre d'Hotes LE SUCRIER,,Chambre Double - Vue sur Mer,,,,,,"Route de Moreau L'Hermitage Bonfils , 97128 Goyave, GuadeloupeExcellente situation géographique — avec une note de 9.7/10!(note basée sur 9 commentaires)Évaluée par les clients après leur séjour à l'établissement Chambre d'Hotes LE SUCRIER.",,,Goyave,,,,,,,https://www.booking.com/hotel/gp/chambre-d-hotes-le-sucrier.fr.html?aid=304142&label=gen173nr-1FCAQoggJCJnNlYXJjaF9nb3lhdmUtLWJhc3NlfnRlcnJlLS1ndWFkZWxvdXBlSDNYBGhaiAEBmAENuAEXyAEM2AEB6AEB-AEDiAIBqAIDuALl89O9BsACAdICJDY2OGI5NzlmLTc4MDktNGJjMy04OGE2LWRmOTMwMmI0YzkxYtgCBeACAQ&ucfs=1&arphpl=1&group_adults=2&req_adults=2&no_rooms=1&group_children=0&req_children=0&hpos=7&hapos=7&sr_order=popularity&srpvid=26dd96326f370184&srepoch=1739913707&from=searchresults,Chambre d'Hotes LE SUCRIER,Booking
,Gérée par O'Parad'îles,,,,,,,Gérée par O'Parad'îles,,,Guadeloupe,,,,O'Parad'îles,,Maison 1 Chambre,,,,,,"Rue du Lotissement Molinard, 97128 Goyave, GuadeloupeExcellente situation géographique — avec une note de 9.4/10!(note basée sur 117 commentaires)Évaluée par les clients après leur séjour à l'établissement O'Parad'îles.",,,Goyave,,,,,,,https://www.booking.com/hotel/gp/o-parad-iles.fr.html?aid=304142&label=gen173nr-1FCAQoggJCJnNlYXJjaF9nb3lhdmUtLWJhc3NlfnRlcnJlLS1ndWFkZWxvdXBlSDNYBGhaiAEBmAENuAEXyAEM2AEB6AEB-AEDiAIBqAIDuALl89O9BsACAdICJDY2OGI5NzlmLTc4MDktNGJjMy04OGE2LWRmOTMwMmI0YzkxYtgCBeACAQ&ucfs=1&arphpl=1&group_adults=2&req_adults=2&no_rooms=1&group_children=0&req_children=0&hpos=6&hapos=6&sr_order=popularity&srpvid=26dd96326f370184&srepoch=1739913707&from=searchresults,O'Parad'îles,Booking
,Votre hôte Lionel,,,,,,,Votre hôte Lionel,,,Guadeloupe,,,,Villa Barthélemy,,Appartement 1 Chambre,,,,,,"Villa Barthélemy, 97128 Goyave, GuadeloupeExcellente situation géographique — avec une note de 9/10!(note basée sur 10 commentaires)Évaluée par les clients après leur séjour à l'établissement Villa Barthélemy.",,,Goyave,,,,,,,https://www.booking.com/hotel/gp/villa-barthelemy-goyave1.fr.html?aid=304142&label=gen173nr-1FCAQoggJCJnNlYXJjaF9nb3lhdmUtLWJhc3NlfnRlcnJlLS1ndWFkZWxvdXBlSDNYBGhaiAEBmAENuAEXyAEM2AEB6AEB-AEDiAIBqAIDuALl89O9BsACAdICJDY2OGI5NzlmLTc4MDktNGJjMy04OGE2LWRmOTMwMmI0YzkxYtgCBeACAQ&ucfs=1&arphpl=1&group_adults=2&req_adults=2&no_rooms=1&group_children=0&req_children=0&hpos=8&hapos=8&sr_order=popularity&srpvid=26dd96326f370184&srepoch=1739913707&from=searchresults,Villa Barthélemy,Booking
,Votre hôte Michael,,,,,,,Votre hôte Michael,,,Guadeloupe,,,,RIVER PARADISE,,Maison 4 Chambres,,,,,,"Lotissement Moreau, 97128 Goyave, GuadeloupeUne fois votre réservation effectuée, toutes les informations sur l'établissement, y compris le numéro de téléphone et l'adresse, seront disponibles sur votre confirmation de réservation ainsi que dans votre compte.",,,Goyave,,,,,,,https://www.booking.com/hotel/gp/river-paradise.fr.html?aid=304142&label=gen173nr-1FCAQoggJCJnNlYXJjaF9nb3lhdmUtLWJhc3NlfnRlcnJlLS1ndWFkZWxvdXBlSDNYBGhaiAEBmAENuAEXyAEM2AEB6AEB-AEDiAIBqAIDuALl89O9BsACAdICJDY2OGI5NzlmLTc4MDktNGJjMy04OGE2LWRmOTMwMmI0YzkxYtgCBeACAQ&ucfs=1&arphpl=1&group_adults=2&req_adults=2&no_rooms=1&group_children=0&req_children=0&hpos=9&hapos=9&sr_order=popularity&srpvid=26dd96326f370184&srepoch=1739913707&from=searchresults,RIVER PARADISE,Booking
,Votre hôte Myriam et Sam,,,,,,,Votre hôte Myriam et Sam,,,Guadeloupe,,,,VillaBadlou Ti Cocon,,Villa 3 Chambres,,,,,,"26 Residence les Jardins de Moreau, 97128 Goyave, GuadeloupeExcellente situation géographique — avec une note de 9/10!(note basée sur 5 commentaires)Évaluée par les clients après leur séjour à l'établissement VillaBadlou Ti Cocon.",,,Goyave,,,,,,,https://www.booking.com/hotel/gp/villabadlou-heliconia.fr.html?aid=304142&label=gen173nr-1FCAQoggJCJnNlYXJjaF9nb3lhdmUtLWJhc3NlfnRlcnJlLS1ndWFkZWxvdXBlSDNYBGhaiAEBmAENuAEXyAEM2AEB6AEB-AEDiAIBqAIDuALl89O9BsACAdICJDY2OGI5NzlmLTc4MDktNGJjMy04OGE2LWRmOTMwMmI0YzkxYtgCBeACAQ&ucfs=1&arphpl=1&group_adults=2&req_adults=2&no_rooms=1&group_children=0&req_children=0&hpos=11&hapos=11&sr_order=popularity&srpvid=26dd96326f370184&srepoch=1739913707&from=searchresults,VillaBadlou Ti Cocon,Booking
,Gérée par Yann,,,,,,,Gérée par Yann,,,Guadeloupe,,,,Les Naïades,,Appartement,,,,,,"955 Chemin des Gommiers, 97128 Goyave, GuadeloupeExcellente situation géographique — avec une note de 9/10!(note basée sur 39 commentaires)Évaluée par les clients après leur séjour à l'établissement Les Naïades.",,,Goyave,,,,,,,https://www.booking.com/hotel/gp/les-naiades.fr.html?aid=304142&label=gen173nr-1FCAQoggJCJnNlYXJjaF9nb3lhdmUtLWJhc3NlfnRlcnJlLS1ndWFkZWxvdXBlSDNYBGhaiAEBmAENuAEXyAEM2AEB6AEB-AEDiAIBqAIDuALl89O9BsACAdICJDY2OGI5NzlmLTc4MDktNGJjMy04OGE2LWRmOTMwMmI0YzkxYtgCBeACAQ&ucfs=1&arphpl=1&group_adults=2&req_adults=2&no_rooms=1&group_children=0&req_children=0&hpos=12&hapos=12&sr_order=popularity&srpvid=26dd96326f370184&srepoch=1739913707&from=searchresults,Les Naïades,Booking
,Votre hôte Georgette,,,,,,,Votre hôte Georgette,,,Guadeloupe,,,,Au coin du phare,,Appartement 2 Chambres,,,,,,"30 Rue Jean Baptiste Jammes, 97128 Goyave, GuadeloupeExcellente situation géographique — avec une note de 9.2/10!(note basée sur 13 commentaires)Évaluée par les clients après leur séjour à l'établissement Au coin du phare.",,,Goyave,,,,,,,https://www.booking.com/hotel/gp/au-coin-du-phare.fr.html?aid=304142&label=gen173nr-1FCAQoggJCJnNlYXJjaF9nb3lhdmUtLWJhc3NlfnRlcnJlLS1ndWFkZWxvdXBlSDNYBGhaiAEBmAENuAEXyAEM2AEB6AEB-AEDiAIBqAIDuALl89O9BsACAdICJDY2OGI5NzlmLTc4MDktNGJjMy04OGE2LWRmOTMwMmI0YzkxYtgCBeACAQ&ucfs=1&arphpl=1&group_adults=2&req_adults=2&no_rooms=1&group_children=0&req_children=0&hpos=4&hapos=4&sr_order=popularity&srpvid=26dd96326f370184&srepoch=1739913707&from=searchresults,Au coin du phare,Booking
,Votre hôte Barbara,,,,,,,Votre hôte Barbara,,,Guadeloupe,,,,Le Talisman,,Appartement,,,,,,"bonfils, 97128 Goyave, GuadeloupeExcellente situation géographique — avec une note de 9.4/10!(note basée sur 25 commentaires)Évaluée par les clients après leur séjour à l'établissement Le Talisman.",,,Goyave,,,,,,,https://www.booking.com/hotel/gp/le-talisman.fr.html?aid=304142&label=gen173nr-1FCAQoggJCJnNlYXJjaF9nb3lhdmUtLWJhc3NlfnRlcnJlLS1ndWFkZWxvdXBlSDNYBGhaiAEBmAENuAEXyAEM2AEB6AEB-AEDiAIBqAIDuALl89O9BsACAdICJDY2OGI5NzlmLTc4MDktNGJjMy04OGE2LWRmOTMwMmI0YzkxYtgCBeACAQ&ucfs=1&arphpl=1&group_adults=2&req_adults=2&no_rooms=1&group_children=0&req_children=0&hpos=3&hapos=3&sr_order=popularity&srpvid=26dd96326f370184&srepoch=1739913707&from=searchresults,Le Talisman,Booking
,Gérée par ZeWelcome - Location de Villas en Guadeloupe,,,,,,,Gérée par ZeWelcome - Location de Villas en Guadeloupe,,,Guadeloupe,,,,Villa Ladouchka,,Villa,,,,,,"52 lotissement Moreau 97128, 97128 Goyave, GuadeloupeExcellente situation géographique — avec une note de 10/10!(note basée sur 4 commentaires)Évaluée par les clients après leur séjour à l'établissement Villa Ladouchka.",,,Goyave,,,,,,,https://www.booking.com/hotel/gp/villa-ladouchka-goyave.fr.html?aid=304142&label=gen173nr-1FCAQoggJCJnNlYXJjaF9nb3lhdmUtLWJhc3NlfnRlcnJlLS1ndWFkZWxvdXBlSDNYBGhaiAEBmAENuAEXyAEM2AEB6AEB-AEDiAIBqAIDuALl89O9BsACAdICJDY2OGI5NzlmLTc4MDktNGJjMy04OGE2LWRmOTMwMmI0YzkxYtgCBeACAQ&ucfs=1&arphpl=1&group_adults=2&req_adults=2&no_rooms=1&group_children=0&req_children=0&hpos=20&hapos=20&sr_order=popularity&srpvid=26dd96326f370184&srepoch=1739913707&from=searchresults,Villa Ladouchka,Booking
,Votre hôte AU COEUR DU PAPILLON,,,,,,,Votre hôte AU COEUR DU PAPILLON,,,Guadeloupe,,,,Au cœur du papillon piscine privée,,Bungalow Supérieur,,,,,,"349 Rue de L’Habitation, 97128 Goyave, GuadeloupeUne fois votre réservation effectuée, toutes les informations sur l'établissement, y compris le numéro de téléphone et l'adresse, seront disponibles sur votre confirmation de réservation ainsi que dans votre compte.",,,Goyave,,,,,,,https://www.booking.com/hotel/gp/au-coeur-du-papillon.fr.html?aid=304142&label=gen173nr-1FCAQoggJCJnNlYXJjaF9nb3lhdmUtLWJhc3NlfnRlcnJlLS1ndWFkZWxvdXBlSDNYBGhaiAEBmAENuAEXyAEM2AEB6AEB-AEDiAIBqAIDuALl89O9BsACAdICJDY2OGI5NzlmLTc4MDktNGJjMy04OGE2LWRmOTMwMmI0YzkxYtgCBeACAQ&ucfs=1&arphpl=1&group_adults=2&req_adults=2&no_rooms=1&group_children=0&req_children=0&hpos=13&hapos=13&sr_order=popularity&srpvid=26dd96326f370184&srepoch=1739913707&from=searchresults,Au cœur du papillon piscine privée,Booking
,Informations sur l'hôte,,,,,,,Informations sur l'hôte,,,Guadeloupe,,,,Studio à louer,,Appartement 2 Chambres,,,,,,"Rue Richard Deveaux, 97128 Goyave, GuadeloupeUne fois votre réservation effectuée, toutes les informations sur l'établissement, y compris le numéro de téléphone et l'adresse, seront disponibles sur votre confirmation de réservation ainsi que dans votre compte.",,,Goyave,,,,,,,https://www.booking.com/hotel/gp/studio-a-louer-goyave.fr.html?aid=304142&label=gen173nr-1FCAQoggJCJnNlYXJjaF9nb3lhdmUtLWJhc3NlfnRlcnJlLS1ndWFkZWxvdXBlSDNYBGhaiAEBmAENuAEXyAEM2AEB6AEB-AEDiAIBqAIDuALl89O9BsACAdICJDY2OGI5NzlmLTc4MDktNGJjMy04OGE2LWRmOTMwMmI0YzkxYtgCBeACAQ&ucfs=1&arphpl=1&group_adults=2&req_adults=2&no_rooms=1&group_children=0&req_children=0&hpos=14&hapos=14&sr_order=popularity&srpvid=26dd96326f370184&srepoch=1739913707&from=searchresults,Studio à louer,Booking
,Informations sur l'hôte,,,,,,,Informations sur l'hôte,,,Guadeloupe,,,,Kaz a alou,,Appartement 1 Chambre,,,,,,"97128 Chemin de Christophe, 97128 Goyave, GuadeloupeUne fois votre réservation effectuée, toutes les informations sur l'établissement, y compris le numéro de téléphone et l'adresse, seront disponibles sur votre confirmation de réservation ainsi que dans votre compte.",,,Goyave,,,,,,,https://www.booking.com/hotel/gp/kaz-a-alou.fr.html?aid=304142&label=gen173nr-1FCAQoggJCJnNlYXJjaF9nb3lhdmUtLWJhc3NlfnRlcnJlLS1ndWFkZWxvdXBlSDNYBGhaiAEBmAENuAEXyAEM2AEB6AEB-AEDiAIBqAIDuALl89O9BsACAdICJDY2OGI5NzlmLTc4MDktNGJjMy04OGE2LWRmOTMwMmI0YzkxYtgCBeACAQ&ucfs=1&arphpl=1&group_adults=2&req_adults=2&no_rooms=1&group_children=0&req_children=0&hpos=17&hapos=17&sr_order=popularity&srpvid=26dd96326f370184&srepoch=1739913707&from=searchresults,Kaz a alou,Booking
,,,,,,,,https://www.airbnb.fr/users/show/263039564,,,Guadeloupe,,,,Aidez-nous à améliorer votre expérience,,,,,,,,,,,Goyave,,,,,,,https://www.airbnb.fr/rooms/34899360?search_mode=regular_search&adults=1&check_in=2025-03-09&check_out=2025-03-14&children=0&infants=0&pets=0&source_impression_id=p3_1739913753_P33f74IGkdzXCe3Q&previous_page_section_name=1000,Aidez-nous à améliorer votre expérience,Airbnb
,,,,,,,,https://www.airbnb.fr/users/show/78017534,,,Guadeloupe,,,,Le Bambou,,,,,,,,,,,Goyave,,,,,,,https://www.airbnb.fr/rooms/31189123?search_mode=regular_search&adults=1&check_in=2025-02-20&check_out=2025-02-25&children=0&infants=0&pets=0&source_impression_id=p3_1739913744_P3ewNngnjC2gauLx&previous_page_section_name=1000,Le Bambou,Airbnb
,,,,,,,,https://www.airbnb.fr/users/show/46457760,,,Guadeloupe,,,,Aidez-nous à améliorer votre expérience,,,,,,,,,,,Goyave,,,,,,,https://www.airbnb.fr/rooms/14841012?search_mode=regular_search&adults=1&check_in=2025-02-20&check_out=2025-02-25&children=0&infants=0&pets=0&source_impression_id=p3_1739913757_P3k9uyYEt9SEDbKq&previous_page_section_name=1000,Aidez-nous à améliorer votre expérience,Airbnb
,,,,,,,,https://www.airbnb.fr/users/show/333764385,,,Guadeloupe,,,,Au centre de l'île,,,,,,,,,,,Goyave,,,,,,,https://www.airbnb.fr/rooms/42091110?search_mode=regular_search&adults=1&check_in=2025-02-22&check_out=2025-02-27&children=0&infants=0&pets=0&source_impression_id=p3_1739913733_P3xuoEdpKQxjpYBP&previous_page_section_name=1000,Au centre de l'île,Airbnb
,Votre hôte TURLET,,,,,,,Votre hôte TURLET,,,Guadeloupe,,,,Villa BEAUCI-TURLET,,Villa 2 Chambres :,,,,,,"Route de Moreau bonfils, 97128 Goyave, GuadeloupeExcellente situation géographique — avec une note de 9/10!(note basée sur 12 commentaires)Évaluée par les clients après leur séjour à l'établissement Villa BEAUCI-TURLET.",,,Goyave,,,,,,,https://www.booking.com/hotel/gp/beauci-turlet.fr.html?aid=304142&label=gen173nr-1FCAQoggJCJnNlYXJjaF9nb3lhdmUtLWJhc3NlfnRlcnJlLS1ndWFkZWxvdXBlSDNYBGhaiAEBmAENuAEXyAEM2AEB6AEB-AEDiAIBqAIDuALl89O9BsACAdICJDY2OGI5NzlmLTc4MDktNGJjMy04OGE2LWRmOTMwMmI0YzkxYtgCBeACAQ&ucfs=1&arphpl=1&group_adults=2&req_adults=2&no_rooms=1&group_children=0&req_children=0&hpos=16&hapos=16&sr_order=popularity&srpvid=26dd96326f370184&srepoch=1739913707&from=searchresults,Villa BEAUCI-TURLET,Booking
,,,,,,,,https://www.airbnb.fr/users/show/476523043,,,Guadeloupe,,,,Studio bordure de mer +rando le week-end,,,,,,,,,,,Goyave,,,,,,,https://www.airbnb.fr/rooms/788553494330528501?search_mode=regular_search&adults=1&check_in=2025-03-03&check_out=2025-03-08&children=0&infants=0&pets=0&source_impression_id=p3_1739913753_P3UKL9F_habhiDE8&previous_page_section_name=1000,Studio bordure de mer +rando le week-end,Airbnb
,,,,,,,,https://www.airbnb.fr/users/show/376431290,,,Guadeloupe,,,,Bienvenue au Gîte « Canolie » ,,,,,,,,,,,Goyave,,,,,,,https://www.airbnb.fr/rooms/911683407468092571?search_mode=regular_search&adults=1&check_in=2025-11-01&check_out=2025-11-06&children=0&infants=0&pets=0&source_impression_id=p3_1739913757_P3hc-QNJ6SVG7vus&previous_page_section_name=1000,Bienvenue au Gîte « Canolie » ,Airbnb
,,,,,,,,https://www.airbnb.fr/users/show/29157973,,,Guadeloupe,,,,Bungalow calme dans la nature idéal randonnées,,,,,,,,,,,Goyave,,,,,,,https://www.airbnb.fr/rooms/5772309?search_mode=regular_search&adults=1&check_in=2025-02-22&check_out=2025-02-27&children=0&infants=0&pets=0&source_impression_id=p3_1739913753_P39quR1JluIXIjZN&previous_page_section_name=1000,Bungalow calme dans la nature idéal randonnées,Airbnb
,Votre hôte Thierry,,,,,,,Votre hôte Thierry,,,Guadeloupe,,,,Maison 80 m2 super vue montagne piscine 2 chambres,,Maison 2 Chambres,,,,,,"Lotissement Charles Nesty 3, 97128 Goyave, GuadeloupeUne fois votre réservation effectuée, toutes les informations sur l'établissement, y compris le numéro de téléphone et l'adresse, seront disponibles sur votre confirmation de réservation ainsi que dans votre compte.",,,Goyave,,,,,,,https://www.booking.com/hotel/gp/maison-80-m2-super-vue-montagne-piscine-2-chambres.fr.html?aid=304142&label=gen173nr-1FCAQoggJCJnNlYXJjaF9nb3lhdmUtLWJhc3NlfnRlcnJlLS1ndWFkZWxvdXBlSDNYBGhaiAEBmAENuAEXyAEM2AEB6AEB-AEDiAIBqAIDuALl89O9BsACAdICJDY2OGI5NzlmLTc4MDktNGJjMy04OGE2LWRmOTMwMmI0YzkxYtgCBeACAQ&ucfs=1&arphpl=1&group_adults=2&req_adults=2&no_rooms=1&group_children=0&req_children=0&hpos=18&hapos=18&sr_order=popularity&srpvid=26dd96326f370184&srepoch=1739913707&from=searchresults,Maison 80 m2 super vue montagne piscine 2 chambres,Booking
,,,,,,,,https://www.airbnb.fr/users/show/499877974,,,Guadeloupe,,,,"Studio Nad'Ange, au pied de la Soufrière",,,,,,,,,,,Goyave,,,,,,,https://www.airbnb.fr/rooms/829089109269698022?search_mode=regular_search&adults=1&check_in=2025-03-05&check_out=2025-03-10&children=0&infants=0&pets=0&source_impression_id=p3_1739913753_P3WoXP_XOdQmgcif&previous_page_section_name=1000,"Studio Nad'Ange, au pied de la Soufrière",Airbnb
,,,,,,,,https://www.airbnb.fr/users/show/104033443,,,Guadeloupe,,,,Logement T1 confortable,,,,,,,,,,,Goyave,,,,,,,https://www.airbnb.fr/rooms/16003643?search_mode=regular_search&adults=1&check_in=2025-03-10&check_out=2025-03-16&children=0&infants=0&pets=0&source_impression_id=p3_1739913753_P3Qwt9oXiMcxnGdJ&previous_page_section_name=1000,Logement T1 confortable,Airbnb
,,,,,,,,https://www.airbnb.fr/users/show/161441174,,,Guadeloupe,,,,Bungalow Abricot au calme avec vue sur la nature,,,,,,,,,,,Goyave,,,,,,,https://www.airbnb.fr/rooms/810167913212023734?search_mode=regular_search&adults=1&check_in=2025-04-26&check_out=2025-05-01&children=0&infants=0&pets=0&source_impression_id=p3_1739913753_P3hCUyRotD_wiQy_&previous_page_section_name=1000,Bungalow Abricot au calme avec vue sur la nature,Airbnb
,,,,,,,,https://www.airbnb.fr/users/show/244180255,,,Guadeloupe,,,,Très belle villa avec piscine,,,,,,,,,,,Goyave,,,,,,,https://www.airbnb.fr/rooms/50811301?search_mode=regular_search&adults=1&check_in=2025-03-12&check_out=2025-03-18&children=0&infants=0&pets=0&source_impression_id=p3_1739913753_P3A2RcNHIlzmk1Uz&previous_page_section_name=1000,Très belle villa avec piscine,Airbnb
,Votre hôte GITE MANMANS,,,,,,,Votre hôte GITE MANMANS,,,Guadeloupe,,,,Gite Manmans,,Maison 1 Chambre,,,,,,"Chemin Bocato, 97128 Goyave, GuadeloupeUne fois votre réservation effectuée, toutes les informations sur l'établissement, y compris le numéro de téléphone et l'adresse, seront disponibles sur votre confirmation de réservation ainsi que dans votre compte.",,,Goyave,,,,,,,https://www.booking.com/hotel/gp/gite-manmans.fr.html?aid=304142&label=gen173nr-1FCAQoggJCJnNlYXJjaF9nb3lhdmUtLWJhc3NlfnRlcnJlLS1ndWFkZWxvdXBlSDNYBGhaiAEBmAENuAEXyAEM2AEB6AEB-AEDiAIBqAIDuALl89O9BsACAdICJDY2OGI5NzlmLTc4MDktNGJjMy04OGE2LWRmOTMwMmI0YzkxYtgCBeACAQ&ucfs=1&arphpl=1&group_adults=2&req_adults=2&no_rooms=1&group_children=0&req_children=0&hpos=19&hapos=19&sr_order=popularity&srpvid=26dd96326f370184&srepoch=1739913707&from=searchresults,Gite Manmans,Booking
,Votre hôte Jimmy,,,,,,,Votre hôte Jimmy,,,Guadeloupe,,,,Villa paisible,,Villa,,,,,,"272 Rue de l'Habitation, 97128 Goyave, GuadeloupeUne fois votre réservation effectuée, toutes les informations sur l'établissement, y compris le numéro de téléphone et l'adresse, seront disponibles sur votre confirmation de réservation ainsi que dans votre compte.",,,Goyave,,,,,,,https://www.booking.com/hotel/gp/villa-paisible.fr.html?aid=304142&label=gen173nr-1FCAQoggJCJnNlYXJjaF9nb3lhdmUtLWJhc3NlfnRlcnJlLS1ndWFkZWxvdXBlSDNYBGhaiAEBmAENuAEXyAEM2AEB6AEB-AEDiAIBqAIDuALl89O9BsACAdICJDY2OGI5NzlmLTc4MDktNGJjMy04OGE2LWRmOTMwMmI0YzkxYtgCBeACAQ&ucfs=1&arphpl=1&group_adults=2&req_adults=2&no_rooms=1&group_children=0&req_children=0&hpos=23&hapos=23&sr_order=popularity&srpvid=26dd96326f370184&srepoch=1739913707&from=searchresults,Villa paisible,Booking
,,,,,,,,https://www.airbnb.fr/users/show/531703923,,,Guadeloupe,,,,Villa luciole,,,,,,,,,,,Goyave,,,,,,,https://www.airbnb.fr/rooms/1307402547912320690?search_mode=regular_search&adults=1&check_in=2025-04-22&check_out=2025-04-27&children=0&infants=0&pets=0&source_impression_id=p3_1739913753_P3SFkjYgs4ZToM4n&previous_page_section_name=1000,Villa luciole,Airbnb
,,,,,,,,https://www.airbnb.fr/users/show/571844880,,,Guadeloupe,,,,Chambre studio - vue sur Piscine,,,,,,,,,,,Goyave,,,,,,,https://www.airbnb.fr/rooms/1227642576764490264?search_mode=regular_search&adults=1&category_tag=Tag%3A8678&check_in=2025-03-22&check_out=2025-03-27&children=0&infants=0&pets=0&photo_id=1978773444&source_impression_id=p3_1739913753_P3PssnBHJ8LFdtra&previous_page_section_name=1000,Chambre studio - vue sur Piscine,Airbnb
,,,,,,,,https://www.airbnb.fr/users/show/30697356,,,Guadeloupe,,,,Bungalow F1 néo dans belle propriété Art Déco !,,,,,,,,,,,Goyave,,,,,,,https://www.airbnb.fr/rooms/23434431?search_mode=regular_search&adults=1&check_in=2025-02-19&check_out=2025-02-24&children=0&infants=0&pets=0&source_impression_id=p3_1739913753_P3EVpwaGWbsJSe_F&previous_page_section_name=1000,Bungalow F1 néo dans belle propriété Art Déco !,Airbnb
,,,,,,,,https://www.airbnb.fr/users/show/123202077,,,Guadeloupe,,,,Tipi,,,,,,,,,,,Goyave,,,,,,,https://www.airbnb.fr/rooms/1063813598061052077?search_mode=regular_search&adults=1&check_in=2025-02-26&check_out=2025-03-03&children=0&infants=0&pets=0&source_impression_id=p3_1739913756_P3B97mA0meVE2_VW&previous_page_section_name=1000,Tipi,Airbnb
,Informations sur l'hôte,,,,,,,Informations sur l'hôte,,,Guadeloupe,,,,"Appartement ensoleillé à Goyave, 50 m², vue mer et balcon",,Appartement 2 Chambres,,,,,,"Chemin de la Rose , 97128 Goyave, GuadeloupeUne fois votre réservation effectuée, toutes les informations sur l'établissement, y compris le numéro de téléphone et l'adresse, seront disponibles sur votre confirmation de réservation ainsi que dans votre compte.",,,Goyave,,,,,,,https://www.booking.com/hotel/gp/apartment-chemin-de-la-rose-2.fr.html?aid=304142&label=gen173nr-1FCAQoggJCJnNlYXJjaF9nb3lhdmUtLWJhc3NlfnRlcnJlLS1ndWFkZWxvdXBlSDNYBGhaiAEBmAENuAEXyAEM2AEB6AEB-AEDiAIBqAIDuALl89O9BsACAdICJDY2OGI5NzlmLTc4MDktNGJjMy04OGE2LWRmOTMwMmI0YzkxYtgCBeACAQ&ucfs=1&arphpl=1&group_adults=2&req_adults=2&no_rooms=1&group_children=0&req_children=0&hpos=24&hapos=24&sr_order=popularity&srpvid=26dd96326f370184&srepoch=1739913707&from=searchresults,"Appartement ensoleillé à Goyave, 50 m², vue mer et balcon",Booking
,,,,,,,,https://www.airbnb.fr/users/show/276644217,,,Guadeloupe,,,,Villa Canyon aux Bambous,,,,,,,,,,,Goyave,,,,,,,https://www.airbnb.fr/rooms/36805009?search_mode=regular_search&adults=1&check_in=2025-04-02&check_out=2025-04-07&children=0&infants=0&pets=0&source_impression_id=p3_1739913757_P3FjCroXmUqp4EJg&previous_page_section_name=1000,Villa Canyon aux Bambous,Airbnb
,,,,,,,,https://www.airbnb.fr/users/show/78373368,,,Guadeloupe,,,,les gîtes de beausejour,,,,,,,,,,,Goyave,,,,,,,https://www.airbnb.fr/rooms/25317743?search_mode=regular_search&adults=1&check_in=2025-02-25&check_out=2025-03-02&children=0&infants=0&pets=0&source_impression_id=p3_1739913757_P3UCJZgiGOM_5BKi&previous_page_section_name=1000,les gîtes de beausejour,Airbnb
,,,,,,,,https://www.airbnb.fr/users/show/60019287,,,Guadeloupe,,,,Rêve Enchanté,,,,,,,,,,,Goyave,,,,,,,https://www.airbnb.fr/rooms/858565162493811015?search_mode=regular_search&adults=1&check_in=2025-02-24&check_out=2025-03-01&children=0&infants=0&pets=0&source_impression_id=p3_1739913741_P3wVgS5gAQDNXo2l&previous_page_section_name=1000,Rêve Enchanté,Airbnb
,,,,,,,,https://www.airbnb.fr/users/show/173726646,,,Guadeloupe,,,,Tigili l'Appart Fougère,,,,,,,,,,,Goyave,,,,,,,https://www.airbnb.fr/rooms/23327349?search_mode=regular_search&adults=1&check_in=2025-02-19&check_out=2025-02-24&children=0&infants=0&pets=0&source_impression_id=p3_1739913736_P3tcGBGO9c9Ll1AY&previous_page_section_name=1000,Tigili l'Appart Fougère,Airbnb
,,,,,,,,https://www.airbnb.fr/users/show/659743594,,,Guadeloupe,,,,Orchidée Petit-bourg,,,,,,,,,,,Goyave,,,,,,,https://www.airbnb.fr/rooms/1279048955263043973?search_mode=regular_search&adults=1&check_in=2025-03-07&check_out=2025-03-12&children=0&infants=0&pets=0&source_impression_id=p3_1739913736_P3qkOtDzhoK5S8XZ&previous_page_section_name=1000,Orchidée Petit-bourg,Airbnb
,,,,,,,,https://www.airbnb.fr/users/show/103044235,,,Guadeloupe,,,,Petit studio dans résidence sécurisée,,,,,,,,,,,Goyave,,,,,,,https://www.airbnb.fr/rooms/53184185?search_mode=regular_search&adults=1&check_in=2025-03-13&check_out=2025-03-18&children=0&infants=0&pets=0&source_impression_id=p3_1739913736_P3xFQhk5PkjmDXB0&previous_page_section_name=1000,Petit studio dans résidence sécurisée,Airbnb
,,,,,,,,https://www.airbnb.fr/users/show/145080253,,,Guadeloupe,,,,Des Racines & Des Ailes,,,,,,,,,,,Goyave,,,,,,,https://www.airbnb.fr/rooms/25055773?search_mode=regular_search&adults=1&check_in=2025-02-28&check_out=2025-03-05&children=0&infants=0&pets=0&source_impression_id=p3_1739913736_P3F0PocGJmtGxOyW&previous_page_section_name=1000,Des Racines & Des Ailes,Airbnb
,,,,,,,,https://www.airbnb.fr/users/show/155273740,,,Guadeloupe,,,,Villa Milice Dace : Chambre d’hôte,,,,,,,,,,,Goyave,,,,,,,https://www.airbnb.fr/rooms/1311005302042733492?search_mode=regular_search&adults=1&category_tag=Tag%3A8678&check_in=2025-03-16&check_out=2025-03-21&children=0&infants=0&pets=0&photo_id=2067687652&source_impression_id=p3_1739913736_P3D5qctsQrFON9vY&previous_page_section_name=1000,Villa Milice Dace : Chambre d’hôte,Airbnb
,,,,,,,,https://www.airbnb.fr/users/show/536281223,,,Guadeloupe,,,,maison à louer,,,,,,,,,,,Goyave,,,,,,,https://www.airbnb.fr/rooms/976726531461051578?search_mode=regular_search&adults=1&check_in=2025-02-19&check_out=2025-02-24&children=0&infants=0&pets=0&source_impression_id=p3_1739913736_P3KAjcxmD16lUvfF&previous_page_section_name=1000,maison à louer,Airbnb
,,,,,,,,https://www.airbnb.fr/users/show/269559618,,,Guadeloupe,,,,Logement Colibri appart 3 Capesterre-belle-eau,,,,,,,,,,,Goyave,,,,,,,https://www.airbnb.fr/rooms/784552029028831643?search_mode=regular_search&adults=1&check_in=2025-02-20&check_out=2025-02-25&children=0&infants=0&pets=0&source_impression_id=p3_1739913736_P32iVlF1D_6MGgXW&previous_page_section_name=1000,Logement Colibri appart 3 Capesterre-belle-eau,Airbnb
,,,,,,,,https://www.airbnb.fr/users/show/325267286,,,Guadeloupe,,,,Villa Métisse - Chambre vue mer + petit dej,,,,,,,,,,,Goyave,,,,,,,https://www.airbnb.fr/rooms/41370665?search_mode=regular_search&adults=1&category_tag=Tag%3A8678&check_in=2025-04-02&check_out=2025-04-07&children=0&infants=0&pets=0&photo_id=944756270&source_impression_id=p3_1739913736_P38qFxzobIHei5NQ&previous_page_section_name=1000,Villa Métisse - Chambre vue mer + petit dej,Airbnb
,,,,,,,,https://www.airbnb.fr/users/show/539529078,,,Guadeloupe,,,,Logement le colibri d'isa,,,,,,,,,,,Goyave,,,,,,,https://www.airbnb.fr/rooms/991193823286067652?search_mode=regular_search&adults=1&check_in=2025-04-22&check_out=2025-04-27&children=0&infants=0&pets=0&source_impression_id=p3_1739913736_P3pRlMutTtObjz3v&previous_page_section_name=1000,Logement le colibri d'isa,Airbnb
,,,,,,,,https://www.airbnb.fr/users/show/19596833,,,Guadeloupe,,,,Sea view Bungalow/Bungalow vue mer,,,,,,,,,,,Goyave,,,,,,,https://www.airbnb.fr/rooms/3852757?search_mode=regular_search&adults=1&check_in=2025-03-29&check_out=2025-04-03&children=0&infants=0&pets=0&source_impression_id=p3_1739913736_P3yrQitdg-6Sr5kk&previous_page_section_name=1000,Sea view Bungalow/Bungalow vue mer,Airbnb
,,,,,,,,https://www.airbnb.fr/users/show/552539987,,,Guadeloupe,,,,Moderne Lodge Tropical,,,,,,,,,,,Goyave,,,,,,,https://www.airbnb.fr/rooms/1054319048820755918?search_mode=regular_search&adults=1&check_in=2025-03-10&check_out=2025-03-15&children=0&infants=0&pets=0&source_impression_id=p3_1739913736_P3jcKaR0ho9BHw56&previous_page_section_name=1000,Moderne Lodge Tropical,Airbnb
,,,,,,,,https://www.airbnb.fr/users/show/94089168,,,Guadeloupe,,,,Séjour Unique à Bord : Confort et Charme sur l’Eau,,,,,,,,,,,Goyave,,,,,,,https://www.airbnb.fr/rooms/1325500577448482029?search_mode=regular_search&adults=1&check_in=2025-02-28&check_out=2025-03-05&children=0&infants=0&pets=0&source_impression_id=p3_1739913736_P3DPLzKVzCGLXNuv&previous_page_section_name=1000,Séjour Unique à Bord : Confort et Charme sur l’Eau,Airbnb
,,,,,,,,https://www.airbnb.fr/users/show/112569832,,,Guadeloupe,,,,Centre Guadeloupe Gest House à la Campagne,,,,,,,,,,,Goyave,,,,,,,https://www.airbnb.fr/rooms/53637393?search_mode=regular_search&adults=1&check_in=2025-02-19&check_out=2025-02-24&children=0&infants=0&pets=0&source_impression_id=p3_1739913736_P36uQUCUpTqKib_z&previous_page_section_name=1000,Centre Guadeloupe Gest House à la Campagne,Airbnb
,,,,,,,,https://www.airbnb.fr/users/show/251699245,,,Guadeloupe,,,,A la campagne nid d'amour,,,,,,,,,,,Goyave,,,,,,,https://www.airbnb.fr/rooms/33411681?search_mode=regular_search&adults=1&check_in=2025-03-01&check_out=2025-03-06&children=0&infants=0&pets=0&source_impression_id=p3_1739913736_P3_9pBM5GtIoqdoZ&previous_page_section_name=1000,A la campagne nid d'amour,Airbnb
,,,,,,,,https://www.airbnb.fr/users/show/71605153,,,Guadeloupe,,,,Beau studio à la campagne,,,,,,,,,,,Goyave,,,,,,,https://www.airbnb.fr/rooms/20702143?search_mode=regular_search&adults=1&check_in=2025-02-19&check_out=2025-02-24&children=0&infants=0&pets=0&source_impression_id=p3_1739913736_P3cY_PjYtc5J12i6&previous_page_section_name=1000,Beau studio à la campagne,Airbnb
,,,,,,,,https://www.airbnb.fr/users/show/62248529,,,Guadeloupe,,,,Beau studio 2 personnes,,,,,,,,,,,Goyave,,,,,,,https://www.airbnb.fr/rooms/11710121?search_mode=regular_search&adults=1&check_in=2025-03-31&check_out=2025-04-05&children=0&infants=0&pets=0&source_impression_id=p3_1739913736_P3bopHhnVxl17_nu&previous_page_section_name=1000,Beau studio 2 personnes,Airbnb
,,,,,,,,https://www.airbnb.fr/users/show/245663976,,,Guadeloupe,,,,Logement vue sur mer avec jacuzzi,,,,,,,,,,,Goyave,,,,,,,https://www.airbnb.fr/rooms/862385941540182855?search_mode=regular_search&adults=1&check_in=2025-02-20&check_out=2025-02-25&children=0&infants=0&pets=0&source_impression_id=p3_1739913736_P3DOvj7gl4MCv488&previous_page_section_name=1000,Logement vue sur mer avec jacuzzi,Airbnb
,,,,,,,,https://www.airbnb.fr/users/show/558785207,,,Guadeloupe,,,,Ti Bout D'Paradis vue montagne,,,,,,,,,,,Goyave,,,,,,,https://www.airbnb.fr/rooms/1077722162009792575?search_mode=regular_search&adults=1&check_in=2025-02-26&check_out=2025-03-03&children=0&infants=0&pets=0&source_impression_id=p3_1739913736_P3zvRaHO49ydWRHU&previous_page_section_name=1000,Ti Bout D'Paradis vue montagne,Airbnb
,,,,,,,,https://www.airbnb.fr/users/show/123202077,,,Guadeloupe,,,,Hostelbana / backpacker Lit 2 /Wi-Fi gratuit,,,,,,,,,,,Goyave,,,,,,,https://www.airbnb.fr/rooms/19900174?search_mode=regular_search&adults=1&check_in=2025-03-05&check_out=2025-03-10&children=0&infants=0&pets=0&source_impression_id=p3_1739913740_P3tadQhHcV4SzIpD&previous_page_section_name=1000,Hostelbana / backpacker Lit 2 /Wi-Fi gratuit,Airbnb
,,,,,,,,https://www.airbnb.fr/users/show/322235480,,,Guadeloupe,,,,Bungalow Les Lézardes / jardin tropical /  rivière,,,,,,,,,,,Goyave,,,,,,,https://www.airbnb.fr/rooms/41171814?search_mode=regular_search&adults=1&check_in=2025-02-18&check_out=2025-02-24&children=0&infants=0&pets=0&source_impression_id=p3_1739913740_P3Sx2kw64Ng4Ltz0&previous_page_section_name=1000,Bungalow Les Lézardes / jardin tropical /  rivière,Airbnb
,,,,,,,,https://www.airbnb.fr/users/show/515985845,,,Guadeloupe,,,,Gîte privé,,,,,,,,,,,Goyave,,,,,,,https://www.airbnb.fr/rooms/1287143578637079878?search_mode=regular_search&adults=1&check_in=2025-02-28&check_out=2025-03-05&children=0&infants=0&pets=0&source_impression_id=p3_1739913740_P3TuFEjGoaYWom3d&previous_page_section_name=1000,Gîte privé,Airbnb
,,,,,,,,https://www.airbnb.fr/users/show/245663976,,,Guadeloupe,,,,Logement vue sur mer avec jacuzzi,,,,,,,,,,,Goyave,,,,,,,https://www.airbnb.fr/rooms/862385941540182855?search_mode=regular_search&adults=1&check_in=2025-02-20&check_out=2025-02-25&children=0&infants=0&pets=0&source_impression_id=p3_1739913740_P3Fp7QM8C6ld74zO&previous_page_section_name=1000,Logement vue sur mer avec jacuzzi,Airbnb
,,,,,,,,https://www.airbnb.fr/users/show/656106175,,,Guadeloupe,,,,Bungalow Heliconia: Créole Chic,,,,,,,,,,,Goyave,,,,,,,https://www.airbnb.fr/rooms/1332897040681077037?search_mode=regular_search&adults=1&check_in=2025-02-18&check_out=2025-02-23&children=0&infants=0&pets=0&source_impression_id=p3_1739913740_P3itqDyK3s1e_GhS&previous_page_section_name=1000,Bungalow Heliconia: Créole Chic,Airbnb
,,,,,,,,https://www.airbnb.fr/users/show/50668582,,,Guadeloupe,,,,Paisible maisonnette avec piscine privée,,,,,,,,,,,Goyave,,,,,,,https://www.airbnb.fr/rooms/9839813?search_mode=regular_search&adults=1&check_in=2025-05-12&check_out=2025-05-17&children=0&infants=0&pets=0&source_impression_id=p3_1739913740_P3QhEgAkViTDhPED&previous_page_section_name=1000,Paisible maisonnette avec piscine privée,Airbnb
,,,,,,,,https://www.airbnb.fr/users/show/79450746,,,Guadeloupe,,,,Duplex neuf Rose du Désert,,,,,,,,,,,Goyave,,,,,,,https://www.airbnb.fr/rooms/1354340044284819511?search_mode=regular_search&adults=1&check_in=2025-02-18&check_out=2025-02-23&children=0&infants=0&pets=0&source_impression_id=p3_1739913741_P3YikbdwN8JeCEH-&previous_page_section_name=1000,Duplex neuf Rose du Désert,Airbnb
,,,,,,,,https://www.airbnb.fr/users/show/307889917,,,Guadeloupe,,,,Ti Karèt vue panoramique sur les Saintes,,,,,,,,,,,Goyave,,,,,,,https://www.airbnb.fr/rooms/40278757?search_mode=regular_search&adults=1&check_in=2025-04-24&check_out=2025-04-29&children=0&infants=0&pets=0&source_impression_id=p3_1739913741_P33sJOyWxi-joPPm&previous_page_section_name=1000,Ti Karèt vue panoramique sur les Saintes,Airbnb
,,,,,,,,https://www.airbnb.fr/users/show/123202077,,,Guadeloupe,,,,Hostelbana / backpaker Lit 3/Wifi gratuit,,,,,,,,,,,Goyave,,,,,,,https://www.airbnb.fr/rooms/19985188?search_mode=regular_search&adults=1&check_in=2025-02-22&check_out=2025-02-27&children=0&infants=0&pets=0&source_impression_id=p3_1739913744_P3JXvc0oMeN-XT4L&previous_page_section_name=1000,Hostelbana / backpaker Lit 3/Wifi gratuit,Airbnb
,,,,,,,,https://www.airbnb.fr/users/show/153959307,,,Guadeloupe,,,,"Maison Type F2 , neuve ,  Petit-bourg Centre",,,,,,,,,,,Goyave,,,,,,,https://www.airbnb.fr/rooms/21293991?search_mode=regular_search&adults=1&check_in=2025-02-23&check_out=2025-02-28&children=0&infants=0&pets=0&source_impression_id=p3_1739913741_P38O8fBoHygylsTy&previous_page_section_name=1000,"Maison Type F2 , neuve ,  Petit-bourg Centre",Airbnb
,,,,,,,,https://www.airbnb.fr/users/show/504517246,,,Guadeloupe,,,,Bungalow au calme au calme,,,,,,,,,,,Goyave,,,,,,,https://www.airbnb.fr/rooms/864451696728684026?search_mode=regular_search&adults=1&check_in=2025-03-17&check_out=2025-03-22&children=0&infants=0&pets=0&source_impression_id=p3_1739913741_P3QDgwlzbR7Znlc4&previous_page_section_name=1000,Bungalow au calme au calme,Airbnb
,,,,,,,,https://www.airbnb.fr/users/show/28339085,,,Guadeloupe,,,,Bungalow entre ville et forêt,,,,,,,,,,,Goyave,,,,,,,https://www.airbnb.fr/rooms/5463780?search_mode=regular_search&adults=1&check_in=2025-05-20&check_out=2025-05-25&children=0&infants=0&pets=0&source_impression_id=p3_1739913741_P3g_EY6cDKyLVx82&previous_page_section_name=1000,Bungalow entre ville et forêt,Airbnb
,,,,,,,,https://www.airbnb.fr/users/show/85473622,,,Guadeloupe,,,,"Vanillia, villa créole dans son jardin tropical",,,,,,,,,,,Goyave,,,,,,,https://www.airbnb.fr/rooms/14177608?search_mode=regular_search&adults=1&check_in=2025-03-30&check_out=2025-04-05&children=0&infants=0&pets=0&source_impression_id=p3_1739913741_P3KsQlRtEH5B9Hhn&previous_page_section_name=1000,"Vanillia, villa créole dans son jardin tropical",Airbnb
,,,,,,,,https://www.airbnb.fr/users/show/571473507,,,Guadeloupe,,,,Bungalow Justin,,,,,,,,,,,Goyave,,,,,,,https://www.airbnb.fr/rooms/1131292056141180164?search_mode=regular_search&adults=1&check_in=2025-02-26&check_out=2025-03-03&children=0&infants=0&pets=0&source_impression_id=p3_1739913741_P3RWMBsRYRy56PVx&previous_page_section_name=1000,Bungalow Justin,Airbnb
,,,,,,,,https://www.airbnb.fr/users/show/31619550,,,Guadeloupe,,,,deux pièces climatisé,,,,,,,,,,,Goyave,,,,,,,https://www.airbnb.fr/rooms/8838764?search_mode=regular_search&adults=1&check_in=2025-02-22&check_out=2025-02-27&children=0&infants=0&pets=0&source_impression_id=p3_1739913741_P3501tPHY-pCpzRN&previous_page_section_name=1000,deux pièces climatisé,Airbnb
,,,,,,,,https://www.airbnb.fr/users/show/433305991,,,Guadeloupe,,,,BUNGOOD,,,,,,,,,,,Goyave,,,,,,,https://www.airbnb.fr/rooms/53510555?search_mode=regular_search&adults=1&check_in=2025-02-18&check_out=2025-02-23&children=0&infants=0&pets=0&source_impression_id=p3_1739913741_P3eg4eybyjadPMeP&previous_page_section_name=1000,BUNGOOD,Airbnb
,,,,,,,,https://www.airbnb.fr/users/show/59201068,,,Guadeloupe,,,,Grand bungalow familial au centre d un beau jardin,,,,,,,,,,,Goyave,,,,,,,https://www.airbnb.fr/rooms/11319239?search_mode=regular_search&adults=1&check_in=2025-02-19&check_out=2025-02-24&children=0&infants=0&pets=0&source_impression_id=p3_1739913741_P3CA8HHUrh1_WDeJ&previous_page_section_name=1000,Grand bungalow familial au centre d un beau jardin,Airbnb
,,,,,,,,https://www.airbnb.fr/users/show/216162063,,,Guadeloupe,,,,Chambres d'hôtes Gourbeyre,,,,,,,,,,,Goyave,,,,,,,https://www.airbnb.fr/rooms/974798763150497167?search_mode=regular_search&adults=1&category_tag=Tag%3A8678&check_in=2025-03-20&check_out=2025-03-25&children=0&infants=0&pets=0&photo_id=1885505922&source_impression_id=p3_1739913741_P3SmDrfWqVDTrV5n&previous_page_section_name=1000,Chambres d'hôtes Gourbeyre,Airbnb
,,,,,,,,https://www.airbnb.fr/users/show/248636822,,,Guadeloupe,,,,La villa du Bonheur,,,,,,,,,,,Goyave,,,,,,,https://www.airbnb.fr/rooms/33035977?search_mode=regular_search&adults=1&category_tag=Tag%3A8678&check_in=2025-02-28&check_out=2025-03-05&children=0&infants=0&pets=0&photo_id=2033423216&source_impression_id=p3_1739913744_P3lIxMBb3FeEf-RJ&previous_page_section_name=1000,La villa du Bonheur,Airbnb
,,,,,,,,https://www.airbnb.fr/users/show/500022476,,,Guadeloupe,,,,Très beau T2 vue sur les saintes,,,,,,,,,,,Goyave,,,,,,,https://www.airbnb.fr/rooms/821724841113035893?search_mode=regular_search&adults=1&check_in=2025-04-09&check_out=2025-04-14&children=0&infants=0&pets=0&source_impression_id=p3_1739913744_P330qMWwCN4R5RJn&previous_page_section_name=1000,Très beau T2 vue sur les saintes,Airbnb
,,,,,,,,https://www.airbnb.fr/users/show/61243112,,,Guadeloupe,,,,Appartement ZEN  Petit-bourg,,,,,,,,,,,Goyave,,,,,,,https://www.airbnb.fr/rooms/1297941270444631797?search_mode=regular_search&adults=1&check_in=2025-02-21&check_out=2025-02-26&children=0&infants=0&pets=0&source_impression_id=p3_1739913744_P36MmSWPLLHls_D4&previous_page_section_name=1000,Appartement ZEN  Petit-bourg,Airbnb
,,,,,,,,https://www.airbnb.fr/users/show/316314337,,,Guadeloupe,,,,Chambre paradisiaque,,,,,,,,,,,Goyave,,,,,,,https://www.airbnb.fr/rooms/693294201899854434?search_mode=regular_search&adults=1&category_tag=Tag%3A8678&check_in=2025-02-18&check_out=2025-02-23&children=0&infants=0&pets=0&photo_id=1672037641&source_impression_id=p3_1739913757_P3xSfPQ3I89AiIkj&previous_page_section_name=1000,Chambre paradisiaque,Airbnb
,,,,,,,,https://www.airbnb.fr/users/show/510933527,,,Guadeloupe,,,,Studio Villa Paradise n°1,,,,,,,,,,,Goyave,,,,,,,https://www.airbnb.fr/rooms/873769708892638941?search_mode=regular_search&adults=1&check_in=2025-02-19&check_out=2025-02-24&children=0&infants=0&pets=0&source_impression_id=p3_1739913757_P389Bz2tyeVXBj6v&previous_page_section_name=1000,Studio Villa Paradise n°1,Airbnb
,,,,,,,,https://www.airbnb.fr/users/show/558785207,,,Guadeloupe,,,,Villa avec piscine vue montagnes,,,,,,,,,,,Goyave,,,,,,,https://www.airbnb.fr/rooms/1111789417233986554?search_mode=regular_search&adults=1&check_in=2025-02-26&check_out=2025-03-04&children=0&infants=0&pets=0&source_impression_id=p3_1739913757_P3otXzkTzQrK0vZS&previous_page_section_name=1000,Villa avec piscine vue montagnes,Airbnb
,,,,,,,,https://www.airbnb.fr/users/show/212245834,,,Guadeloupe,,,,Chambre superbe vue sur Les Saintes + piscine,,,,,,,,,,,Goyave,,,,,,,https://www.airbnb.fr/rooms/28097973?search_mode=regular_search&adults=1&category_tag=Tag%3A8678&check_in=2025-02-28&check_out=2025-03-05&children=0&infants=0&pets=0&photo_id=685252260&source_impression_id=p3_1739913757_P3dl7ogNaXmlirHs&previous_page_section_name=1000,Chambre superbe vue sur Les Saintes + piscine,Airbnb
,,,,,,,,https://www.airbnb.fr/users/show/311349032,,,Guadeloupe,,,,Le ZANDOLI (Appartement avec vue),,,,,,,,,,,Goyave,,,,,,,https://www.airbnb.fr/rooms/40301353?search_mode=regular_search&adults=1&check_in=2025-02-21&check_out=2025-02-26&children=0&infants=0&pets=0&source_impression_id=p3_1739913757_P3wUnr6tLieyFkD8&previous_page_section_name=1000,Le ZANDOLI (Appartement avec vue),Airbnb
,,,,,,,,https://www.airbnb.fr/users/show/446769846,,,Guadeloupe,,,,"Vida Verde, vue sur mer",,,,,,,,,,,Goyave,,,,,,,https://www.airbnb.fr/rooms/1129864785106629856?search_mode=regular_search&adults=1&check_in=2025-03-26&check_out=2025-03-31&children=0&infants=0&pets=0&source_impression_id=p3_1739913757_P3EGnNXepGR_3E39&previous_page_section_name=1000,"Vida Verde, vue sur mer",Airbnb
,,,,,,,,https://www.airbnb.fr/users/show/307621344,,,Guadeloupe,,,,Westwood Kaloucaera,,,,,,,,,,,Goyave,,,,,,,https://www.airbnb.fr/rooms/1299433353270091389?search_mode=regular_search&adults=1&check_in=2025-02-18&check_out=2025-02-23&children=0&infants=0&pets=0&source_impression_id=p3_1739913757_P3vq0e_DlLb2xYWh&previous_page_section_name=1000,Westwood Kaloucaera,Airbnb
,,,,,,,,https://www.airbnb.fr/users/show/117933507,,,Guadeloupe,,,,Bungalow avec jolie vue mer,,,,,,,,,,,Goyave,,,,,,,https://www.airbnb.fr/rooms/17434193?search_mode=regular_search&adults=1&check_in=2025-04-03&check_out=2025-04-08&children=0&infants=0&pets=0&source_impression_id=p3_1739913757_P33jaUXzIeAURNbU&previous_page_section_name=1000,Bungalow avec jolie vue mer,Airbnb
,,,,,,,,https://www.airbnb.fr/users/show/174416591,,,Guadeloupe,,,,Hamac champêtre ! Couchage hamac en terrasse.,,,,,,,,,,,Goyave,,,,,,,https://www.airbnb.fr/rooms/35382432?search_mode=regular_search&adults=1&check_in=2025-02-18&check_out=2025-02-23&children=0&infants=0&pets=0&source_impression_id=p3_1739913757_P3BEcv2lHo6QeSGH&previous_page_section_name=1000,Hamac champêtre ! Couchage hamac en terrasse.,Airbnb
,,,,,,,,https://www.airbnb.fr/users/show/436684553,,,Guadeloupe,,,,La Perle,,,,,,,,,,,Goyave,,,,,,,https://www.airbnb.fr/rooms/53908232?search_mode=regular_search&adults=1&check_in=2025-04-03&check_out=2025-04-08&children=0&infants=0&pets=0&source_impression_id=p3_1739913757_P3vx8ZNTDrc9t1QU&previous_page_section_name=1000,La Perle,Airbnb
,,,,,,,,https://www.airbnb.fr/users/show/187674718,,,Guadeloupe,,,,Bungalow neuf et paisible avec vue sur les saintes,,,,,,,,,,,Goyave,,,,,,,https://www.airbnb.fr/rooms/51165823?search_mode=regular_search&adults=1&check_in=2025-02-24&check_out=2025-03-01&children=0&infants=0&pets=0&source_impression_id=p3_1739913744_P3EF5IBHSxuwx2KI&previous_page_section_name=1000,Bungalow neuf et paisible avec vue sur les saintes,Airbnb
,,,,,,,,https://www.airbnb.fr/users/show/307889917,,,Guadeloupe,,,,Tropical garden vue panoramique sur les Saintes,,,,,,,,,,,Goyave,,,,,,,https://www.airbnb.fr/rooms/39942398?search_mode=regular_search&adults=1&check_in=2025-03-27&check_out=2025-04-01&children=0&infants=0&pets=0&source_impression_id=p3_1739913744_P35mwlBq1QyoI91C&previous_page_section_name=1000,Tropical garden vue panoramique sur les Saintes,Airbnb
,,,,,,,,https://www.airbnb.fr/users/show/503831879,,,Guadeloupe,,,,"La Villa du Toucan d'Or, au cœur de la Guadeloupe",,,,,,,,,,,Goyave,,,,,,,https://www.airbnb.fr/rooms/839801804425519882?search_mode=regular_search&adults=1&check_in=2025-03-20&check_out=2025-03-25&children=0&infants=0&pets=0&source_impression_id=p3_1739913744_P3y173q74FifE48e&previous_page_section_name=1000,"La Villa du Toucan d'Or, au cœur de la Guadeloupe",Airbnb
,,,,,,,,https://www.airbnb.fr/users/show/422600888,,,Guadeloupe,,,,La maisonnette ti-bou,,,,,,,,,,,Goyave,,,,,,,https://www.airbnb.fr/rooms/52205028?search_mode=regular_search&adults=1&check_in=2025-02-18&check_out=2025-02-23&children=0&infants=0&pets=0&source_impression_id=p3_1739913744_P3hNj5Q9-L73ZrNL&previous_page_section_name=1000,La maisonnette ti-bou,Airbnb
,,,,,,,,https://www.airbnb.fr/users/show/533983196,,,Guadeloupe,,,,Tuwana,,,,,,,,,,,Goyave,,,,,,,https://www.airbnb.fr/rooms/966575513072261839?search_mode=regular_search&adults=1&check_in=2025-04-26&check_out=2025-05-01&children=0&infants=0&pets=0&source_impression_id=p3_1739913744_P3tFgnKN7fRXhCWY&previous_page_section_name=1000,Tuwana,Airbnb
,,,,,,,,https://www.airbnb.fr/users/show/12610790,,,Guadeloupe,,,,Océane,,,,,,,,,,,Goyave,,,,,,,https://www.airbnb.fr/rooms/744976488187410852?search_mode=regular_search&adults=1&check_in=2025-02-18&check_out=2025-02-23&children=0&infants=0&pets=0&source_impression_id=p3_1739913744_P32szkkGpw6Tquna&previous_page_section_name=1000,Océane,Airbnb
,,,,,,,,https://www.airbnb.fr/users/show/123202077,,,Guadeloupe,,,,Tipi,,,,,,,,,,,Goyave,,,,,,,https://www.airbnb.fr/rooms/1063813598061052077?search_mode=regular_search&adults=1&check_in=2025-02-26&check_out=2025-03-03&children=0&infants=0&pets=0&source_impression_id=p3_1739913744_P3qEdP8V6gWbSzcK&previous_page_section_name=1000,Tipi,Airbnb
,,,,,,,,https://www.airbnb.fr/users/show/45025725,,,Guadeloupe,,,,Capesterre Routhiers Villa des Fleurs,,,,,,,,,,,Goyave,,,,,,,https://www.airbnb.fr/rooms/8553697?search_mode=regular_search&adults=1&check_in=2025-02-20&check_out=2025-02-25&children=0&infants=0&pets=0&source_impression_id=p3_1739913748_P3p_P8KuWqFKjU4q&previous_page_section_name=1000,Capesterre Routhiers Villa des Fleurs,Airbnb
,,,,,,,,https://www.airbnb.fr/users/show/123202077,,,Guadeloupe,,,,hostelbana /backpacker Lit 4/wifi gratuit,,,,,,,,,,,Goyave,,,,,,,https://www.airbnb.fr/rooms/20422228?search_mode=regular_search&adults=1&check_in=2025-02-23&check_out=2025-02-28&children=0&infants=0&pets=0&source_impression_id=p3_1739913747_P327vxFfisNVPW8n&previous_page_section_name=1000,hostelbana /backpacker Lit 4/wifi gratuit,Airbnb
,,,,,,,,https://www.airbnb.fr/users/show/672538508,,,Guadeloupe,,,,Chambre dans grande maison,,,,,,,,,,,Goyave,,,,,,,https://www.airbnb.fr/rooms/1332731391205417317?search_mode=regular_search&adults=1&category_tag=Tag%3A8678&check_in=2025-02-19&check_out=2025-02-24&children=0&infants=0&pets=0&photo_id=2085279011&source_impression_id=p3_1739913748_P3lcM7N3xjJC5bDW&previous_page_section_name=1000,Chambre dans grande maison,Airbnb
,,,,,,,,https://www.airbnb.fr/users/show/579729807,,,Guadeloupe,,,,Eden du carbet F3 & Nature,,,,,,,,,,,Goyave,,,,,,,https://www.airbnb.fr/rooms/1165136417425008907?search_mode=regular_search&adults=1&check_in=2025-02-24&check_out=2025-03-01&children=0&infants=0&pets=0&source_impression_id=p3_1739913748_P3RM5XBXlvm9kFJ4&previous_page_section_name=1000,Eden du carbet F3 & Nature,Airbnb
,,,,,,,,https://www.airbnb.fr/users/show/1387491,,,Guadeloupe,,,,La parenthèse verdoyante,,,,,,,,,,,Goyave,,,,,,,https://www.airbnb.fr/rooms/1079080585214070906?search_mode=regular_search&adults=1&check_in=2025-03-17&check_out=2025-03-22&children=0&infants=0&pets=0&source_impression_id=p3_1739913748_P3WmZklZ59rQl2sI&previous_page_section_name=1000,La parenthèse verdoyante,Airbnb
,,,,,,,,https://www.airbnb.fr/users/show/656106175,,,Guadeloupe,,,,Bungalow Ixora: Charme et Nature,,,,,,,,,,,Goyave,,,,,,,https://www.airbnb.fr/rooms/1332864747689071550?search_mode=regular_search&adults=1&check_in=2025-02-25&check_out=2025-03-02&children=0&infants=0&pets=0&source_impression_id=p3_1739913748_P327x83Uas3UY2S3&previous_page_section_name=1000,Bungalow Ixora: Charme et Nature,Airbnb
,,,,,,,,https://www.airbnb.fr/users/show/31619550,,,Guadeloupe,,,,studio pomme cannelle,,,,,,,,,,,Goyave,,,,,,,https://www.airbnb.fr/rooms/6092796?search_mode=regular_search&adults=1&check_in=2025-03-12&check_out=2025-03-17&children=0&infants=0&pets=0&source_impression_id=p3_1739913748_P3xouhoevHxm-VlS&previous_page_section_name=1000,studio pomme cannelle,Airbnb
,,,,,,,,https://www.airbnb.fr/users/show/277671026,,,Guadeloupe,,,,O'Chalet des îles,,,,,,,,,,,Goyave,,,,,,,https://www.airbnb.fr/rooms/793634728994964942?search_mode=regular_search&adults=1&check_in=2025-02-19&check_out=2025-02-24&children=0&infants=0&pets=0&source_impression_id=p3_1739913748_P3jml9Fy0jHO-RJc&previous_page_section_name=1000,O'Chalet des îles,Airbnb
,,,,,,,,https://www.airbnb.fr/users/show/655283153,,,Guadeloupe,,,,Magnifique bungalow tout équipé,,,,,,,,,,,Goyave,,,,,,,https://www.airbnb.fr/rooms/1259366085611003272?search_mode=regular_search&adults=1&check_in=2025-02-18&check_out=2025-02-23&children=0&infants=0&pets=0&source_impression_id=p3_1739913748_P3M8lpnY8Fug5DCq&previous_page_section_name=1000,Magnifique bungalow tout équipé,Airbnb
,,,,,,,,https://www.airbnb.fr/users/show/1897464,,,Guadeloupe,,,,Bungalow Ti Kako - Options Brunch / Tapas …,,,,,,,,,,,Goyave,,,,,,,https://www.airbnb.fr/rooms/1219685376836268680?search_mode=regular_search&adults=1&check_in=2025-03-03&check_out=2025-03-08&children=0&infants=0&pets=0&source_impression_id=p3_1739913748_P3apNWgverLAPZYA&previous_page_section_name=1000,Bungalow Ti Kako - Options Brunch / Tapas …,Airbnb
,,,,,,,,https://www.airbnb.fr/users/show/152617824,,,Guadeloupe,,,,Appartement indépendant jardin,,,,,,,,,,,Goyave,,,,,,,https://www.airbnb.fr/rooms/1037188674547163833?search_mode=regular_search&adults=1&check_in=2025-03-19&check_out=2025-03-24&children=0&infants=0&pets=0&source_impression_id=p3_1739913748_P3pPJbcSMeNM5bzg&previous_page_section_name=1000,Appartement indépendant jardin,Airbnb
,,,,,,,,https://www.airbnb.fr/users/show/672538508,,,Guadeloupe,,,,Chambre louer,,,,,,,,,,,Goyave,,,,,,,https://www.airbnb.fr/rooms/1353854654772238390?search_mode=regular_search&adults=1&category_tag=Tag%3A8678&check_in=2025-02-19&check_out=2025-02-24&children=0&infants=0&pets=0&photo_id=2086623748&source_impression_id=p3_1739913748_P3e94V_-zpfUtLe0&previous_page_section_name=1000,Chambre louer,Airbnb
,,,,,,,,https://www.airbnb.fr/users/show/475703869,,,Guadeloupe,,,,T2 Orchidée en bas de villa avec piscine,,,,,,,,,,,Goyave,,,,,,,https://www.airbnb.fr/rooms/884048162774889495?search_mode=regular_search&adults=1&check_in=2025-03-22&check_out=2025-03-27&children=0&infants=0&pets=0&source_impression_id=p3_1739913748_P3W2MRKJH6b-WZpj&previous_page_section_name=1000,T2 Orchidée en bas de villa avec piscine,Airbnb
,,,,,,,,https://www.airbnb.fr/users/show/461714825,,,Guadeloupe,,,,Studio ou calme,,,,,,,,,,,Goyave,,,,,,,https://www.airbnb.fr/rooms/638361139141142467?search_mode=regular_search&adults=1&check_in=2025-02-18&check_out=2025-02-23&children=0&infants=0&pets=0&source_impression_id=p3_1739913721_P3NL83DG6Z2S1G3A&previous_page_section_name=1000,Studio ou calme,Airbnb
,,,,,,,,https://www.airbnb.fr/users/show/14030955,,,Guadeloupe,,,,Studio,,,,,,,,,,,Goyave,,,,,,,https://www.airbnb.fr/rooms/989372406959357129?search_mode=regular_search&adults=1&check_in=2025-02-19&check_out=2025-02-24&children=0&infants=0&pets=0&source_impression_id=p3_1739913704_P3OzR5M5Zh38jvgG&previous_page_section_name=1000,Studio,Airbnb
,,,,,,,,https://www.airbnb.fr/users/show/662067844,,,Guadeloupe,,,,Charmant F2 à louer,,,,,,,,,,,Goyave,,,,,,,https://www.airbnb.fr/rooms/1289410245287754483?search_mode=regular_search&adults=1&check_in=2025-02-18&check_out=2025-02-23&children=0&infants=0&pets=0&source_impression_id=p3_1739913705_P3gDLNn_Me_e5uFx&previous_page_section_name=1000,Charmant F2 à louer,Airbnb
,,,,,,,,https://www.airbnb.fr/users/show/595598252,,,Guadeloupe,,,,Bungalow au cœur des arbres,,,,,,,,,,,Goyave,,,,,,,https://www.airbnb.fr/rooms/1221163353040632520?search_mode=regular_search&adults=1&check_in=2025-04-10&check_out=2025-04-15&children=0&infants=0&pets=0&source_impression_id=p3_1739913705_P3Pc03A90am0Gins&previous_page_section_name=1000,Bungalow au cœur des arbres,Airbnb
,,,,,,,,https://www.airbnb.fr/users/show/571225402,,,Guadeloupe,,,,Studio avec piscine,,,,,,,,,,,Goyave,,,,,,,https://www.airbnb.fr/rooms/1130542861144323331?search_mode=regular_search&adults=1&check_in=2025-02-24&check_out=2025-03-01&children=0&infants=0&pets=0&source_impression_id=p3_1739913705_P3ADG1StvgLmPT9w&previous_page_section_name=1000,Studio avec piscine,Airbnb
,,,,,,,,https://www.airbnb.fr/users/show/337698666,,,Guadeloupe,,,,L'Essentiel du KM22 - Appt avec terrasse et jardin,,,,,,,,,,,Goyave,,,,,,,https://www.airbnb.fr/rooms/1292567529517724253?search_mode=regular_search&adults=1&check_in=2025-02-20&check_out=2025-02-25&children=0&infants=0&pets=0&source_impression_id=p3_1739913705_P34seNEbfP4yS8am&previous_page_section_name=1000,L'Essentiel du KM22 - Appt avec terrasse et jardin,Airbnb
,,,,,,,,https://www.airbnb.fr/users/show/241734559,,,Guadeloupe,,,,Logement situé à la campagne,,,,,,,,,,,Goyave,,,,,,,https://www.airbnb.fr/rooms/32974405?search_mode=regular_search&adults=1&check_in=2025-03-02&check_out=2025-03-07&children=0&infants=0&pets=0&source_impression_id=p3_1739913705_P3dMm6afpH-O9_Uy&previous_page_section_name=1000,Logement situé à la campagne,Airbnb
,,,,,,,,https://www.airbnb.fr/users/show/657349306,,,Guadeloupe,,,,Spacieux F2 entre mer et cascade,,,,,,,,,,,Goyave,,,,,,,https://www.airbnb.fr/rooms/1274962211552817726?search_mode=regular_search&adults=1&check_in=2025-03-14&check_out=2025-03-19&children=0&infants=0&pets=0&source_impression_id=p3_1739913705_P3VDAS11NgJB4hGF&previous_page_section_name=1000,Spacieux F2 entre mer et cascade,Airbnb
,,,,,,,,https://www.airbnb.fr/users/show/541819876,,,Guadeloupe,,,,Sun7 appart T1 vue panoramique sur la nature !,,,,,,,,,,,Goyave,,,,,,,https://www.airbnb.fr/rooms/1034859772294035796?search_mode=regular_search&adults=1&check_in=2025-04-13&check_out=2025-04-18&children=0&infants=0&pets=0&source_impression_id=p3_1739913729_P3T3vbUrZaVYrJgI&previous_page_section_name=1000,Sun7 appart T1 vue panoramique sur la nature !,Airbnb
,,,,,,,,https://www.airbnb.fr/users/show/525647092,,,Guadeloupe,,,,La maison de Colibri,,,,,,,,,,,Goyave,,,,,,,https://www.airbnb.fr/rooms/936940806672211885?search_mode=regular_search&adults=1&check_in=2025-02-23&check_out=2025-02-28&children=0&infants=0&pets=0&source_impression_id=p3_1739913705_P3tf219_zXN533-B&previous_page_section_name=1000,La maison de Colibri,Airbnb
,,,,,,,,https://www.airbnb.fr/users/show/461714825,,,Guadeloupe,,,,Studio ou calme,,,,,,,,,,,Goyave,,,,,,,https://www.airbnb.fr/rooms/638361139141142467?search_mode=regular_search&adults=1&check_in=2025-02-18&check_out=2025-02-23&children=0&infants=0&pets=0&source_impression_id=p3_1739913724_P3pR-DTGBIXxjKgj&previous_page_section_name=1000,Studio ou calme,Airbnb
,,,,,,,,https://www.airbnb.fr/users/show/44908625,,,Guadeloupe,,,,Jolie chambre avec une belle vue montagne.,,,,,,,,,,,Goyave,,,,,,,https://www.airbnb.fr/rooms/29301358?search_mode=regular_search&adults=1&category_tag=Tag%3A8678&check_in=2025-02-20&check_out=2025-02-25&children=0&infants=0&pets=0&photo_id=597953137&source_impression_id=p3_1739913705_P3LeLRJTBV62y8pP&previous_page_section_name=1000,Jolie chambre avec une belle vue montagne.,Airbnb
,,,,,,,,https://www.airbnb.fr/users/show/672989142,,,Guadeloupe,,,,Case créole en pleine nature,,,,,,,,,,,Goyave,,,,,,,https://www.airbnb.fr/rooms/1334781501854873443?search_mode=regular_search&adults=1&check_in=2025-02-19&check_out=2025-02-24&children=0&infants=0&pets=0&source_impression_id=p3_1739913724_P3CRCzNZU263N4uO&previous_page_section_name=1000,Case créole en pleine nature,Airbnb
,,,,,,,,https://www.airbnb.fr/users/show/222352800,,,Guadeloupe,,,,Chambre privée grand confort,,,,,,,,,,,Goyave,,,,,,,https://www.airbnb.fr/rooms/1306628282383728514?search_mode=regular_search&adults=1&category_tag=Tag%3A8678&check_in=2025-02-20&check_out=2025-02-25&children=0&infants=0&pets=0&photo_id=2044329271&source_impression_id=p3_1739913705_P3hzGn-NHjWxDL_7&previous_page_section_name=1000,Chambre privée grand confort,Airbnb
,,,,,,,,https://www.airbnb.fr/users/show/192902906,,,Guadeloupe,,,,Bungalow Noalee 2,,,,,,,,,,,Goyave,,,,,,,https://www.airbnb.fr/rooms/25579250?search_mode=regular_search&adults=1&check_in=2025-02-19&check_out=2025-02-24&children=0&infants=0&pets=0&source_impression_id=p3_1739913724_P3DQddWpioGlgrQK&previous_page_section_name=1000,Bungalow Noalee 2,Airbnb
,,,,,,,,https://www.airbnb.fr/users/show/93359954,,,Guadeloupe,,,,Maison nichée dans les hauteurs,,,,,,,,,,,Goyave,,,,,,,https://www.airbnb.fr/rooms/1345941507204276079?search_mode=regular_search&adults=1&check_in=2025-02-18&check_out=2025-02-23&children=0&infants=0&pets=0&source_impression_id=p3_1739913705_P3Citvydw-UD3lGY&previous_page_section_name=1000,Maison nichée dans les hauteurs,Airbnb
,,,,,,,,https://www.airbnb.fr/users/show/36875925,,,Guadeloupe,,,,Évadez-vous : chambre au calme !,,,,,,,,,,,Goyave,,,,,,,https://www.airbnb.fr/rooms/1337139809726192668?search_mode=regular_search&adults=1&category_tag=Tag%3A8678&check_in=2025-02-19&check_out=2025-02-24&children=0&infants=0&pets=0&photo_id=2071877378&source_impression_id=p3_1739913705_P3o5CiJFjJwz-bEe&previous_page_section_name=1000,Évadez-vous : chambre au calme !,Airbnb
,,,,,,,,https://www.airbnb.fr/users/show/494691067,,,Guadeloupe,,,,Bungalow bois détente,,,,,,,,,,,Goyave,,,,,,,https://www.airbnb.fr/rooms/913169775975134906?search_mode=regular_search&adults=1&check_in=2025-02-28&check_out=2025-03-05&children=0&infants=0&pets=0&source_impression_id=p3_1739913724_P3_AMv4RnUvnlKyO&previous_page_section_name=1000,Bungalow bois détente,Airbnb
,,,,,,,,https://www.airbnb.fr/users/show/102312801,,,Guadeloupe,,,,"Villa Cecilia , piscine et spa à goyave",,,,,,,,,,,Goyave,,,,,,,https://www.airbnb.fr/rooms/1287046059742874197?search_mode=regular_search&adults=1&check_in=2025-02-19&check_out=2025-02-24&children=0&infants=0&pets=0&source_impression_id=p3_1739913705_P3oIaCBzo2l0e70s&previous_page_section_name=1000,"Villa Cecilia , piscine et spa à goyave",Airbnb
,,,,,,,,https://www.airbnb.fr/users/show/165728268,,,Guadeloupe,,,,T2 rénové location saisonnière,,,,,,,,,,,Goyave,,,,,,,https://www.airbnb.fr/rooms/1058301423991849658?search_mode=regular_search&adults=1&check_in=2025-03-09&check_out=2025-03-14&children=0&infants=0&pets=0&source_impression_id=p3_1739913724_P3gAGAragMbSUnD8&previous_page_section_name=1000,T2 rénové location saisonnière,Airbnb
,,,,,,,,https://www.airbnb.fr/users/show/237014293,,,Guadeloupe,,,,Chambre privée à Petit-Bourg,,,,,,,,,,,Goyave,,,,,,,https://www.airbnb.fr/rooms/868224736594582247?search_mode=regular_search&adults=1&category_tag=Tag%3A8678&check_in=2025-02-25&check_out=2025-03-02&children=0&infants=0&pets=0&photo_id=1626831733&source_impression_id=p3_1739913705_P3W-c-M_gHQ3dsFi&previous_page_section_name=1000,Chambre privée à Petit-Bourg,Airbnb
,,,,,,,,https://www.airbnb.fr/users/show/509291081,,,Guadeloupe,,,,"Éden Cottage, charmant bungalow",,,,,,,,,,,Goyave,,,,,,,https://www.airbnb.fr/rooms/1287183111325130120?search_mode=regular_search&adults=1&check_in=2025-02-19&check_out=2025-02-24&children=0&infants=0&pets=0&source_impression_id=p3_1739913724_P3-Vn819tU-OwEs5&previous_page_section_name=1000,"Éden Cottage, charmant bungalow",Airbnb
,,,,,,,,https://www.airbnb.fr/users/show/672538508,,,Guadeloupe,,,,Chambre à louer ds grande maison,,,,,,,,,,,Goyave,,,,,,,https://www.airbnb.fr/rooms/1353875942087378587?search_mode=regular_search&adults=1&category_tag=Tag%3A8678&check_in=2025-02-18&check_out=2025-02-23&children=0&infants=0&pets=0&photo_id=2086728247&source_impression_id=p3_1739913705_P306aWHDhZSY8MM0&previous_page_section_name=1000,Chambre à louer ds grande maison,Airbnb
,,,,,,,,https://www.airbnb.fr/users/show/285072720,,,Guadeloupe,,,,Gîte de la Traversée au calme à la montagne.,,,,,,,,,,,Goyave,,,,,,,https://www.airbnb.fr/rooms/1290065778871627105?search_mode=regular_search&adults=1&check_in=2025-02-19&check_out=2025-02-24&children=0&infants=0&pets=0&source_impression_id=p3_1739913724_P3VRSCFy1XHR9Ppw&previous_page_section_name=1000,Gîte de la Traversée au calme à la montagne.,Airbnb
,,,,,,,,https://www.airbnb.fr/users/show/412965073,,,Guadeloupe,,,,Très joli T2 à Petit-Bourg,,,,,,,,,,,Goyave,,,,,,,https://www.airbnb.fr/rooms/1167446029205778437?search_mode=regular_search&adults=1&check_in=2025-02-18&check_out=2025-02-23&children=0&infants=0&pets=0&source_impression_id=p3_1739913705_P3iwQp8QfVAUKTgJ&previous_page_section_name=1000,Très joli T2 à Petit-Bourg,Airbnb
,,,,,,,,https://www.airbnb.fr/users/show/186296340,,,Guadeloupe,,,,Magnifique T2 dans une propriété privée.,,,,,,,,,,,Goyave,,,,,,,https://www.airbnb.fr/rooms/589034305492959749?search_mode=regular_search&adults=1&check_in=2025-02-21&check_out=2025-02-26&children=0&infants=0&pets=0&source_impression_id=p3_1739913724_P3ha9tmVrXoRMRcp&previous_page_section_name=1000,Magnifique T2 dans une propriété privée.,Airbnb
,,,,,,,,https://www.airbnb.fr/users/show/348484305,,,Guadeloupe,,,,Chaya lodge,,,,,,,,,,,Goyave,,,,,,,https://www.airbnb.fr/rooms/1285059650170716392?search_mode=regular_search&adults=1&check_in=2025-03-15&check_out=2025-03-20&children=0&infants=0&pets=0&source_impression_id=p3_1739913724_P3Q9ci47EibSftoV&previous_page_section_name=1000,Chaya lodge,Airbnb
,,,,,,,,https://www.airbnb.fr/users/show/130159953,,,Guadeloupe,,,,"Villa Entière de Plain-pied Privée, Haut de gamme",,,,,,,,,,,Goyave,,,,,,,https://www.airbnb.fr/rooms/711594322337074438?search_mode=regular_search&adults=1&check_in=2025-03-13&check_out=2025-03-18&children=0&infants=0&pets=0&source_impression_id=p3_1739913705_P3XiXvK-lvqzNlAj&previous_page_section_name=1000,"Villa Entière de Plain-pied Privée, Haut de gamme",Airbnb
,,,,,,,,https://www.airbnb.fr/users/show/370938312,,,Guadeloupe,,,,Bungalow privatif accès piscine,,,,,,,,,,,Goyave,,,,,,,https://www.airbnb.fr/rooms/1034764314494191169?search_mode=regular_search&adults=1&check_in=2025-02-19&check_out=2025-02-24&children=0&infants=0&pets=0&source_impression_id=p3_1739913705_P3FD8uZHsyDaQEp-&previous_page_section_name=1000,Bungalow privatif accès piscine,Airbnb
,,,,,,,,https://www.airbnb.fr/users/show/5332401,,,Guadeloupe,,,,"On Dé Pyès Kaz : chambre double, cuisine, terrasse",,,,,,,,,,,Goyave,,,,,,,https://www.airbnb.fr/rooms/47110360?search_mode=regular_search&adults=1&check_in=2025-03-22&check_out=2025-03-27&children=0&infants=0&pets=0&source_impression_id=p3_1739913724_P3L1iaCiOZiFUrGy&previous_page_section_name=1000,"On Dé Pyès Kaz : chambre double, cuisine, terrasse",Airbnb
,,,,,,,,https://www.airbnb.fr/users/show/30014893,,,Guadeloupe,,,,Charmant gîte  tout confort avec piscine privée,,,,,,,,,,,Goyave,,,,,,,https://www.airbnb.fr/rooms/561754757135514033?search_mode=regular_search&adults=1&check_in=2025-03-01&check_out=2025-03-06&children=0&infants=0&pets=0&source_impression_id=p3_1739913715_P3Pzn4PdconFlNKB&previous_page_section_name=1000,Charmant gîte  tout confort avec piscine privée,Airbnb
,,,,,,,,https://www.airbnb.fr/users/show/244052154,,,Guadeloupe,,,,Bungalows,,,,,,,,,,,Goyave,,,,,,,https://www.airbnb.fr/rooms/974791843221990328?search_mode=regular_search&adults=1&check_in=2025-02-19&check_out=2025-02-24&children=0&infants=0&pets=0&source_impression_id=p3_1739913724_P3z0QqcXr68VGLvc&previous_page_section_name=1000,Bungalows,Airbnb
,,,,,,,,https://www.airbnb.fr/users/show/97203924,,,Guadeloupe,,,,KAZ en bois type F1 à louer,,,,,,,,,,,Goyave,,,,,,,https://www.airbnb.fr/rooms/15284042?search_mode=regular_search&adults=1&check_in=2025-02-26&check_out=2025-03-03&children=0&infants=0&pets=0&source_impression_id=p3_1739913716_P3um3Ne2553P71W3&previous_page_section_name=1000,KAZ en bois type F1 à louer,Airbnb
,,,,,,,,https://www.airbnb.fr/users/show/472936930,,,Guadeloupe,,,,Bungalow au coeur des bambous 1,,,,,,,,,,,Goyave,,,,,,,https://www.airbnb.fr/rooms/684738022008420211?search_mode=regular_search&adults=1&check_in=2025-03-05&check_out=2025-03-10&children=0&infants=0&pets=0&source_impression_id=p3_1739913724_P3ZPUrhuXWvJnyy4&previous_page_section_name=1000,Bungalow au coeur des bambous 1,Airbnb
,,,,,,,,https://www.airbnb.fr/users/show/26668826,,,Guadeloupe,,,,La Kabane du Pêcheur,,,,,,,,,,,Goyave,,,,,,,https://www.airbnb.fr/rooms/17277486?search_mode=regular_search&adults=1&check_in=2025-02-24&check_out=2025-03-01&children=0&infants=0&pets=0&source_impression_id=p3_1739913716_P3CPqsZxvwecGz9w&previous_page_section_name=1000,La Kabane du Pêcheur,Airbnb
,,,,,,,,https://www.airbnb.fr/users/show/78017534,,,Guadeloupe,,,,Ti Hibiscus,,,,,,,,,,,Goyave,,,,,,,https://www.airbnb.fr/rooms/22935959?search_mode=regular_search&adults=1&check_in=2025-02-18&check_out=2025-02-23&children=0&infants=0&pets=0&source_impression_id=p3_1739913724_P3OtSv3aoVE578Q2&previous_page_section_name=1000,Ti Hibiscus,Airbnb
,,,,,,,,https://www.airbnb.fr/users/show/105143882,,,Guadeloupe,,,,T3 dans Villa Tropicale,,,,,,,,,,,Goyave,,,,,,,https://www.airbnb.fr/rooms/1346589236506089410?search_mode=regular_search&adults=1&check_in=2025-02-22&check_out=2025-02-27&children=0&infants=0&pets=0&source_impression_id=p3_1739913716_P3bKKxDGxWgMkq5h&previous_page_section_name=1000,T3 dans Villa Tropicale,Airbnb
,,,,,,,,https://www.airbnb.fr/users/show/403877468,,,Guadeloupe,,,,Sur les Hauteurs de Carang'bel,,,,,,,,,,,Goyave,,,,,,,https://www.airbnb.fr/rooms/50069304?search_mode=regular_search&adults=1&check_in=2025-02-18&check_out=2025-02-23&children=0&infants=0&pets=0&source_impression_id=p3_1739913716_P3zWInWTcna5Z2yb&previous_page_section_name=1000,Sur les Hauteurs de Carang'bel,Airbnb
,,,,,,,,https://www.airbnb.fr/users/show/28607328,,,Guadeloupe,,,,Un écrin de fraicheur : Roucou,,,,,,,,,,,Goyave,,,,,,,https://www.airbnb.fr/rooms/5515506?search_mode=regular_search&adults=1&check_in=2025-02-18&check_out=2025-02-23&children=0&infants=0&pets=0&source_impression_id=p3_1739913724_P3CYiuhZN9VOdmaQ&previous_page_section_name=1000,Un écrin de fraicheur : Roucou,Airbnb
,,,,,,,,https://www.airbnb.fr/users/show/475703869,,,Guadeloupe,,,,T2 Harmonie en bas de villa avec piscine,,,,,,,,,,,Goyave,,,,,,,https://www.airbnb.fr/rooms/696583804640861739?search_mode=regular_search&adults=1&check_in=2025-04-08&check_out=2025-04-13&children=0&infants=0&pets=0&source_impression_id=p3_1739913724_P3awjNYDrttYiBbk&previous_page_section_name=1000,T2 Harmonie en bas de villa avec piscine,Airbnb
,,,,,,,,https://www.airbnb.fr/users/show/19596833,,,Guadeloupe,,,,Bungalow avec vue sur la mer - Jacuzzi,,,,,,,,,,,Goyave,,,,,,,https://www.airbnb.fr/rooms/3812073?search_mode=regular_search&adults=1&check_in=2025-02-21&check_out=2025-02-26&children=0&infants=0&pets=0&source_impression_id=p3_1739913716_P3jRQbb-U4dVPtU2&previous_page_section_name=1000,Bungalow avec vue sur la mer - Jacuzzi,Airbnb
,,,,,,,,https://www.airbnb.fr/users/show/539982199,,,Guadeloupe,,,,Pura vida lodge cabane perchée,,,,,,,,,,,Goyave,,,,,,,https://www.airbnb.fr/rooms/993373678112130880?search_mode=regular_search&adults=1&check_in=2025-04-13&check_out=2025-04-18&children=0&infants=0&pets=0&source_impression_id=p3_1739913724_P3-0vAVypWfoax6s&previous_page_section_name=1000,Pura vida lodge cabane perchée,Airbnb
,,,,,,,,https://www.airbnb.fr/users/show/345712660,,,Guadeloupe,,,,Bungalow belle escapade !,,,,,,,,,,,Goyave,,,,,,,https://www.airbnb.fr/rooms/684974479954897190?search_mode=regular_search&adults=1&check_in=2025-02-18&check_out=2025-02-23&children=0&infants=0&pets=0&source_impression_id=p3_1739913716_P3btwPrH7pGAV7qq&previous_page_section_name=1000,Bungalow belle escapade !,Airbnb
,,,,,,,,https://www.airbnb.fr/users/show/123202077,,,Guadeloupe,,,,hostelbana/ la cabane du manguier,,,,,,,,,,,Goyave,,,,,,,https://www.airbnb.fr/rooms/45523472?search_mode=regular_search&adults=1&check_in=2025-03-23&check_out=2025-03-28&children=0&infants=0&pets=0&source_impression_id=p3_1739913725_P3Nfv19tBILtrozC&previous_page_section_name=1000,hostelbana/ la cabane du manguier,Airbnb
,,,,,,,,https://www.airbnb.fr/users/show/522022532,,,Guadeloupe,,,,Havre de paix,,,,,,,,,,,Goyave,,,,,,,https://www.airbnb.fr/rooms/1291433003807592605?search_mode=regular_search&adults=1&check_in=2025-02-19&check_out=2025-02-24&children=0&infants=0&pets=0&source_impression_id=p3_1739913716_P3NWTKbZVVgCH6e5&previous_page_section_name=1000,Havre de paix,Airbnb
,,,,,,,,https://www.airbnb.fr/users/show/6919259,,,Guadeloupe,,,,DE GRANDS ESPACES POUR VOUS ACCUEILLIR,,,,,,,,,,,Goyave,,,,,,,https://www.airbnb.fr/rooms/41444742?search_mode=regular_search&adults=1&category_tag=Tag%3A8678&check_in=2025-02-23&check_out=2025-02-28&children=0&infants=0&pets=0&photo_id=947000940&source_impression_id=p3_1739913725_P3eQWc85TjfxUJeK&previous_page_section_name=1000,DE GRANDS ESPACES POUR VOUS ACCUEILLIR,Airbnb
,,,,,,,,https://www.airbnb.fr/users/show/516417820,,,Guadeloupe,,,,Gwayav Lodge - Votre cocon urbain à Goyave!,,,,,,,,,,,Goyave,,,,,,,https://www.airbnb.fr/rooms/898759887195032870?search_mode=regular_search&adults=1&check_in=2025-02-27&check_out=2025-03-04&children=0&infants=0&pets=0&source_impression_id=p3_1739913716_P3WlbgS4vlPEES4y&previous_page_section_name=1000,Gwayav Lodge - Votre cocon urbain à Goyave!,Airbnb
,,,,,,,,https://www.airbnb.fr/users/show/79276076,,,Guadeloupe,,,,"Gîte Bleu Outremer  2 à 8 pers.
Pisce-Vue mer",,,,,,,,,,,Goyave,,,,,,,https://www.airbnb.fr/rooms/841928698730219385?search_mode=regular_search&adults=1&check_in=2025-03-07&check_out=2025-03-12&children=0&infants=0&pets=0&source_impression_id=p3_1739913729_P3GmBxcFUTMaLMRf&previous_page_section_name=1000,"Gîte Bleu Outremer  2 à 8 pers.
Pisce-Vue mer",Airbnb
,,,,,,,,https://www.airbnb.fr/users/show/274265510,,,Guadeloupe,,,,Dôme en bord de rivière,,,,,,,,,,,Goyave,,,,,,,https://www.airbnb.fr/rooms/50677587?search_mode=regular_search&adults=1&check_in=2025-03-19&check_out=2025-03-24&children=0&infants=0&pets=0&source_impression_id=p3_1739913729_P3neFnG9lw2Q7JxU&previous_page_section_name=1000,Dôme en bord de rivière,Airbnb
,,,,,,,,https://www.airbnb.fr/users/show/445573113,,,Guadeloupe,,,,"Eco-Loft en pleine nature ""Annunaki garden""",,,,,,,,,,,Goyave,,,,,,,https://www.airbnb.fr/rooms/822429447168446194?search_mode=regular_search&adults=1&category_tag=Tag%3A8678&check_in=2025-02-20&check_out=2025-02-25&children=0&infants=0&pets=0&photo_id=1583944424&source_impression_id=p3_1739913729_P3MO7ZSlPYyWW5f8&previous_page_section_name=1000,"Eco-Loft en pleine nature ""Annunaki garden""",Airbnb
,,,,,,,,https://www.airbnb.fr/users/show/528206971,,,Guadeloupe,,,,Maison de campagne type  F2.,,,,,,,,,,,Goyave,,,,,,,https://www.airbnb.fr/rooms/944771270768915454?search_mode=regular_search&adults=1&check_in=2025-02-19&check_out=2025-02-24&children=0&infants=0&pets=0&source_impression_id=p3_1739913716_P3Kov3ETTABG0fTP&previous_page_section_name=1000,Maison de campagne type  F2.,Airbnb
,,,,,,,,https://www.airbnb.fr/users/show/247193982,,,Guadeloupe,,,,T2 spacieux privé avec terrasse en pleine nature,,,,,,,,,,,Goyave,,,,,,,https://www.airbnb.fr/rooms/32887536?search_mode=regular_search&adults=1&check_in=2025-02-18&check_out=2025-02-23&children=0&infants=0&pets=0&source_impression_id=p3_1739913716_P3DjPvzPVemaSq-p&previous_page_section_name=1000,T2 spacieux privé avec terrasse en pleine nature,Airbnb
,,,,,,,,https://www.airbnb.fr/users/show/465950247,,,Guadeloupe,,,,Superbe Appartement,,,,,,,,,,,Goyave,,,,,,,https://www.airbnb.fr/rooms/656713133178259054?search_mode=regular_search&adults=1&check_in=2025-02-20&check_out=2025-02-25&children=0&infants=0&pets=0&source_impression_id=p3_1739913716_P3BwC54g9JH8QOHp&previous_page_section_name=1000,Superbe Appartement,Airbnb
,,,,,,,,https://www.airbnb.fr/users/show/29321849,,,Guadeloupe,,,,F1 calme climatisé + JACUZZi et MGalante en face,,,,,,,,,,,Goyave,,,,,,,https://www.airbnb.fr/rooms/5657231?search_mode=regular_search&adults=1&check_in=2025-04-18&check_out=2025-04-24&children=0&infants=0&pets=0&source_impression_id=p3_1739913729_P3AGmZtrST1foSf2&previous_page_section_name=1000,F1 calme climatisé + JACUZZi et MGalante en face,Airbnb
,,,,,,,,https://www.airbnb.fr/users/show/497212152,,,Guadeloupe,,,,Tilys House,,,,,,,,,,,Goyave,,,,,,,https://www.airbnb.fr/rooms/1240396770109733636?search_mode=regular_search&adults=1&check_in=2025-02-18&check_out=2025-02-23&children=0&infants=0&pets=0&source_impression_id=p3_1739913729_P3_UJO2pOBlaFYor&previous_page_section_name=1000,Tilys House,Airbnb
,,,,,,,,https://www.airbnb.fr/users/show/103613132,,,Guadeloupe,,,,Dream Room GP - accès privé/confidentiel/autonome,,,,,,,,,,,Goyave,,,,,,,https://www.airbnb.fr/rooms/932814039021661014?search_mode=regular_search&adults=1&check_in=2025-03-01&check_out=2025-03-06&children=0&infants=0&pets=0&source_impression_id=p3_1739913716_P3150lZ-k6uXPD1O&previous_page_section_name=1000,Dream Room GP - accès privé/confidentiel/autonome,Airbnb
,,,,,,,,https://www.airbnb.fr/users/show/43486974,,,Guadeloupe,,,,safari tent lodge,,,,,,,,,,,Goyave,,,,,,,https://www.airbnb.fr/rooms/15705724?search_mode=regular_search&adults=1&check_in=2025-04-01&check_out=2025-04-06&children=0&infants=0&pets=0&source_impression_id=p3_1739913716_P3KHq6fDmDWGmoIo&previous_page_section_name=1000,safari tent lodge,Airbnb
,,,,,,,,https://www.airbnb.fr/users/show/341313803,,,Guadeloupe,,,,Bungalow kerma,,,,,,,,,,,Goyave,,,,,,,https://www.airbnb.fr/rooms/1172372641768362917?search_mode=regular_search&adults=1&check_in=2025-02-21&check_out=2025-02-26&children=0&infants=0&pets=0&source_impression_id=p3_1739913729_P3SG2fDRiIzVWlX_&previous_page_section_name=1000,Bungalow kerma,Airbnb
,,,,,,,,https://www.airbnb.fr/users/show/54223930,,,Guadeloupe,,,,Studio à Petit Bourg Montebello,,,,,,,,,,,Goyave,,,,,,,https://www.airbnb.fr/rooms/53904482?search_mode=regular_search&adults=1&check_in=2025-04-09&check_out=2025-04-14&children=0&infants=0&pets=0&source_impression_id=p3_1739913729_P316Y6CXnpvwF1UR&previous_page_section_name=1000,Studio à Petit Bourg Montebello,Airbnb
,,,,,,,,https://www.airbnb.fr/users/show/135087399,,,Guadeloupe,,,,chambre indépendante,,,,,,,,,,,Goyave,,,,,,,https://www.airbnb.fr/rooms/1109543064848483380?search_mode=regular_search&adults=1&category_tag=Tag%3A8678&check_in=2025-02-18&check_out=2025-02-23&children=0&infants=0&pets=0&photo_id=2070728113&source_impression_id=p3_1739913716_P3km1eJ9ffxz3Zu7&previous_page_section_name=1000,chambre indépendante,Airbnb
,,,,,,,,https://www.airbnb.fr/users/show/78373368,,,Guadeloupe,,,,les gîtes de Beauséjour.,,,,,,,,,,,Goyave,,,,,,,https://www.airbnb.fr/rooms/23922044?search_mode=regular_search&adults=1&check_in=2025-05-06&check_out=2025-05-11&children=0&infants=0&pets=0&source_impression_id=p3_1739913729_P3cN1FcS4UekS7Vx&previous_page_section_name=1000,les gîtes de Beauséjour.,Airbnb
,,,,,,,,https://www.airbnb.fr/users/show/568417999,,,Guadeloupe,,,,Maison,,,,,,,,,,,Goyave,,,,,,,https://www.airbnb.fr/rooms/1118182020480948044?search_mode=regular_search&adults=1&check_in=2025-02-19&check_out=2025-02-24&children=0&infants=0&pets=0&source_impression_id=p3_1739913716_P3t8RNmPu_wSTmEE&previous_page_section_name=1000,Maison,Airbnb
,,,,,,,,https://www.airbnb.fr/users/show/44933031,,,Guadeloupe,,,,Mini villa entre montagne et mer,,,,,,,,,,,Goyave,,,,,,,https://www.airbnb.fr/rooms/8534373?search_mode=regular_search&adults=1&check_in=2025-02-18&check_out=2025-02-23&children=0&infants=0&pets=0&source_impression_id=p3_1739913716_P3ysNTLsjfI8VuOI&previous_page_section_name=1000,Mini villa entre montagne et mer,Airbnb
,,,,,,,,https://www.airbnb.fr/users/show/2918558,,,Guadeloupe,,,,Ecolodge paradisiaque au bord de la rivière,,,,,,,,,,,Goyave,,,,,,,https://www.airbnb.fr/rooms/30885662?search_mode=regular_search&adults=1&check_in=2025-03-06&check_out=2025-03-11&children=0&infants=0&pets=0&source_impression_id=p3_1739913716_P3XWPnQRsFdSXikN&previous_page_section_name=1000,Ecolodge paradisiaque au bord de la rivière,Airbnb
,,,,,,,,https://www.airbnb.fr/users/show/425162841,,,Guadeloupe,,,,villa le Coin d Armantine  1 a 4 personnes,,,,,,,,,,,Goyave,,,,,,,https://www.airbnb.fr/rooms/54238701?search_mode=regular_search&adults=1&check_in=2025-03-19&check_out=2025-03-24&children=0&infants=0&pets=0&source_impression_id=p3_1739913757_P3c1mrH1vL7n-OxJ&previous_page_section_name=1000,villa le Coin d Armantine  1 a 4 personnes,Airbnb
,,,,,,,,https://www.airbnb.fr/users/show/268146497,,,Guadeloupe,,,,Villa trompette COSY - Petit Bourg,,,,,,,,,,,Goyave,,,,,,,https://www.airbnb.fr/rooms/970345517666633758?search_mode=regular_search&adults=1&check_in=2025-02-19&check_out=2025-02-24&children=0&infants=0&pets=0&source_impression_id=p3_1739913757_P37IRN28pCKuvliC&previous_page_section_name=1000,Villa trompette COSY - Petit Bourg,Airbnb
,,,,,,,,https://www.airbnb.fr/users/show/110691320,,,Guadeloupe,,,,Villa Marga,,,,,,,,,,,Goyave,,,,,,,https://www.airbnb.fr/rooms/16707092?search_mode=regular_search&adults=1&check_in=2025-04-12&check_out=2025-04-17&children=0&infants=0&pets=0&source_impression_id=p3_1739913720_P3yelTZUYAee8LiJ&previous_page_section_name=1000,Villa Marga,Airbnb
,,,,,,,,https://www.airbnb.fr/users/show/656106175,,,Guadeloupe,,,,Bungalow Alpinia: Évasion nature,,,,,,,,,,,Goyave,,,,,,,https://www.airbnb.fr/rooms/1332903679214441656?search_mode=regular_search&adults=1&check_in=2025-02-18&check_out=2025-02-23&children=0&infants=0&pets=0&source_impression_id=p3_1739913744_P3cTb6C9O3o0IdSj&previous_page_section_name=1000,Bungalow Alpinia: Évasion nature,Airbnb
,,,,,,,,https://www.airbnb.fr/users/show/160157493,,,Guadeloupe,,,,Vue sur le gîte Kolin,,,,,,,,,,,Goyave,,,,,,,https://www.airbnb.fr/rooms/1043713313940420997?search_mode=regular_search&adults=1&check_in=2025-04-03&check_out=2025-04-08&children=0&infants=0&pets=0&source_impression_id=p3_1739913721_P3x_j_4MnJU4ZxaW&previous_page_section_name=1000,Vue sur le gîte Kolin,Airbnb
,,,,,,,,https://www.airbnb.fr/users/show/562266232,,,Guadeloupe,,,,"Chambre, Petit déjeuner, Piscine, Parc national",,,,,,,,,,,Goyave,,,,,,,https://www.airbnb.fr/rooms/1094274338925156528?search_mode=regular_search&adults=1&check_in=2025-04-05&check_out=2025-04-10&children=0&infants=0&pets=0&source_impression_id=p3_1739913721_P3K8fJgTzF2n6aBt&previous_page_section_name=1000,"Chambre, Petit déjeuner, Piscine, Parc national",Airbnb
,,,,,,,,https://www.airbnb.fr/users/show/580237395,,,Guadeloupe,,,,Studio L'Abricot,,,,,,,,,,,Goyave,,,,,,,https://www.airbnb.fr/rooms/1169001754859277049?search_mode=regular_search&adults=1&check_in=2025-02-20&check_out=2025-02-25&children=0&infants=0&pets=0&source_impression_id=p3_1739913744_P3HCavunYPnjakT2&previous_page_section_name=1000,Studio L'Abricot,Airbnb
,,,,,,,,https://www.airbnb.fr/users/show/170555442,,,Guadeloupe,,,,Appartement Hortensia avec piscine et parking,,,,,,,,,,,Goyave,,,,,,,https://www.airbnb.fr/rooms/650878330266547948?search_mode=regular_search&adults=1&check_in=2025-04-06&check_out=2025-04-11&children=0&infants=0&pets=0&source_impression_id=p3_1739913721_P3M4ObwCGRG6mLDS&previous_page_section_name=1000,Appartement Hortensia avec piscine et parking,Airbnb
,,,,,,,,https://www.airbnb.fr/users/show/59201068,,,Guadeloupe,,,,Bungalow intimiste au calme,,,,,,,,,,,Goyave,,,,,,,https://www.airbnb.fr/rooms/12775765?search_mode=regular_search&adults=1&check_in=2025-02-19&check_out=2025-02-24&children=0&infants=0&pets=0&source_impression_id=p3_1739913721_P3ZYpLJ7qbYy9p3j&previous_page_section_name=1000,Bungalow intimiste au calme,Airbnb
,,,,,,,,https://www.airbnb.fr/users/show/166758244,,,Guadeloupe,,,,Bungalow à Petit Bourg,,,,,,,,,,,Goyave,,,,,,,https://www.airbnb.fr/rooms/24032341?search_mode=regular_search&adults=1&check_in=2025-03-24&check_out=2025-03-29&children=0&infants=0&pets=0&source_impression_id=p3_1739913744_P32A9q9CpP2KPJ99&previous_page_section_name=1000,Bungalow à Petit Bourg,Airbnb
,,,,,,,,https://www.airbnb.fr/users/show/64086696,,,Guadeloupe,,,,Charmant haut de villa,,,,,,,,,,,Goyave,,,,,,,https://www.airbnb.fr/rooms/1133235265629993510?search_mode=regular_search&adults=1&check_in=2025-03-08&check_out=2025-03-13&children=0&infants=0&pets=0&source_impression_id=p3_1739913721_P3TEJPkclKlYAJDV&previous_page_section_name=1000,Charmant haut de villa,Airbnb
,,,,,,,,https://www.airbnb.fr/users/show/35211272,,,Guadeloupe,,,,Kaz Canopée,,,,,,,,,,,Goyave,,,,,,,https://www.airbnb.fr/rooms/1123282053575283101?search_mode=regular_search&adults=1&check_in=2025-06-09&check_out=2025-06-14&children=0&infants=0&pets=0&source_impression_id=p3_1739913721_P3mY0ztNHURKZzAi&previous_page_section_name=1000,Kaz Canopée,Airbnb
,,,,,,,,https://www.airbnb.fr/users/show/42785959,,,Guadeloupe,,,,"PROMO séjour zen, vue mer/montagne, spa privé.",,,,,,,,,,,Goyave,,,,,,,https://www.airbnb.fr/rooms/8118233?search_mode=regular_search&adults=1&check_in=2025-03-10&check_out=2025-03-15&children=0&infants=0&pets=0&source_impression_id=p3_1739913721_P3Us8xcRR5jmm5KT&previous_page_section_name=1000,"PROMO séjour zen, vue mer/montagne, spa privé.",Airbnb
,,,,,,,,https://www.airbnb.fr/users/show/534195899,,,Guadeloupe,,,,"Habitation Tara•
~Logement d'une ou deux chambres~",,,,,,,,,,,Goyave,,,,,,,https://www.airbnb.fr/rooms/981855924047396804?search_mode=regular_search&adults=1&check_in=2025-03-18&check_out=2025-03-23&children=0&infants=0&pets=0&source_impression_id=p3_1739913721_P34BewFUg9NUEWhK&previous_page_section_name=1000,"Habitation Tara•
~Logement d'une ou deux chambres~",Airbnb
,,,,,,,,https://www.airbnb.fr/users/show/495538412,,,Guadeloupe,,,,location villa à Petit bourg,,,,,,,,,,,Goyave,,,,,,,https://www.airbnb.fr/rooms/803523464152044222?search_mode=regular_search&adults=1&check_in=2025-04-23&check_out=2025-04-28&children=0&infants=0&pets=0&source_impression_id=p3_1739913721_P3uxWgmnlQpIRh0w&previous_page_section_name=1000,location villa à Petit bourg,Airbnb
,,,,,,,,https://www.airbnb.fr/users/show/220286948,,,Guadeloupe,,,,Le Cosy Valley,,,,,,,,,,,Goyave,,,,,,,https://www.airbnb.fr/rooms/1192321796006872365?search_mode=regular_search&adults=1&check_in=2025-02-28&check_out=2025-03-05&children=0&infants=0&pets=0&source_impression_id=p3_1739913721_P3brZ35xyEUrVNB6&previous_page_section_name=1000,Le Cosy Valley,Airbnb
,,,,,,,,https://www.airbnb.fr/users/show/31619550,,,Guadeloupe,,,,mango deux pièces et grande térrasse,,,,,,,,,,,Goyave,,,,,,,https://www.airbnb.fr/rooms/775290741327890904?search_mode=regular_search&adults=1&check_in=2025-02-21&check_out=2025-02-26&children=0&infants=0&pets=0&source_impression_id=p3_1739913721_P3q3Bt2_q6zOwbaV&previous_page_section_name=1000,mango deux pièces et grande térrasse,Airbnb
,,,,,,,,https://www.airbnb.fr/users/show/192316162,,,Guadeloupe,,,,Logement « Le Talisman »,,,,,,,,,,,Goyave,,,,,,,https://www.airbnb.fr/rooms/25481637?search_mode=regular_search&adults=1&check_in=2025-03-02&check_out=2025-03-07&children=0&infants=0&pets=0&source_impression_id=p3_1739913721_P3OxQil02xtfqBlt&previous_page_section_name=1000,Logement « Le Talisman »,Airbnb
,,,,,,,,https://www.airbnb.fr/users/show/656106175,,,Guadeloupe,,,,Bungalow Tiaré : Rêve Tropical,,,,,,,,,,,Goyave,,,,,,,https://www.airbnb.fr/rooms/1332893174986610248?search_mode=regular_search&adults=1&check_in=2025-02-19&check_out=2025-02-24&children=0&infants=0&pets=0&source_impression_id=p3_1739913721_P3KF9Fwhb9NwlpFR&previous_page_section_name=1000,Bungalow Tiaré : Rêve Tropical,Airbnb
,,,,,,,,https://www.airbnb.fr/users/show/212280954,,,Guadeloupe,,,,Studio tout confort à la campagne,,,,,,,,,,,Goyave,,,,,,,https://www.airbnb.fr/rooms/28103031?search_mode=regular_search&adults=1&check_in=2025-02-18&check_out=2025-02-23&children=0&infants=0&pets=0&source_impression_id=p3_1739913721_P3DbF_dvkhcsUzTC&previous_page_section_name=1000,Studio tout confort à la campagne,Airbnb
,,,,,,,,https://www.airbnb.fr/users/show/89122544,,,Guadeloupe,,,,Jolie chambre climatisée au cœur de la Guadeloupe,,,,,,,,,,,Goyave,,,,,,,https://www.airbnb.fr/rooms/843676947621871804?search_mode=regular_search&adults=1&category_tag=Tag%3A8678&check_in=2025-02-18&check_out=2025-02-23&children=0&infants=0&pets=0&photo_id=1606701876&source_impression_id=p3_1739913721_P3h1Mbop5yYqjtAp&previous_page_section_name=1000,Jolie chambre climatisée au cœur de la Guadeloupe,Airbnb
,,,,,,,,https://www.airbnb.fr/users/show/68159185,,,Guadeloupe,,,,Nouveau ! Ti Bungalow vue forêt,,,,,,,,,,,Goyave,,,,,,,https://www.airbnb.fr/rooms/1287858493538632798?search_mode=regular_search&adults=1&check_in=2025-04-16&check_out=2025-04-21&children=0&infants=0&pets=0&source_impression_id=p3_1739913721_P3PJvIqfNnhuzGrY&previous_page_section_name=1000,Nouveau ! Ti Bungalow vue forêt,Airbnb
,,,,,,,,https://www.airbnb.fr/users/show/509740491,,,Guadeloupe,,,,Studio Fressinette Tropicale,,,,,,,,,,,Goyave,,,,,,,https://www.airbnb.fr/rooms/1001488690100086457?search_mode=regular_search&adults=1&check_in=2025-02-18&check_out=2025-02-23&children=0&infants=0&pets=0&source_impression_id=p3_1739913733_P3gJxoIJVifVQnau&previous_page_section_name=1000,Studio Fressinette Tropicale,Airbnb
,,,,,,,,https://www.airbnb.fr/users/show/362888546,,,Guadeloupe,,,,Gîte chez Rémisa,,,,,,,,,,,Goyave,,,,,,,https://www.airbnb.fr/rooms/1124608568529602956?search_mode=regular_search&adults=1&check_in=2025-02-19&check_out=2025-02-24&children=0&infants=0&pets=0&source_impression_id=p3_1739913729_P3N513DClb3du08D&previous_page_section_name=1000,Gîte chez Rémisa,Airbnb
,,,,,,,,https://www.airbnb.fr/users/show/261229619,,,Guadeloupe,,,,A KA PÔLÔ,,,,,,,,,,,Goyave,,,,,,,https://www.airbnb.fr/rooms/34626107?search_mode=regular_search&adults=1&check_in=2025-02-19&check_out=2025-02-24&children=0&infants=0&pets=0&source_impression_id=p3_1739913729_P3gUAK1gIndlmylQ&previous_page_section_name=1000,A KA PÔLÔ,Airbnb
,,,,,,,,https://www.airbnb.fr/users/show/675392013,,,Guadeloupe,,,,Appartement Bougainvillier,,,,,,,,,,,Goyave,,,,,,,https://www.airbnb.fr/rooms/1343011913280471888?search_mode=regular_search&adults=1&check_in=2025-02-25&check_out=2025-03-02&children=0&infants=0&pets=0&source_impression_id=p3_1739913729_P3_kJnD5KzBLt3oa&previous_page_section_name=1000,Appartement Bougainvillier,Airbnb
,,,,,,,,https://www.airbnb.fr/users/show/472936930,,,Guadeloupe,,,,Bungalow au coeur des bambous 1,,,,,,,,,,,Goyave,,,,,,,https://www.airbnb.fr/rooms/684738022008420211?search_mode=regular_search&adults=1&check_in=2025-03-05&check_out=2025-03-10&children=0&infants=0&pets=0&source_impression_id=p3_1739913730_P3jcUJUP-GqYfq5X&previous_page_section_name=1000,Bungalow au coeur des bambous 1,Airbnb
,,,,,,,,https://www.airbnb.fr/users/show/311349032,,,Guadeloupe,,,,Le MABOUYA,,,,,,,,,,,Goyave,,,,,,,https://www.airbnb.fr/rooms/40400085?search_mode=regular_search&adults=1&check_in=2025-02-18&check_out=2025-02-23&children=0&infants=0&pets=0&source_impression_id=p3_1739913730_P3a9N5bCnjbScRYc&previous_page_section_name=1000,Le MABOUYA,Airbnb
,,,,,,,,https://www.airbnb.fr/users/show/15926615,,,Guadeloupe,,,,RETOUR À ZION,,,,,,,,,,,Goyave,,,,,,,https://www.airbnb.fr/rooms/3136696?search_mode=regular_search&adults=1&check_in=2025-09-05&check_out=2025-09-10&children=0&infants=0&pets=0&source_impression_id=p3_1739913730_P3uqVifzSIf8KtBc&previous_page_section_name=1000,RETOUR À ZION,Airbnb
,,,,,,,,https://www.airbnb.fr/users/show/312680486,,,Guadeloupe,,,,"VillaBadlou ""Ti Cocon"" au cœur de moreau",,,,,,,,,,,Goyave,,,,,,,https://www.airbnb.fr/rooms/1010773514149137424?search_mode=regular_search&adults=1&check_in=2025-03-29&check_out=2025-04-03&children=0&infants=0&pets=0&source_impression_id=p3_1739913730_P3mCvzJ-9st4LWYX&previous_page_section_name=1000,"VillaBadlou ""Ti Cocon"" au cœur de moreau",Airbnb
,,,,,,,,https://www.airbnb.fr/users/show/468589860,,,Guadeloupe,,,,Au Confort d’Armantine,,,,,,,,,,,Goyave,,,,,,,https://www.airbnb.fr/rooms/667580534924425049?search_mode=regular_search&adults=1&check_in=2025-02-23&check_out=2025-02-28&children=0&infants=0&pets=0&source_impression_id=p3_1739913730_P30t9r_o5kaX2djz&previous_page_section_name=1000,Au Confort d’Armantine,Airbnb
,,,,,,,,https://www.airbnb.fr/users/show/510693541,,,Guadeloupe,,,,Hébergement + Petit Déjeuner fait maison inclus,,,,,,,,,,,Goyave,,,,,,,https://www.airbnb.fr/rooms/872576400351809121?search_mode=regular_search&adults=1&check_in=2025-04-20&check_out=2025-04-25&children=0&infants=0&pets=0&source_impression_id=p3_1739913730_P378XuYQN5PDb74a&previous_page_section_name=1000,Hébergement + Petit Déjeuner fait maison inclus,Airbnb
,,,,,,,,https://www.airbnb.fr/users/show/675392013,,,Guadeloupe,,,,Appartement Bougainvillier,,,,,,,,,,,Goyave,,,,,,,https://www.airbnb.fr/rooms/1343011913280471888?search_mode=regular_search&adults=1&check_in=2025-02-25&check_out=2025-03-02&children=0&infants=0&pets=0&source_impression_id=p3_1739913732_P3AxoH89uicy5stU&previous_page_section_name=1000,Appartement Bougainvillier,Airbnb
,,,,,,,,https://www.airbnb.fr/users/show/278922849,,,Guadeloupe,,,,Jolie bungalow + visite d'une bananeraie offerte !,,,,,,,,,,,Goyave,,,,,,,https://www.airbnb.fr/rooms/37082613?search_mode=regular_search&adults=1&check_in=2025-02-20&check_out=2025-02-25&children=0&infants=0&pets=0&source_impression_id=p3_1739913732_P3JJVpYVx6A0EOAS&previous_page_section_name=1000,Jolie bungalow + visite d'une bananeraie offerte !,Airbnb
,,,,,,,,https://www.airbnb.fr/users/show/67191450,,,Guadeloupe,,,,"Logement vacances  Petit-Bourg,Cosy avec Piscine.",,,,,,,,,,,Goyave,,,,,,,https://www.airbnb.fr/rooms/12623205?search_mode=regular_search&adults=1&check_in=2025-03-08&check_out=2025-03-13&children=0&infants=0&pets=0&source_impression_id=p3_1739913733_P3VPDQf5I5Fy9OwQ&previous_page_section_name=1000,"Logement vacances  Petit-Bourg,Cosy avec Piscine.",Airbnb
,,,,,,,,https://www.airbnb.fr/users/show/81517216,,,Guadeloupe,,,,Appartement Colibri,,,,,,,,,,,Goyave,,,,,,,https://www.airbnb.fr/rooms/806110057896190464?search_mode=regular_search&adults=1&check_in=2025-02-25&check_out=2025-03-02&children=0&infants=0&pets=0&source_impression_id=p3_1739913744_P3g8L6OYx_8slej_&previous_page_section_name=1000,Appartement Colibri,Airbnb
,,,,,,,,https://www.airbnb.fr/users/show/72371550,,,Guadeloupe,,,,Chambre indépendante avec terrasse vue sur mer,,,,,,,,,,,Goyave,,,,,,,https://www.airbnb.fr/rooms/1139910989050386299?search_mode=regular_search&adults=1&category_tag=Tag%3A8678&check_in=2025-04-06&check_out=2025-04-11&children=0&infants=0&pets=0&photo_id=1998548715&source_impression_id=p3_1739913744_P3ExlDEI8B9lhpgl&previous_page_section_name=1000,Chambre indépendante avec terrasse vue sur mer,Airbnb
,,,,,,,,https://www.airbnb.fr/users/show/509740491,,,Guadeloupe,,,,Logement Charme Exotique - Vue mer des Caraïbe,,,,,,,,,,,Goyave,,,,,,,https://www.airbnb.fr/rooms/1001999724023699859?search_mode=regular_search&adults=1&check_in=2025-02-26&check_out=2025-03-03&children=0&infants=0&pets=0&source_impression_id=p3_1739913757_P3yT17HECBBNd2d3&previous_page_section_name=1000,Logement Charme Exotique - Vue mer des Caraïbe,Airbnb
,,,,,,,,https://www.airbnb.fr/users/show/24777115,,,Guadeloupe,,,,Bungalow F1 climatisé sur Petit-Bourg au calme,,,,,,,,,,,Goyave,,,,,,,https://www.airbnb.fr/rooms/32376581?search_mode=regular_search&adults=1&check_in=2025-04-01&check_out=2025-04-06&children=0&infants=0&pets=0&source_impression_id=p3_1739913753_P3GeM6Q76IK0hCaf&previous_page_section_name=1000,Bungalow F1 climatisé sur Petit-Bourg au calme,Airbnb
,,,,,,,,https://www.airbnb.fr/users/show/192902906,,,Guadeloupe,,,,Noalee Bungalow,,,,,,,,,,,Goyave,,,,,,,https://www.airbnb.fr/rooms/25577746?search_mode=regular_search&adults=1&check_in=2025-03-23&check_out=2025-03-28&children=0&infants=0&pets=0&source_impression_id=p3_1739913748_P3U8gflb0ZGmQJPa&previous_page_section_name=1000,Noalee Bungalow,Airbnb
,,,,,,,,https://www.airbnb.fr/users/show/525647092,,,Guadeloupe,,,,Villa River Paradise,,,,,,,,,,,Goyave,,,,,,,https://www.airbnb.fr/rooms/935399780233954912?search_mode=regular_search&adults=1&check_in=2025-03-04&check_out=2025-03-09&children=0&infants=0&pets=0&source_impression_id=p3_1739913748_P3wsbd0uyxlYrJ04&previous_page_section_name=1000,Villa River Paradise,Airbnb
,,,,,,,,https://www.airbnb.fr/users/show/541815557,,,Guadeloupe,,,,Maïlly - Villa T5 avec piscine - Empire House,,,,,,,,,,,Goyave,,,,,,,https://www.airbnb.fr/rooms/1002121200914079801?search_mode=regular_search&adults=1&check_in=2025-02-28&check_out=2025-03-05&children=0&infants=0&pets=0&source_impression_id=p3_1739913748_P3c8e-VZsW8e9C9w&previous_page_section_name=1000,Maïlly - Villa T5 avec piscine - Empire House,Airbnb
,,,,,,,,https://www.airbnb.fr/users/show/487569731,,,Guadeloupe,,,,Chambre pratique proche du port,,,,,,,,,,,Goyave,,,,,,,https://www.airbnb.fr/rooms/1350924026141253244?search_mode=regular_search&adults=1&category_tag=Tag%3A8678&check_in=2025-03-14&check_out=2025-03-19&children=0&infants=0&pets=0&photo_id=2084195051&source_impression_id=p3_1739913748_P3UBdiYOvTtLXSda&previous_page_section_name=1000,Chambre pratique proche du port,Airbnb
,,,,,,,,https://www.airbnb.fr/users/show/395645693,,,Guadeloupe,,,,Magnifique Chambre Privative,,,,,,,,,,,Goyave,,,,,,,https://www.airbnb.fr/rooms/49057890?search_mode=regular_search&adults=1&category_tag=Tag%3A8678&check_in=2025-02-19&check_out=2025-02-24&children=0&infants=0&pets=0&photo_id=1222268660&source_impression_id=p3_1739913748_P3oqiT8QUAgIND43&previous_page_section_name=1000,Magnifique Chambre Privative,Airbnb
,,,,,,,,https://www.airbnb.fr/users/show/227525958,,,Guadeloupe,,,,Gîte spacieux avec Jacuzzi - ⭐️5 étoiles⭐️,,,,,,,,,,,Goyave,,,,,,,https://www.airbnb.fr/rooms/30293543?search_mode=regular_search&adults=1&check_in=2025-03-03&check_out=2025-03-08&children=0&infants=0&pets=0&source_impression_id=p3_1739913752_P3RQ_jicz2qVjaB6&previous_page_section_name=1000,Gîte spacieux avec Jacuzzi - ⭐️5 étoiles⭐️,Airbnb
,,,,,,,,https://www.airbnb.fr/users/show/447536317,,,Guadeloupe,,,,La Terra Cotta -Guadeloupe,,,,,,,,,,,Goyave,,,,,,,https://www.airbnb.fr/rooms/1348877313855055685?search_mode=regular_search&adults=1&check_in=2025-02-20&check_out=2025-02-25&children=0&infants=0&pets=0&source_impression_id=p3_1739913753_P3U_PO7Vicu_rzQn&previous_page_section_name=1000,La Terra Cotta -Guadeloupe,Airbnb
,,,,,,,,https://www.airbnb.fr/users/show/671053237,,,Guadeloupe,,,,Bungalow Capucine,,,,,,,,,,,Goyave,,,,,,,https://www.airbnb.fr/rooms/1327791096876147062?search_mode=regular_search&adults=1&check_in=2025-02-18&check_out=2025-02-23&children=0&infants=0&pets=0&source_impression_id=p3_1739913753_P3TDHt8ftHcBFjoM&previous_page_section_name=1000,Bungalow Capucine,Airbnb
,,,,,,,,https://www.airbnb.fr/users/show/498548198,,,Guadeloupe,,,,Pitaya,,,,,,,,,,,Goyave,,,,,,,https://www.airbnb.fr/rooms/815195982261881272?search_mode=regular_search&adults=1&check_in=2025-02-18&check_out=2025-02-23&children=0&infants=0&pets=0&source_impression_id=p3_1739913753_P3Zoh_u33PEmtYJd&previous_page_section_name=1000,Pitaya,Airbnb
,,,,,,,,https://www.airbnb.fr/users/show/392531360,,,Guadeloupe,,,,Bungalow au cœur de la nature,,,,,,,,,,,Goyave,,,,,,,https://www.airbnb.fr/rooms/566069898629809310?search_mode=regular_search&adults=1&check_in=2025-03-01&check_out=2025-03-06&children=0&infants=0&pets=0&source_impression_id=p3_1739913733_P3TMzXY6fOvsyjTF&previous_page_section_name=1000,Bungalow au cœur de la nature,Airbnb
,,,,,,,,https://www.airbnb.fr/users/show/362654995,,,Guadeloupe,,,,Ti kazDM Havre de Paix Tropical avec Piscine Privé,,,,,,,,,,,Goyave,,,,,,,https://www.airbnb.fr/rooms/47450072?search_mode=regular_search&adults=1&check_in=2025-03-10&check_out=2025-03-15&children=0&infants=0&pets=0&source_impression_id=p3_1739913733_P3KJK22HTFPAA_d8&previous_page_section_name=1000,Ti kazDM Havre de Paix Tropical avec Piscine Privé,Airbnb
,,,,,,,,https://www.airbnb.fr/users/show/102684186,,,Guadeloupe,,,,"Loft 2/4pax,détente zen entre mer/montagne",,,,,,,,,,,Goyave,,,,,,,https://www.airbnb.fr/rooms/15849575?search_mode=regular_search&adults=1&check_in=2025-02-19&check_out=2025-02-24&children=0&infants=0&pets=0&source_impression_id=p3_1739913733_P3PrJPdnafPm4p7s&previous_page_section_name=1000,"Loft 2/4pax,détente zen entre mer/montagne",Airbnb
,,,,,,,,https://www.airbnb.fr/users/show/3334400,,,Guadeloupe,,,,Maison de L'ylang ylang,,,,,,,,,,,Goyave,,,,,,,https://www.airbnb.fr/rooms/44376261?search_mode=regular_search&adults=1&check_in=2025-02-21&check_out=2025-02-26&children=0&infants=0&pets=0&source_impression_id=p3_1739913733_P3Efv7dos8WU6P9Y&previous_page_section_name=1000,Maison de L'ylang ylang,Airbnb
,,,,,,,,https://www.airbnb.fr/users/show/9150888,,,Guadeloupe,,,,Bungalow dans un jardin tropical,,,,,,,,,,,Goyave,,,,,,,https://www.airbnb.fr/rooms/1230304502767402279?search_mode=regular_search&adults=1&check_in=2025-02-28&check_out=2025-03-05&children=0&infants=0&pets=0&source_impression_id=p3_1739913733_P3w7WlwpzDtxyhwd&previous_page_section_name=1000,Bungalow dans un jardin tropical,Airbnb
,,,,,,,,https://www.airbnb.fr/users/show/170555442,,,Guadeloupe,,,,Appartement Azur avec piscine et parking,,,,,,,,,,,Goyave,,,,,,,https://www.airbnb.fr/rooms/651277205531605383?search_mode=regular_search&adults=1&check_in=2025-02-19&check_out=2025-02-24&children=0&infants=0&pets=0&source_impression_id=p3_1739913733_P3896b4hzsmA8LbP&previous_page_section_name=1000,Appartement Azur avec piscine et parking,Airbnb
,,,,,,,,https://www.airbnb.fr/users/show/523364223,,,Guadeloupe,,,,Bas de villa confort,,,,,,,,,,,Goyave,,,,,,,https://www.airbnb.fr/rooms/927040950788562156?search_mode=regular_search&adults=1&check_in=2025-03-07&check_out=2025-03-12&children=0&infants=0&pets=0&source_impression_id=p3_1739913733_P37E0vMmbsl9Xkt-&previous_page_section_name=1000,Bas de villa confort,Airbnb
,,,,,,,,https://www.airbnb.fr/users/show/405646006,,,Guadeloupe,,,,"Maison 3 chambres, grand jardin",,,,,,,,,,,Goyave,,,,,,,https://www.airbnb.fr/rooms/946256467143546996?search_mode=regular_search&adults=1&check_in=2025-03-06&check_out=2025-03-11&children=0&infants=0&pets=0&source_impression_id=p3_1739913733_P3gPSL3QiFujd9zC&previous_page_section_name=1000,"Maison 3 chambres, grand jardin",Airbnb
,,,,,,,,https://www.airbnb.fr/users/show/541819876,,,Guadeloupe,,,,"Sun7 appart T2, moderne et cosy",,,,,,,,,,,Goyave,,,,,,,https://www.airbnb.fr/rooms/1002132727953570557?search_mode=regular_search&adults=1&check_in=2025-04-05&check_out=2025-04-10&children=0&infants=0&pets=0&source_impression_id=p3_1739913733_P3UxLGf79SrfXUoe&previous_page_section_name=1000,"Sun7 appart T2, moderne et cosy",Airbnb
,,,,,,,,https://www.airbnb.fr/users/show/569994541,,,Guadeloupe,,,,Ecolodge dans les arbres (Rhum) - Habitation Getz,,,,,,,,,,,Goyave,,,,,,,https://www.airbnb.fr/rooms/1125209423616741246?search_mode=regular_search&adults=1&check_in=2025-03-30&check_out=2025-04-04&children=0&infants=0&pets=0&source_impression_id=p3_1739913733_P3c6CoueI0wkS-7q&previous_page_section_name=1000,Ecolodge dans les arbres (Rhum) - Habitation Getz,Airbnb
,,,,,,,,https://www.airbnb.fr/users/show/585905926,,,Guadeloupe,,,,Hill Rock Villas - Rouge Corail,,,,,,,,,,,Goyave,,,,,,,https://www.airbnb.fr/rooms/1187754785724318392?search_mode=regular_search&adults=1&check_in=2025-03-09&check_out=2025-03-14&children=0&infants=0&pets=0&source_impression_id=p3_1739913753_P3svnwWlzDhCRuHD&previous_page_section_name=1000,Hill Rock Villas - Rouge Corail,Airbnb
,,,,,,,,https://www.airbnb.fr/users/show/36875925,,,Guadeloupe,,,,Évadez-vous : chambre avec vue sur mer !,,,,,,,,,,,Goyave,,,,,,,https://www.airbnb.fr/rooms/1170373943607147548?search_mode=regular_search&adults=1&category_tag=Tag%3A8678&check_in=2025-03-07&check_out=2025-03-12&children=0&infants=0&pets=0&photo_id=1921277164&source_impression_id=p3_1739913753_P3m7L21iYKW0TSFv&previous_page_section_name=1000,Évadez-vous : chambre avec vue sur mer !,Airbnb
,,,,,,,,https://www.airbnb.fr/users/show/83411241,,,Guadeloupe,,,,Refuge paradis,,,,,,,,,,,Goyave,,,,,,,https://www.airbnb.fr/rooms/1244381855783407705?search_mode=regular_search&adults=1&check_in=2025-03-17&check_out=2025-03-22&children=0&infants=0&pets=0&source_impression_id=p3_1739913753_P3PH1tZfHsToKt0g&previous_page_section_name=1000,Refuge paradis,Airbnb
,,,,,,,,https://www.airbnb.fr/users/show/397262224,,,Guadeloupe,,,,Magnifique bungalow au cœur de la campagne,,,,,,,,,,,Goyave,,,,,,,https://www.airbnb.fr/rooms/49246386?search_mode=regular_search&adults=1&check_in=2025-03-27&check_out=2025-04-01&children=0&infants=0&pets=0&source_impression_id=p3_1739913733_P3WlioSt8fLMb7Qi&previous_page_section_name=1000,Magnifique bungalow au cœur de la campagne,Airbnb
,,,,,,,,https://www.airbnb.fr/users/show/457100735,,,Guadeloupe,,,,Villa Ladouchka,,,,,,,,,,,Goyave,,,,,,,https://www.airbnb.fr/rooms/1094790874009434261?search_mode=regular_search&adults=1&check_in=2025-03-24&check_out=2025-03-29&children=0&infants=0&pets=0&source_impression_id=p3_1739913733_P3IG0QwJmRcBxJfz&previous_page_section_name=1000,Villa Ladouchka,Airbnb
,,,,,,,,https://www.airbnb.fr/users/show/500438724,,,Guadeloupe,,,,Profitez du bungalow,,,,,,,,,,,Goyave,,,,,,,https://www.airbnb.fr/rooms/823727370715328041?search_mode=regular_search&adults=1&check_in=2025-04-27&check_out=2025-05-02&children=0&infants=0&pets=0&source_impression_id=p3_1739913733_P30Lh7_IlkA67Q5P&previous_page_section_name=1000,Profitez du bungalow,Airbnb
,,,,,,,,https://www.airbnb.fr/users/show/122291358,,,Guadeloupe,,,,Parenthèse enchantée,,,,,,,,,,,Goyave,,,,,,,https://www.airbnb.fr/rooms/1212945303980929339?search_mode=regular_search&adults=1&check_in=2025-03-06&check_out=2025-03-11&children=0&infants=0&pets=0&source_impression_id=p3_1739913744_P3aMF3YF6dkv6adQ&previous_page_section_name=1000,Parenthèse enchantée,Airbnb
,Votre hôte Kevin,,,,,,,Votre hôte Kevin,,,Guadeloupe,,,,Domaine de Léranie,,Maison 1 Chambre,,,,,,"Chemin de Leranie, 97129 Lamentin, GuadeloupeExcellente situation géographique — avec une note de 9/10!(note basée sur 9 commentaires)Évaluée par les clients après leur séjour à l'établissement Domaine de Léranie.",,,Lamentin,,,,,,,https://www.booking.com/hotel/gp/domaine-leranie.fr.html?aid=304142&label=gen173nr-1FCAQoggJCKHNlYXJjaF9sYW1lbnRpbi0tYmFzc2V-dGVycmUtLWd1YWRlbG91cGVIM1gEaFqIAQGYAQ24ARfIAQzYAQHoAQH4AQOIAgGoAgO4AtnL070GwAIB0gIkYTc0MzU2MjMtNzcxMC00MDlhLWExYWQtZjRkOTQyMTI5ZGMx2AIF4AIB&ucfs=1&arphpl=1&group_adults=2&req_adults=2&no_rooms=1&group_children=0&req_children=0&hpos=1&hapos=1&sr_order=popularity&srpvid=a6ce8c2cd0f60337&srepoch=1739908576&from=searchresults,Domaine de Léranie,Booking
,Votre hôte Babeth et Jojo,,,,,,,Votre hôte Babeth et Jojo,,,Guadeloupe,,,,Kaz'Anis,,Appartement 2 Chambres,,,,,,"Chemin De Bergnolles, 97129 Lamentin, GuadeloupeUne fois votre réservation effectuée, toutes les informations sur l'établissement, y compris le numéro de téléphone et l'adresse, seront disponibles sur votre confirmation de réservation ainsi que dans votre compte.",,,Lamentin,,,,,,,https://www.booking.com/hotel/gp/kaz-anis.fr.html?aid=304142&label=gen173nr-1FCAQoggJCKHNlYXJjaF9sYW1lbnRpbi0tYmFzc2V-dGVycmUtLWd1YWRlbG91cGVIM1gEaFqIAQGYAQ24ARfIAQzYAQHoAQH4AQOIAgGoAgO4AtnL070GwAIB0gIkYTc0MzU2MjMtNzcxMC00MDlhLWExYWQtZjRkOTQyMTI5ZGMx2AIF4AIB&ucfs=1&arphpl=1&group_adults=2&req_adults=2&no_rooms=1&group_children=0&req_children=0&hpos=3&hapos=3&sr_order=popularity&srpvid=a6ce8c2cd0f60337&srepoch=1739908576&from=searchresults,Kaz'Anis,Booking
,Votre hôte Dominique,,,,,,,Votre hôte Dominique,,,Guadeloupe,,,,Villa Domi des Caraïbes,,Villa Standard,,,,,,"Rue du Commandant Mortenol, 97129 Lamentin, GuadeloupeExcellente situation géographique — avec une note de 10/10!(note basée sur 3 commentaires)Évaluée par les clients après leur séjour à l'établissement Villa Domi des Caraïbes.",,,Lamentin,,,,,,,https://www.booking.com/hotel/gp/villa-domi-des-caraibes.fr.html?aid=304142&label=gen173nr-1FCAQoggJCKHNlYXJjaF9sYW1lbnRpbi0tYmFzc2V-dGVycmUtLWd1YWRlbG91cGVIM1gEaFqIAQGYAQ24ARfIAQzYAQHoAQH4AQOIAgGoAgO4AtnL070GwAIB0gIkYTc0MzU2MjMtNzcxMC00MDlhLWExYWQtZjRkOTQyMTI5ZGMx2AIF4AIB&ucfs=1&arphpl=1&group_adults=2&req_adults=2&no_rooms=1&group_children=0&req_children=0&hpos=25&hapos=25&sr_order=popularity&srpvid=a6ce8c2cd0f60337&srepoch=1739908576&from=searchresults,Villa Domi des Caraïbes,Booking
,Votre hôte Franck,,,,,,,Votre hôte Franck,,,Guadeloupe,,,,Charmante maison avec Jaccuzi et piscine Sunrise beautiful house with Jaccuzi and swimming pool,,Maison 1 Chambre,,,,,,"Impasse Desbonnes, 97129 Lamentin, GuadeloupeExcellente situation géographique — avec une note de 9.3/10!(note basée sur 23 commentaires)Évaluée par les clients après leur séjour à l'établissement Charmante maison avec Jaccuzi et piscine Sunrise beautiful house with Jaccuzi and swimming pool.",,,Lamentin,,,,,,,https://www.booking.com/hotel/gp/charmante-maison-avec-piscine.fr.html?aid=304142&label=gen173nr-1FCAQoggJCKHNlYXJjaF9sYW1lbnRpbi0tYmFzc2V-dGVycmUtLWd1YWRlbG91cGVIM1gEaFqIAQGYAQ24ARfIAQzYAQHoAQH4AQOIAgGoAgO4AtnL070GwAIB0gIkYTc0MzU2MjMtNzcxMC00MDlhLWExYWQtZjRkOTQyMTI5ZGMx2AIF4AIB&ucfs=1&arphpl=1&group_adults=2&req_adults=2&no_rooms=1&group_children=0&req_children=0&hpos=2&hapos=2&sr_order=popularity&srpvid=a6ce8c2cd0f60337&srepoch=1739908576&from=searchresults,Charmante maison avec Jaccuzi et piscine Sunrise beautiful house with Jaccuzi and swimming pool,Booking
,Gérée par DCM Innovation,,,,,,,Gérée par DCM Innovation,,,Guadeloupe,,,,"Private House for Vacation, Castel",,Maison 3 Chambres,,,,,,"2 Lotissement les Hauts de Castel a Cast, 97129 Lamentin, GuadeloupeUne fois votre réservation effectuée, toutes les informations sur l'établissement, y compris le numéro de téléphone et l'adresse, seront disponibles sur votre confirmation de réservation ainsi que dans votre compte.",,,Lamentin,,,,,,,https://www.booking.com/hotel/gp/private-house-for-vacation-castel.fr.html?aid=304142&label=gen173nr-1FCAQoggJCKHNlYXJjaF9sYW1lbnRpbi0tYmFzc2V-dGVycmUtLWd1YWRlbG91cGVIM1gEaFqIAQGYAQ24ARfIAQzYAQHoAQH4AQOIAgGoAgO4AtnL070GwAIB0gIkYTc0MzU2MjMtNzcxMC00MDlhLWExYWQtZjRkOTQyMTI5ZGMx2AIF4AIB&ucfs=1&arphpl=1&group_adults=2&req_adults=2&no_rooms=1&group_children=0&req_children=0&hpos=19&hapos=19&sr_order=popularity&srpvid=a6ce8c2cd0f60337&srepoch=1739908576&from=searchresults,"Private House for Vacation, Castel",Booking
,Votre hôte Joelle et Alain,,,,,,,Votre hôte Joelle et Alain,,,Guadeloupe,,,,T2 Ti Joe Au cœur de Guadeloupe,,Appartement 1 Chambre,,,,,,"Chemin de Ravine Houel, 97129 Lamentin, GuadeloupeExcellente situation géographique — avec une note de 9.8/10!(note basée sur 22 commentaires)Évaluée par les clients après leur séjour à l'établissement T2 Ti Joe Au cœur de Guadeloupe.",,,Lamentin,,,,,,,https://www.booking.com/hotel/gp/t2-ti-joe-au-coeur-de-guadeloupe.fr.html?aid=304142&label=gen173nr-1FCAQoggJCKHNlYXJjaF9sYW1lbnRpbi0tYmFzc2V-dGVycmUtLWd1YWRlbG91cGVIM1gEaFqIAQGYAQ24ARfIAQzYAQHoAQH4AQOIAgGoAgO4AtnL070GwAIB0gIkYTc0MzU2MjMtNzcxMC00MDlhLWExYWQtZjRkOTQyMTI5ZGMx2AIF4AIB&ucfs=1&arphpl=1&group_adults=2&req_adults=2&no_rooms=1&group_children=0&req_children=0&hpos=16&hapos=16&sr_order=popularity&srpvid=a6ce8c2cd0f60337&srepoch=1739908576&from=searchresults,T2 Ti Joe Au cœur de Guadeloupe,Booking
,Votre hôte SOF GL,,,,,,,Votre hôte SOF GL,,,Guadeloupe,,,,Petit Écrin de Paix,,Maison 2 Chambres,,,,,,"Chemin De Ravine Chaude, 97129 Lamentin, GuadeloupeUne fois votre réservation effectuée, toutes les informations sur l'établissement, y compris le numéro de téléphone et l'adresse, seront disponibles sur votre confirmation de réservation ainsi que dans votre compte.",,,Lamentin,,,,,,,https://www.booking.com/hotel/gp/petit-ecrin-de-paix.fr.html?aid=304142&label=gen173nr-1FCAQoggJCKHNlYXJjaF9sYW1lbnRpbi0tYmFzc2V-dGVycmUtLWd1YWRlbG91cGVIM1gEaFqIAQGYAQ24ARfIAQzYAQHoAQH4AQOIAgGoAgO4AtnL070GwAIB0gIkYTc0MzU2MjMtNzcxMC00MDlhLWExYWQtZjRkOTQyMTI5ZGMx2AIF4AIB&ucfs=1&arphpl=1&group_adults=2&req_adults=2&no_rooms=1&group_children=0&req_children=0&hpos=17&hapos=17&sr_order=popularity&srpvid=a6ce8c2cd0f60337&srepoch=1739908576&from=searchresults,Petit Écrin de Paix,Booking
,Votre hôte Maryline,,,,,,,Votre hôte Maryline,,,Guadeloupe,,,,Dans un coin de verdure,,Chambre Double,,,,,,"Chemin de Ravine Chaude, 97129 Lamentin, GuadeloupeExcellente situation géographique — avec une note de 10/10!(note basée sur 2 commentaires)Évaluée par les clients après leur séjour à l'établissement Dans un coin de verdure.",,,Lamentin,,,,,,,https://www.booking.com/hotel/gp/dans-un-coin-de-verdure-lamentin.fr.html?aid=304142&label=gen173nr-1FCAQoggJCKHNlYXJjaF9sYW1lbnRpbi0tYmFzc2V-dGVycmUtLWd1YWRlbG91cGVIM1gEaFqIAQGYAQ24ARfIAQzYAQHoAQH4AQOIAgGoAgO4AtnL070GwAIB0gIkYTc0MzU2MjMtNzcxMC00MDlhLWExYWQtZjRkOTQyMTI5ZGMx2AIF4AIB&ucfs=1&arphpl=1&group_adults=2&req_adults=2&no_rooms=1&group_children=0&req_children=0&hpos=8&hapos=8&sr_order=popularity&srpvid=a6ce8c2cd0f60337&srepoch=1739908576&from=searchresults,Dans un coin de verdure,Booking
,Votre hôte Chantal & Célia,,,,,,,Votre hôte Chantal & Célia,,,Guadeloupe,,,,Bas de villa F2 clôturé avec jardin au Lamentin,,Appartement 1 Chambre,,,,,,"16 Lotissement Beauvallon a Crane, 97129 Lamentin, GuadeloupeExcellente situation géographique — avec une note de 9.4/10!(note basée sur 11 commentaires)Évaluée par les clients après leur séjour à l'établissement Bas de villa F2 clôturé avec jardin au Lamentin.",,,Lamentin,,,,,,,https://www.booking.com/hotel/gp/bas-de-villa-vue-sur-jardin-au-lamentin.fr.html?aid=304142&label=gen173nr-1FCAQoggJCKHNlYXJjaF9sYW1lbnRpbi0tYmFzc2V-dGVycmUtLWd1YWRlbG91cGVIM1gEaFqIAQGYAQ24ARfIAQzYAQHoAQH4AQOIAgGoAgO4AtnL070GwAIB0gIkYTc0MzU2MjMtNzcxMC00MDlhLWExYWQtZjRkOTQyMTI5ZGMx2AIF4AIB&ucfs=1&arphpl=1&group_adults=2&req_adults=2&no_rooms=1&group_children=0&req_children=0&hpos=6&hapos=6&sr_order=popularity&srpvid=a6ce8c2cd0f60337&srepoch=1739908576&from=searchresults,Bas de villa F2 clôturé avec jardin au Lamentin,Booking
,Gérée par Welip,,,,,,,Gérée par Welip,,,Guadeloupe,,,,Noubana Au Coeur Des Cannes Avec Piscine Chauffée,,Maison 1 Chambre,,,,,,"Route de Boisbert Section Boyer, 97129 Lamentin, GuadeloupeUne fois votre réservation effectuée, toutes les informations sur l'établissement, y compris le numéro de téléphone et l'adresse, seront disponibles sur votre confirmation de réservation ainsi que dans votre compte.",,,Lamentin,,,,,,,https://www.booking.com/hotel/gp/live-in-precious-noubana-tona.fr.html?aid=304142&label=gen173nr-1FCAQoggJCKHNlYXJjaF9sYW1lbnRpbi0tYmFzc2V-dGVycmUtLWd1YWRlbG91cGVIM1gEaFqIAQGYAQ24ARfIAQzYAQHoAQH4AQOIAgGoAgO4AtnL070GwAIB0gIkYTc0MzU2MjMtNzcxMC00MDlhLWExYWQtZjRkOTQyMTI5ZGMx2AIF4AIB&ucfs=1&arphpl=1&group_adults=2&req_adults=2&no_rooms=1&group_children=0&req_children=0&hpos=23&hapos=23&sr_order=popularity&srpvid=a6ce8c2cd0f60337&srepoch=1739908576&from=searchresults,Noubana Au Coeur Des Cannes Avec Piscine Chauffée,Booking
,Votre hôte 2 (couple de retraités,,,,,,,Votre hôte 2 (couple de retraités,,,Guadeloupe,,,,La KazaDette,,Appartement 2 Chambres,,,,,,"Chemin de Leranie, 97129 Lamentin, GuadeloupeUne fois votre réservation effectuée, toutes les informations sur l'établissement, y compris le numéro de téléphone et l'adresse, seront disponibles sur votre confirmation de réservation ainsi que dans votre compte.",,,Lamentin,,,,,,,https://www.booking.com/hotel/gp/la-kazadette.fr.html?aid=304142&label=gen173nr-1FCAQoggJCKHNlYXJjaF9sYW1lbnRpbi0tYmFzc2V-dGVycmUtLWd1YWRlbG91cGVIM1gEaFqIAQGYAQ24ARfIAQzYAQHoAQH4AQOIAgGoAgO4AtnL070GwAIB0gIkYTc0MzU2MjMtNzcxMC00MDlhLWExYWQtZjRkOTQyMTI5ZGMx2AIF4AIB&ucfs=1&arphpl=1&group_adults=2&req_adults=2&no_rooms=1&group_children=0&req_children=0&hpos=20&hapos=20&sr_order=popularity&srpvid=a6ce8c2cd0f60337&srepoch=1739908576&from=searchresults,La KazaDette,Booking
,,,,,,,,https://www.airbnb.fr/users/show/433305991,,,Guadeloupe,,,,BUNGOOD,,,,,,,,,,,Lamentin,,,,,,,https://www.airbnb.fr/rooms/53510555?search_mode=regular_search&adults=1&check_in=2025-02-18&check_out=2025-02-23&children=0&infants=0&pets=0&source_impression_id=p3_1739908588_P3zp66jLBz-6EtJ8&previous_page_section_name=1000,BUNGOOD,Airbnb
,,,,,,,,https://www.airbnb.fr/users/show/655283153,,,Guadeloupe,,,,Magnifique bungalow tout équipé,,,,,,,,,,,Lamentin,,,,,,,https://www.airbnb.fr/rooms/1259366085611003272?search_mode=regular_search&adults=1&check_in=2025-02-18&check_out=2025-02-23&children=0&infants=0&pets=0&source_impression_id=p3_1739908572_P3ZFCmN_XQCIFPX3&previous_page_section_name=1000,Magnifique bungalow tout équipé,Airbnb
,,,,,,,,https://www.airbnb.fr/users/show/316314337,,,Guadeloupe,,,,Chambre paradisiaque,,,,,,,,,,,Lamentin,,,,,,,https://www.airbnb.fr/rooms/693294201899854434?search_mode=regular_search&adults=1&category_tag=Tag%3A8678&check_in=2025-02-18&check_out=2025-02-23&children=0&infants=0&pets=0&photo_id=1672037641&source_impression_id=p3_1739908573_P38HBI11z0LcBoyz&previous_page_section_name=1000,Chambre paradisiaque,Airbnb
,,,,,,,,https://www.airbnb.fr/users/show/678326962,,,Guadeloupe,,,,Villa de Chouchou,,,,,,,,,,,Lamentin,,,,,,,https://www.airbnb.fr/rooms/1354639621709809426?search_mode=regular_search&adults=1&check_in=2025-02-18&check_out=2025-02-23&children=0&infants=0&pets=0&source_impression_id=p3_1739908573_P3kTtqDsfAFa_qot&previous_page_section_name=1000,Villa de Chouchou,Airbnb
,,,,,,,,https://www.airbnb.fr/users/show/154706698,,,Guadeloupe,,,,Vue d'en haut,,,,,,,,,,,Lamentin,,,,,,,https://www.airbnb.fr/rooms/53793877?search_mode=regular_search&adults=1&check_in=2025-02-18&check_out=2025-02-23&children=0&infants=0&pets=0&source_impression_id=p3_1739908573_P3jAlMJosDptujp3&previous_page_section_name=1000,Vue d'en haut,Airbnb
,,,,,,,,https://www.airbnb.fr/users/show/514577321,,,Guadeloupe,,,,Villa Vato,,,,,,,,,,,Lamentin,,,,,,,https://www.airbnb.fr/rooms/1339177794830969074?search_mode=regular_search&adults=1&check_in=2025-02-21&check_out=2025-02-26&children=0&infants=0&pets=0&source_impression_id=p3_1739908573_P3RKG2Ug31Pwae69&previous_page_section_name=1000,Villa Vato,Airbnb
,,,,,,,,https://www.airbnb.fr/users/show/580237395,,,Guadeloupe,,,,Studio L'Abricot,,,,,,,,,,,Lamentin,,,,,,,https://www.airbnb.fr/rooms/1169001754859277049?search_mode=regular_search&adults=1&check_in=2025-02-20&check_out=2025-02-25&children=0&infants=0&pets=0&source_impression_id=p3_1739908573_P3VNxijv7WueO9E8&previous_page_section_name=1000,Studio L'Abricot,Airbnb
,,,,,,,,https://www.airbnb.fr/users/show/67037166,,,Guadeloupe,,,,Logement cozy Lamentin,,,,,,,,,,,Lamentin,,,,,,,https://www.airbnb.fr/rooms/26637143?search_mode=regular_search&adults=1&check_in=2025-02-20&check_out=2025-02-25&children=0&infants=0&pets=0&source_impression_id=p3_1739908573_P3OQFsTTwJ9H20TL&previous_page_section_name=1000,Logement cozy Lamentin,Airbnb
,,,,,,,,https://www.airbnb.fr/users/show/509291081,,,Guadeloupe,,,,"Éden Cottage, charmant bungalow",,,,,,,,,,,Lamentin,,,,,,,https://www.airbnb.fr/rooms/1287183111325130120?search_mode=regular_search&adults=1&check_in=2025-02-19&check_out=2025-02-24&children=0&infants=0&pets=0&source_impression_id=p3_1739908573_P3LtPeQ_ubaUA2Eb&previous_page_section_name=1000,"Éden Cottage, charmant bungalow",Airbnb
,,,,,,,,https://www.airbnb.fr/users/show/263039564,,,Guadeloupe,,,,Le padjembel une oasis de tranquilité,,,,,,,,,,,Lamentin,,,,,,,https://www.airbnb.fr/rooms/34899360?search_mode=regular_search&adults=1&check_in=2025-03-09&check_out=2025-03-14&children=0&infants=0&pets=0&source_impression_id=p3_1739908573_P3tGSSEt1cHPaLxL&previous_page_section_name=1000,Le padjembel une oasis de tranquilité,Airbnb
,,,,,,,,https://www.airbnb.fr/users/show/598980098,,,Guadeloupe,,,,La Majorelle,,,,,,,,,,,Lamentin,,,,,,,https://www.airbnb.fr/rooms/1234208771220076564?search_mode=regular_search&adults=1&check_in=2025-02-25&check_out=2025-03-02&children=0&infants=0&pets=0&source_impression_id=p3_1739908573_P3FPIfFdk8VzSLRM&previous_page_section_name=1000,La Majorelle,Airbnb
,,,,,,,,https://www.airbnb.fr/users/show/575905448,,,Guadeloupe,,,,Appartement au Lamentin,,,,,,,,,,,Lamentin,,,,,,,https://www.airbnb.fr/rooms/1149930946293311483?search_mode=regular_search&adults=1&check_in=2025-03-25&check_out=2025-03-30&children=0&infants=0&pets=0&source_impression_id=p3_1739908573_P3f3yenVaqJf27o5&previous_page_section_name=1000,Appartement au Lamentin,Airbnb
,,,,,,,,https://www.airbnb.fr/users/show/410613371,,,Guadeloupe,,,,"Le Zannana, bungalow zen avec SPA privé",,,,,,,,,,,Lamentin,,,,,,,https://www.airbnb.fr/rooms/618951076167458035?search_mode=regular_search&adults=1&check_in=2025-03-02&check_out=2025-03-07&children=0&infants=0&pets=0&source_impression_id=p3_1739908573_P3GCe58DX3KwJpln&previous_page_section_name=1000,"Le Zannana, bungalow zen avec SPA privé",Airbnb
,,,,,,,,https://www.airbnb.fr/users/show/11808708,,,Guadeloupe,,,,"La kaz à pépés, charmant logement, piscine privée",,,,,,,,,,,Lamentin,,,,,,,https://www.airbnb.fr/rooms/581917887056414194?search_mode=regular_search&adults=1&check_in=2025-03-29&check_out=2025-04-03&children=0&infants=0&pets=0&source_impression_id=p3_1739908573_P3hblAWtSz-o0bqd&previous_page_section_name=1000,"La kaz à pépés, charmant logement, piscine privée",Airbnb
,,,,,,,,https://www.airbnb.fr/users/show/71605153,,,Guadeloupe,,,,Beau studio à la campagne,,,,,,,,,,,Lamentin,,,,,,,https://www.airbnb.fr/rooms/20702143?search_mode=regular_search&adults=1&check_in=2025-02-19&check_out=2025-02-24&children=0&infants=0&pets=0&source_impression_id=p3_1739908573_P3NFMIdpywyJFovb&previous_page_section_name=1000,Beau studio à la campagne,Airbnb
,,,,,,,,https://www.airbnb.fr/users/show/170820557,,,Guadeloupe,,,,"Le Jardin de la Roseraie F2 ""La rose""",,,,,,,,,,,Lamentin,,,,,,,https://www.airbnb.fr/rooms/39609982?search_mode=regular_search&adults=1&check_in=2025-02-18&check_out=2025-02-23&children=0&infants=0&pets=0&source_impression_id=p3_1739908573_P36GTcCoEkK1k_cJ&previous_page_section_name=1000,"Le Jardin de la Roseraie F2 ""La rose""",Airbnb
,,,,,,,,https://www.airbnb.fr/users/show/278769403,,,Guadeloupe,,,,African Queen’s Villa moderne et agréable,,,,,,,,,,,Lamentin,,,,,,,https://www.airbnb.fr/rooms/1322821205611476824?search_mode=regular_search&adults=1&check_in=2025-02-24&check_out=2025-03-01&children=0&infants=0&pets=0&source_impression_id=p3_1739908573_P3rePii7CRGfCWqY&previous_page_section_name=1000,African Queen’s Villa moderne et agréable,Airbnb
,,,,,,,,https://www.airbnb.fr/users/show/316314337,,,Guadeloupe,,,,Bungalow Acomat,,,,,,,,,,,Lamentin,,,,,,,https://www.airbnb.fr/rooms/1029056516334192441?search_mode=regular_search&adults=1&check_in=2025-02-18&check_out=2025-02-23&children=0&infants=0&pets=0&source_impression_id=p3_1739908573_P33NW93-7_Yf-Cdm&previous_page_section_name=1000,Bungalow Acomat,Airbnb
,,,,,,,,https://www.airbnb.fr/users/show/313623428,,,Guadeloupe,,,,Havre de détente avec jacuzzi,,,,,,,,,,,Lamentin,,,,,,,https://www.airbnb.fr/rooms/1290123539896124965?search_mode=regular_search&adults=1&check_in=2025-03-19&check_out=2025-03-24&children=0&infants=0&pets=0&source_impression_id=p3_1739908573_P3PLiMIDcIZZnud3&previous_page_section_name=1000,Havre de détente avec jacuzzi,Airbnb
,,,,,,,,https://www.airbnb.fr/users/show/278769403,,,Guadeloupe,,,,African Queen’s Villa moderne et agréable,,,,,,,,,,,Lamentin,,,,,,,https://www.airbnb.fr/rooms/1322821205611476824?search_mode=regular_search&adults=1&check_in=2025-02-24&check_out=2025-03-01&children=0&infants=0&pets=0&source_impression_id=p3_1739908588_P33xkZee43NItWYR&previous_page_section_name=1000,African Queen’s Villa moderne et agréable,Airbnb
,,,,,,,,https://www.airbnb.fr/users/show/219074624,,,Guadeloupe,,,,Bungalow cosy,,,,,,,,,,,Lamentin,,,,,,,https://www.airbnb.fr/rooms/797081343982004164?search_mode=regular_search&adults=1&check_in=2025-02-23&check_out=2025-02-28&children=0&infants=0&pets=0&source_impression_id=p3_1739908588_P3PlNGrCAl9ch6t-&previous_page_section_name=1000,Bungalow cosy,Airbnb
,,,,,,,,https://www.airbnb.fr/users/show/478154440,,,Guadeloupe,,,,Spacieux bas de villa,,,,,,,,,,,Lamentin,,,,,,,https://www.airbnb.fr/rooms/1236183375813129647?search_mode=regular_search&adults=1&check_in=2025-03-08&check_out=2025-03-13&children=0&infants=0&pets=0&source_impression_id=p3_1739908588_P3uAfylyhKfevsS_&previous_page_section_name=1000,Spacieux bas de villa,Airbnb
,,,,,,,,https://www.airbnb.fr/users/show/316314337,,,Guadeloupe,,,,Bungalow La Lézarde,,,,,,,,,,,Lamentin,,,,,,,https://www.airbnb.fr/rooms/1029082291987623375?search_mode=regular_search&adults=1&check_in=2025-02-22&check_out=2025-02-27&children=0&infants=0&pets=0&source_impression_id=p3_1739908588_P3BbX8fDzVv8RJkY&previous_page_section_name=1000,Bungalow La Lézarde,Airbnb
,,,,,,,,https://www.airbnb.fr/users/show/523440115,,,Guadeloupe,,,,Magnifique gîte.,,,,,,,,,,,Lamentin,,,,,,,https://www.airbnb.fr/rooms/950597169520353880?search_mode=regular_search&adults=1&check_in=2025-02-21&check_out=2025-02-26&children=0&infants=0&pets=0&source_impression_id=p3_1739908588_P3--Dezyvhq413oo&previous_page_section_name=1000,Magnifique gîte.,Airbnb
,,,,,,,,https://www.airbnb.fr/users/show/316314337,,,Guadeloupe,,,,Chambre Birloton,,,,,,,,,,,Lamentin,,,,,,,https://www.airbnb.fr/rooms/739050689028327380?search_mode=regular_search&adults=1&check_in=2025-02-18&check_out=2025-02-23&children=0&infants=0&pets=0&source_impression_id=p3_1739908588_P3fvkdpRPHHkZ_g1&previous_page_section_name=1000,Chambre Birloton,Airbnb
,,,,,,,,https://www.airbnb.fr/users/show/241338716,,,Guadeloupe,,,,Villa Lio ,,,,,,,,,,,Lamentin,,,,,,,https://www.airbnb.fr/rooms/32168672?search_mode=regular_search&adults=1&check_in=2025-02-28&check_out=2025-03-05&children=0&infants=0&pets=0&source_impression_id=p3_1739908588_P3FFS4l1yBVc18TQ&previous_page_section_name=1000,Villa Lio ,Airbnb
,,,,,,,,https://www.airbnb.fr/users/show/163075326,,,Guadeloupe,,,,Bas de villa au Lamentin,,,,,,,,,,,Lamentin,,,,,,,https://www.airbnb.fr/rooms/879139072305372850?search_mode=regular_search&adults=1&check_in=2025-02-20&check_out=2025-02-25&children=0&infants=0&pets=0&source_impression_id=p3_1739908588_P3LxoqQ_bK_GDWUP&previous_page_section_name=1000,Bas de villa au Lamentin,Airbnb
,,,,,,,,https://www.airbnb.fr/users/show/62905207,,,Guadeloupe,,,,Chambre cosy et privée au lamentin,,,,,,,,,,,Lamentin,,,,,,,https://www.airbnb.fr/rooms/37516300?search_mode=regular_search&adults=1&category_tag=Tag%3A8678&check_in=2025-03-27&check_out=2025-04-01&children=0&infants=0&pets=0&photo_id=883081108&source_impression_id=p3_1739908588_P3yF_AhmFXy4fmTf&previous_page_section_name=1000,Chambre cosy et privée au lamentin,Airbnb
,,,,,,,,https://www.airbnb.fr/users/show/447684837,,,Guadeloupe,,,,Joli appartement T2 abordable,,,,,,,,,,,Lamentin,,,,,,,https://www.airbnb.fr/rooms/1217305333330311365?search_mode=regular_search&adults=1&check_in=2025-02-27&check_out=2025-03-04&children=0&infants=0&pets=0&source_impression_id=p3_1739908588_P3dOpb0dLD9mTjsW&previous_page_section_name=1000,Joli appartement T2 abordable,Airbnb
,,,,,,,,https://www.airbnb.fr/users/show/541819876,,,Guadeloupe,,,,"Sun7 appart T2, moderne et cosy",,,,,,,,,,,Lamentin,,,,,,,https://www.airbnb.fr/rooms/1002132727953570557?search_mode=regular_search&adults=1&check_in=2025-04-05&check_out=2025-04-10&children=0&infants=0&pets=0&source_impression_id=p3_1739908619_P37hTg4WBIg5oeuf&previous_page_section_name=1000,"Sun7 appart T2, moderne et cosy",Airbnb
,,,,,,,,https://www.airbnb.fr/users/show/227525958,,,Guadeloupe,,,,Gîte spacieux avec Jacuzzi - ⭐️5 étoiles⭐️,,,,,,,,,,,Lamentin,,,,,,,https://www.airbnb.fr/rooms/30293543?search_mode=regular_search&adults=1&check_in=2025-03-03&check_out=2025-03-08&children=0&infants=0&pets=0&source_impression_id=p3_1739908591_P3OZHsDJg5LANvNW&previous_page_section_name=1000,Gîte spacieux avec Jacuzzi - ⭐️5 étoiles⭐️,Airbnb
,,,,,,,,https://www.airbnb.fr/users/show/60215052,,,Guadeloupe,,,,Studio 24m2 (terrasse - piscine),,,,,,,,,,,Lamentin,,,,,,,https://www.airbnb.fr/rooms/865128868234131812?search_mode=regular_search&adults=1&check_in=2025-02-19&check_out=2025-02-24&children=0&infants=0&pets=0&source_impression_id=p3_1739908591_P3lCv1eGENxDopiW&previous_page_section_name=1000,Studio 24m2 (terrasse - piscine),Airbnb
,,,,,,,,https://www.airbnb.fr/users/show/571844880,,,Guadeloupe,,,,Chambre studio - vue sur Piscine,,,,,,,,,,,Lamentin,,,,,,,https://www.airbnb.fr/rooms/1227642576764490264?search_mode=regular_search&adults=1&category_tag=Tag%3A8678&check_in=2025-03-22&check_out=2025-03-27&children=0&infants=0&pets=0&photo_id=1978773444&source_impression_id=p3_1739908591_P3lP-FEOfQKGi8nO&previous_page_section_name=1000,Chambre studio - vue sur Piscine,Airbnb
,,,,,,,,https://www.airbnb.fr/users/show/157685223,,,Guadeloupe,,,,Chez ALEX,,,,,,,,,,,Lamentin,,,,,,,https://www.airbnb.fr/rooms/42716866?search_mode=regular_search&adults=1&check_in=2025-02-24&check_out=2025-03-01&children=0&infants=0&pets=0&source_impression_id=p3_1739908591_P3Os8fT_ifKlzqwj&previous_page_section_name=1000,Chez ALEX,Airbnb
,,,,,,,,https://www.airbnb.fr/users/show/14030955,,,Guadeloupe,,,,Studio,,,,,,,,,,,Lamentin,,,,,,,https://www.airbnb.fr/rooms/989372406959357129?search_mode=regular_search&adults=1&check_in=2025-02-19&check_out=2025-02-24&children=0&infants=0&pets=0&source_impression_id=p3_1739908591_P3o0PRK5rFgZTv6G&previous_page_section_name=1000,Studio,Airbnb
,,,,,,,,https://www.airbnb.fr/users/show/498402789,,,Guadeloupe,,,,La petite maison à la campagne - côté rue,,,,,,,,,,,Lamentin,,,,,,,https://www.airbnb.fr/rooms/830458289554519821?search_mode=regular_search&adults=1&check_in=2025-02-19&check_out=2025-02-24&children=0&infants=0&pets=0&source_impression_id=p3_1739908591_P3vcUy9RRm-0lnvI&previous_page_section_name=1000,La petite maison à la campagne - côté rue,Airbnb
,,,,,,,,https://www.airbnb.fr/users/show/61562818,,,Guadeloupe,,,,"""Maison de rêve"" de 2 à 6 pers spa Guadeloupe",,,,,,,,,,,Lamentin,,,,,,,https://www.airbnb.fr/rooms/12462244?search_mode=regular_search&adults=1&check_in=2025-02-25&check_out=2025-03-02&children=0&infants=0&pets=0&source_impression_id=p3_1739908591_P3vTtGWPd9S1Nn8P&previous_page_section_name=1000,"""Maison de rêve"" de 2 à 6 pers spa Guadeloupe",Airbnb
,,,,,,,,https://www.airbnb.fr/users/show/676751590,,,Guadeloupe,,,,Bungalow bois nature et jacuzzi,,,,,,,,,,,Lamentin,,,,,,,https://www.airbnb.fr/rooms/1348480664755204746?search_mode=regular_search&adults=1&check_in=2025-02-19&check_out=2025-02-24&children=0&infants=0&pets=0&source_impression_id=p3_1739908591_P3mma8G5Q9jDfcC0&previous_page_section_name=1000,Bungalow bois nature et jacuzzi,Airbnb
,,,,,,,,https://www.airbnb.fr/users/show/270099189,,,Guadeloupe,,,,Bungalow le fruit à pain,,,,,,,,,,,Lamentin,,,,,,,https://www.airbnb.fr/rooms/1289334027549708961?search_mode=regular_search&adults=1&check_in=2025-02-20&check_out=2025-02-25&children=0&infants=0&pets=0&source_impression_id=p3_1739908591_P3_w8shQSS331vLa&previous_page_section_name=1000,Bungalow le fruit à pain,Airbnb
,,,,,,,,https://www.airbnb.fr/users/show/160157493,,,Guadeloupe,,,,Vue sur le gîte Kolin,,,,,,,,,,,Lamentin,,,,,,,https://www.airbnb.fr/rooms/1043713313940420997?search_mode=regular_search&adults=1&check_in=2025-04-03&check_out=2025-04-08&children=0&infants=0&pets=0&source_impression_id=p3_1739908591_P3my6CZ7LdFLu107&previous_page_section_name=1000,Vue sur le gîte Kolin,Airbnb
,,,,,,,,https://www.airbnb.fr/users/show/412965073,,,Guadeloupe,,,,Très joli T2 à Petit-Bourg,,,,,,,,,,,Lamentin,,,,,,,https://www.airbnb.fr/rooms/1167446029205778437?search_mode=regular_search&adults=1&check_in=2025-02-18&check_out=2025-02-23&children=0&infants=0&pets=0&source_impression_id=p3_1739908591_P3j3UOqBTp3zUsOB&previous_page_section_name=1000,Très joli T2 à Petit-Bourg,Airbnb
,,,,,,,,https://www.airbnb.fr/users/show/237014293,,,Guadeloupe,,,,Chambre privée à Petit-Bourg,,,,,,,,,,,Lamentin,,,,,,,https://www.airbnb.fr/rooms/868224736594582247?search_mode=regular_search&adults=1&category_tag=Tag%3A8678&check_in=2025-02-25&check_out=2025-03-02&children=0&infants=0&pets=0&photo_id=1626831733&source_impression_id=p3_1739908591_P3tZMHzW8kcrDJuu&previous_page_section_name=1000,Chambre privée à Petit-Bourg,Airbnb
,,,,,,,,https://www.airbnb.fr/users/show/116217464,,,Guadeloupe,,,,La Maison du Bonheur,,,,,,,,,,,Lamentin,,,,,,,https://www.airbnb.fr/rooms/17247427?search_mode=regular_search&adults=1&check_in=2025-02-20&check_out=2025-02-25&children=0&infants=0&pets=0&source_impression_id=p3_1739908591_P352wswJo5BiiNk5&previous_page_section_name=1000,La Maison du Bonheur,Airbnb
,,,,,,,,https://www.airbnb.fr/users/show/562266232,,,Guadeloupe,,,,"Chambre, Petit déjeuner, Piscine, Parc national",,,,,,,,,,,Lamentin,,,,,,,https://www.airbnb.fr/rooms/1094274338925156528?search_mode=regular_search&adults=1&check_in=2025-04-05&check_out=2025-04-10&children=0&infants=0&pets=0&source_impression_id=p3_1739908591_P3zlrAIraMahJDQ-&previous_page_section_name=1000,"Chambre, Petit déjeuner, Piscine, Parc national",Airbnb
,,,,,,,,https://www.airbnb.fr/users/show/392531360,,,Guadeloupe,,,,Bungalow au cœur de la nature,,,,,,,,,,,Lamentin,,,,,,,https://www.airbnb.fr/rooms/566069898629809310?search_mode=regular_search&adults=1&check_in=2025-03-01&check_out=2025-03-06&children=0&infants=0&pets=0&source_impression_id=p3_1739908591_P3_dGTysLv_B5kOW&previous_page_section_name=1000,Bungalow au cœur de la nature,Airbnb
,,,,,,,,https://www.airbnb.fr/users/show/673953816,,,Guadeloupe,,,,Gîte La Mérane,,,,,,,,,,,Lamentin,,,,,,,https://www.airbnb.fr/rooms/1337721876392007898?search_mode=regular_search&adults=1&check_in=2025-02-20&check_out=2025-02-27&children=0&infants=0&pets=0&source_impression_id=p3_1739908603_P3ocr8ZU3lejz-ms&previous_page_section_name=1000,Gîte La Mérane,Airbnb
,,,,,,,,https://www.airbnb.fr/users/show/587121704,,,Guadeloupe,,,,Belle chambre chez l'habitant,,,,,,,,,,,Lamentin,,,,,,,https://www.airbnb.fr/rooms/1289156097952044302?search_mode=regular_search&adults=1&category_tag=Tag%3A8678&check_in=2025-02-18&check_out=2025-02-23&children=0&infants=0&pets=0&photo_id=2049254945&source_impression_id=p3_1739908604_P3YPRbNBUmzenLDX&previous_page_section_name=1000,Belle chambre chez l'habitant,Airbnb
,,,,,,,,https://www.airbnb.fr/users/show/57019779,,,Guadeloupe,,,,"Baie-Mahault, chambre vue mer avec salle d’eau",,,,,,,,,,,Lamentin,,,,,,,https://www.airbnb.fr/rooms/53172698?search_mode=regular_search&adults=1&category_tag=Tag%3A8678&check_in=2025-02-19&check_out=2025-02-24&children=0&infants=0&pets=0&photo_id=1946214035&source_impression_id=p3_1739908604_P34826afgQN4wqWF&previous_page_section_name=1000,"Baie-Mahault, chambre vue mer avec salle d’eau",Airbnb
,,,,,,,,https://www.airbnb.fr/users/show/324651254,,,Guadeloupe,,,,Bienvenue chez moi T4 à la campagne,,,,,,,,,,,Lamentin,,,,,,,https://www.airbnb.fr/rooms/41319411?search_mode=regular_search&adults=1&check_in=2025-02-20&check_out=2025-02-25&children=0&infants=0&pets=0&source_impression_id=p3_1739908604_P3T7JVwax9m95AGw&previous_page_section_name=1000,Bienvenue chez moi T4 à la campagne,Airbnb
,,,,,,,,https://www.airbnb.fr/users/show/68221698,,,Guadeloupe,,,,"Villa privée, Pierrette 3 chambres",,,,,,,,,,,Lamentin,,,,,,,https://www.airbnb.fr/rooms/1248580389921493313?search_mode=regular_search&adults=1&check_in=2025-05-05&check_out=2025-05-10&children=0&infants=0&pets=0&source_impression_id=p3_1739908604_P3ViDd1l2BEEBf48&previous_page_section_name=1000,"Villa privée, Pierrette 3 chambres",Airbnb
,,,,,,,,https://www.airbnb.fr/users/show/321170079,,,Guadeloupe,,,,"Villa Loka,lieu calme et paisible",,,,,,,,,,,Lamentin,,,,,,,https://www.airbnb.fr/rooms/41075922?search_mode=regular_search&adults=1&check_in=2025-04-11&check_out=2025-04-16&children=0&infants=0&pets=0&source_impression_id=p3_1739908604_P30sX-GqnJf23yEt&previous_page_section_name=1000,"Villa Loka,lieu calme et paisible",Airbnb
,,,,,,,,https://www.airbnb.fr/users/show/103613132,,,Guadeloupe,,,,Dream Room GP - accès privé/confidentiel/autonome,,,,,,,,,,,Lamentin,,,,,,,https://www.airbnb.fr/rooms/932814039021661014?search_mode=regular_search&adults=1&check_in=2025-03-01&check_out=2025-03-06&children=0&infants=0&pets=0&source_impression_id=p3_1739908604_P3P5D_ITIEzxWyTp&previous_page_section_name=1000,Dream Room GP - accès privé/confidentiel/autonome,Airbnb
,,,,,,,,https://www.airbnb.fr/users/show/11808708,,,Guadeloupe,,,,"Les petites cabanes de Castel, piscines privatives",,,,,,,,,,,Lamentin,,,,,,,https://www.airbnb.fr/rooms/1244405604376215486?search_mode=regular_search&adults=1&check_in=2025-05-02&check_out=2025-05-07&children=0&infants=0&pets=0&source_impression_id=p3_1739908604_P3VnWvl1mMdWmQlX&previous_page_section_name=1000,"Les petites cabanes de Castel, piscines privatives",Airbnb
,,,,,,,,https://www.airbnb.fr/users/show/155616461,,,Guadeloupe,,,,Douillet havre de paix,,,,,,,,,,,Lamentin,,,,,,,https://www.airbnb.fr/rooms/1098569408767456671?search_mode=regular_search&adults=1&check_in=2025-02-27&check_out=2025-03-04&children=0&infants=0&pets=0&source_impression_id=p3_1739908604_P3LPjw0XpuMgPmNb&previous_page_section_name=1000,Douillet havre de paix,Airbnb
,,,,,,,,https://www.airbnb.fr/users/show/472936930,,,Guadeloupe,,,,Bungalow au coeur des bambous 1,,,,,,,,,,,Lamentin,,,,,,,https://www.airbnb.fr/rooms/684738022008420211?search_mode=regular_search&adults=1&check_in=2025-03-05&check_out=2025-03-10&children=0&infants=0&pets=0&source_impression_id=p3_1739908604_P3oEDXfDAyGASuU-&previous_page_section_name=1000,Bungalow au coeur des bambous 1,Airbnb
,,,,,,,,https://www.airbnb.fr/users/show/316314337,,,Guadeloupe,,,,Logement Bois Banane,,,,,,,,,,,Lamentin,,,,,,,https://www.airbnb.fr/rooms/910861907743313543?search_mode=regular_search&adults=1&check_in=2025-02-18&check_out=2025-02-23&children=0&infants=0&pets=0&source_impression_id=p3_1739908604_P3atmJ-YBC5Qom4J&previous_page_section_name=1000,Logement Bois Banane,Airbnb
,,,,,,,,https://www.airbnb.fr/users/show/499858909,,,Guadeloupe,,,,Villa neuve - piscine - au calme,,,,,,,,,,,Lamentin,,,,,,,https://www.airbnb.fr/rooms/821003915290252833?search_mode=regular_search&adults=1&check_in=2025-02-27&check_out=2025-03-04&children=0&infants=0&pets=0&source_impression_id=p3_1739908604_P37UFu4l3SL3gZWb&previous_page_section_name=1000,Villa neuve - piscine - au calme,Airbnb
,,,,,,,,https://www.airbnb.fr/users/show/16545595,,,Guadeloupe,,,,Charmant Bungalow créole. entièrement climatisé,,,,,,,,,,,Lamentin,,,,,,,https://www.airbnb.fr/rooms/1077713699085080588?search_mode=regular_search&adults=1&check_in=2025-02-19&check_out=2025-02-24&children=0&infants=0&pets=0&source_impression_id=p3_1739908604_P3o5khPkS9xzZEOP&previous_page_section_name=1000,Charmant Bungalow créole. entièrement climatisé,Airbnb
,,,,,,,,https://www.airbnb.fr/users/show/498865351,,,Guadeloupe,,,,Villa Pheron - De standing -5 Personnes 2 chambres,,,,,,,,,,,Lamentin,,,,,,,https://www.airbnb.fr/rooms/886994515255240841?search_mode=regular_search&adults=1&check_in=2025-03-23&check_out=2025-03-28&children=0&infants=0&pets=0&source_impression_id=p3_1739908604_P3jpBHw0BCLHV_aT&previous_page_section_name=1000,Villa Pheron - De standing -5 Personnes 2 chambres,Airbnb
,,,,,,,,https://www.airbnb.fr/users/show/498402789,,,Guadeloupe,,,,Chez Nico,,,,,,,,,,,Lamentin,,,,,,,https://www.airbnb.fr/rooms/1343561985412280330?search_mode=regular_search&adults=1&check_in=2025-02-18&check_out=2025-02-23&children=0&infants=0&pets=0&source_impression_id=p3_1739908604_P3JPjou-8q2K5NVb&previous_page_section_name=1000,Chez Nico,Airbnb
,,,,,,,,https://www.airbnb.fr/users/show/33967145,,,Guadeloupe,,,,Bungalow indépendant 20m2 pour 2 adultes,,,,,,,,,,,Lamentin,,,,,,,https://www.airbnb.fr/rooms/47008145?search_mode=regular_search&adults=1&check_in=2025-02-26&check_out=2025-03-03&children=0&infants=0&pets=0&source_impression_id=p3_1739908604_P3YCtRtuVk3q7mrk&previous_page_section_name=1000,Bungalow indépendant 20m2 pour 2 adultes,Airbnb
,,,,,,,,https://www.airbnb.fr/users/show/5092335,,,Guadeloupe,,,,Chambre  meublée climatisée,,,,,,,,,,,Lamentin,,,,,,,https://www.airbnb.fr/rooms/21528144?search_mode=regular_search&adults=1&category_tag=Tag%3A8678&check_in=2025-02-21&check_out=2025-02-26&children=0&infants=0&pets=0&photo_id=403331423&source_impression_id=p3_1739908604_P3N3Zvmto2Ia1CnY&previous_page_section_name=1000,Chambre  meublée climatisée,Airbnb
,,,,,,,,https://www.airbnb.fr/users/show/675106038,,,Guadeloupe,,,,Location-Bas de Villa Guadeloupe,,,,,,,,,,,Lamentin,,,,,,,https://www.airbnb.fr/rooms/1342035316132208500?search_mode=regular_search&adults=1&check_in=2025-03-15&check_out=2025-03-20&children=0&infants=0&pets=0&source_impression_id=p3_1739908604_P3IixBKDbWQPjZRl&previous_page_section_name=1000,Location-Bas de Villa Guadeloupe,Airbnb
,,,,,,,,https://www.airbnb.fr/users/show/675106038,,,Guadeloupe,,,,Location-Bas de Villa Guadeloupe,,,,,,,,,,,Lamentin,,,,,,,https://www.airbnb.fr/rooms/1342035316132208500?search_mode=regular_search&adults=1&check_in=2025-03-15&check_out=2025-03-20&children=0&infants=0&pets=0&source_impression_id=p3_1739908610_P3_W-OHHgk-H2XRD&previous_page_section_name=1000,Location-Bas de Villa Guadeloupe,Airbnb
,,,,,,,,https://www.airbnb.fr/users/show/510693541,,,Guadeloupe,,,,Hébergement + Petit Déjeuner fait maison inclus,,,,,,,,,,,Lamentin,,,,,,,https://www.airbnb.fr/rooms/872576400351809121?search_mode=regular_search&adults=1&check_in=2025-04-20&check_out=2025-04-25&children=0&infants=0&pets=0&source_impression_id=p3_1739908610_P3-0O-MM83W3922N&previous_page_section_name=1000,Hébergement + Petit Déjeuner fait maison inclus,Airbnb
,,,,,,,,https://www.airbnb.fr/users/show/187148078,,,Guadeloupe,,,,Le kolibry des iles,,,,,,,,,,,Lamentin,,,,,,,https://www.airbnb.fr/rooms/1084069163535895164?search_mode=regular_search&adults=1&check_in=2025-02-19&check_out=2025-02-24&children=0&infants=0&pets=0&source_impression_id=p3_1739908610_P3d1cTgXjUefoiYf&previous_page_section_name=1000,Le kolibry des iles,Airbnb
,,,,,,,,https://www.airbnb.fr/users/show/532129359,,,Guadeloupe,,,,2 pièces en bas de villa,,,,,,,,,,,Lamentin,,,,,,,https://www.airbnb.fr/rooms/1129907190938449096?search_mode=regular_search&adults=1&check_in=2025-02-22&check_out=2025-02-27&children=0&infants=0&pets=0&source_impression_id=p3_1739908610_P3KOZG0msvN_eAHz&previous_page_section_name=1000,2 pièces en bas de villa,Airbnb
,,,,,,,,https://www.airbnb.fr/users/show/488272335,,,Guadeloupe,,,,Gîte de La Dorade au coeur du Papillon,,,,,,,,,,,Lamentin,,,,,,,https://www.airbnb.fr/rooms/811575921451498141?search_mode=regular_search&adults=1&check_in=2025-02-19&check_out=2025-02-24&children=0&infants=0&pets=0&source_impression_id=p3_1739908610_P3TRszrtpPH_ViaG&previous_page_section_name=1000,Gîte de La Dorade au coeur du Papillon,Airbnb
,,,,,,,,https://www.airbnb.fr/users/show/489335967,,,Guadeloupe,,,,Bungalow Maledona,,,,,,,,,,,Lamentin,,,,,,,https://www.airbnb.fr/rooms/769574678269656090?search_mode=regular_search&adults=1&check_in=2025-02-19&check_out=2025-02-24&children=0&infants=0&pets=0&source_impression_id=p3_1739908610_P3rKN-Iob-phB7FP&previous_page_section_name=1000,Bungalow Maledona,Airbnb
,,,,,,,,https://www.airbnb.fr/users/show/265196030,,,Guadeloupe,,,,Le lieu de repos...,,,,,,,,,,,Lamentin,,,,,,,https://www.airbnb.fr/rooms/35221756?search_mode=regular_search&adults=1&check_in=2025-03-07&check_out=2025-03-12&children=0&infants=0&pets=0&source_impression_id=p3_1739908610_P3AuVW7gkEjbvWGH&previous_page_section_name=1000,Le lieu de repos...,Airbnb
,,,,,,,,https://www.airbnb.fr/users/show/362654995,,,Guadeloupe,,,,Ti kazDM Havre de Paix Tropical avec Piscine Privé,,,,,,,,,,,Lamentin,,,,,,,https://www.airbnb.fr/rooms/47450072?search_mode=regular_search&adults=1&check_in=2025-03-10&check_out=2025-03-15&children=0&infants=0&pets=0&source_impression_id=p3_1739908610_P3bcj4-W2gro7BQ-&previous_page_section_name=1000,Ti kazDM Havre de Paix Tropical avec Piscine Privé,Airbnb
,,,,,,,,https://www.airbnb.fr/users/show/676039780,,,Guadeloupe,,,,Studio climatisé avec piscine,,,,,,,,,,,Lamentin,,,,,,,https://www.airbnb.fr/rooms/1345619554530882128?search_mode=regular_search&adults=1&check_in=2025-02-19&check_out=2025-02-24&children=0&infants=0&pets=0&source_impression_id=p3_1739908610_P3xL0kitHKrQXMj_&previous_page_section_name=1000,Studio climatisé avec piscine,Airbnb
,,,,,,,,https://www.airbnb.fr/users/show/302888826,,,Guadeloupe,,,,"Villa Latanier T3, Piscine, Lamentin",,,,,,,,,,,Lamentin,,,,,,,https://www.airbnb.fr/rooms/1341958933324163582?search_mode=regular_search&adults=1&check_in=2025-02-28&check_out=2025-03-05&children=0&infants=0&pets=0&source_impression_id=p3_1739908610_P3YJj245JoPPqwft&previous_page_section_name=1000,"Villa Latanier T3, Piscine, Lamentin",Airbnb
,,,,,,,,https://www.airbnb.fr/users/show/221126030,,,Guadeloupe,,,,Bel appartement,,,,,,,,,,,Lamentin,,,,,,,https://www.airbnb.fr/rooms/1082076148101145628?search_mode=regular_search&adults=1&check_in=2025-02-20&check_out=2025-02-25&children=0&infants=0&pets=0&source_impression_id=p3_1739908610_P3mHXkkowjyqR83A&previous_page_section_name=1000,Bel appartement,Airbnb
,,,,,,,,https://www.airbnb.fr/users/show/293229620,,,Guadeloupe,,,,Entre mers et montagnes bis,,,,,,,,,,,Lamentin,,,,,,,https://www.airbnb.fr/rooms/50832087?search_mode=regular_search&adults=1&check_in=2025-02-27&check_out=2025-03-04&children=0&infants=0&pets=0&source_impression_id=p3_1739908610_P3upPkoknOOcQ5OV&previous_page_section_name=1000,Entre mers et montagnes bis,Airbnb
,,,,,,,,https://www.airbnb.fr/users/show/547952913,,,Guadeloupe,,,,Kreol,,,,,,,,,,,Lamentin,,,,,,,https://www.airbnb.fr/rooms/1040727152914747818?search_mode=regular_search&adults=1&category_tag=Tag%3A8678&check_in=2025-02-19&check_out=2025-02-24&children=0&infants=0&pets=0&photo_id=2065110090&source_impression_id=p3_1739908610_P3tiP0k_tIiqxvLV&previous_page_section_name=1000,Kreol,Airbnb
,,,,,,,,https://www.airbnb.fr/users/show/656106175,,,Guadeloupe,,,,Bungalow Tiaré : Rêve Tropical,,,,,,,,,,,Lamentin,,,,,,,https://www.airbnb.fr/rooms/1332893174986610248?search_mode=regular_search&adults=1&check_in=2025-02-19&check_out=2025-02-24&children=0&infants=0&pets=0&source_impression_id=p3_1739908610_P3BxCeYuG-0Jdu7L&previous_page_section_name=1000,Bungalow Tiaré : Rêve Tropical,Airbnb
,,,,,,,,https://www.airbnb.fr/users/show/26668826,,,Guadeloupe,,,,La Kabane du Pêcheur,,,,,,,,,,,Lamentin,,,,,,,https://www.airbnb.fr/rooms/17277486?search_mode=regular_search&adults=1&check_in=2025-02-24&check_out=2025-03-01&children=0&infants=0&pets=0&source_impression_id=p3_1739908610_P3F7q8qTk9GyGPXl&previous_page_section_name=1000,La Kabane du Pêcheur,Airbnb
,,,,,,,,https://www.airbnb.fr/users/show/499858909,,,Guadeloupe,,,,Bas de villa - jacuzzi au calme,,,,,,,,,,,Lamentin,,,,,,,https://www.airbnb.fr/rooms/821033842746173265?search_mode=regular_search&adults=1&check_in=2025-02-23&check_out=2025-02-28&children=0&infants=0&pets=0&source_impression_id=p3_1739908610_P3953c6KiM65qGQw&previous_page_section_name=1000,Bas de villa - jacuzzi au calme,Airbnb
,,,,,,,,https://www.airbnb.fr/users/show/183616509,,,Guadeloupe,,,,Maison avec piscine à la campagne,,,,,,,,,,,Lamentin,,,,,,,https://www.airbnb.fr/rooms/24523251?search_mode=regular_search&adults=1&check_in=2025-02-21&check_out=2025-02-26&children=0&infants=0&pets=0&source_impression_id=p3_1739908610_P38_iC3tS2oSeDri&previous_page_section_name=1000,Maison avec piscine à la campagne,Airbnb
,,,,,,,,https://www.airbnb.fr/users/show/405646006,,,Guadeloupe,,,,"Maison 3 chambres, grand jardin",,,,,,,,,,,Lamentin,,,,,,,https://www.airbnb.fr/rooms/946256467143546996?search_mode=regular_search&adults=1&check_in=2025-03-06&check_out=2025-03-11&children=0&infants=0&pets=0&source_impression_id=p3_1739908610_P320b3XFMGzhatdU&previous_page_section_name=1000,"Maison 3 chambres, grand jardin",Airbnb
,,,,,,,,https://www.airbnb.fr/users/show/541819876,,,Guadeloupe,,,,Sun7 appart T1 vue panoramique sur la nature !,,,,,,,,,,,Lamentin,,,,,,,https://www.airbnb.fr/rooms/1034859772294035796?search_mode=regular_search&adults=1&check_in=2025-04-13&check_out=2025-04-18&children=0&infants=0&pets=0&source_impression_id=p3_1739908613_P3JfPuLnWi8yQ45E&previous_page_section_name=1000,Sun7 appart T1 vue panoramique sur la nature !,Airbnb
,,,,,,,,https://www.airbnb.fr/users/show/348484305,,,Guadeloupe,,,,Chaya lodge,,,,,,,,,,,Lamentin,,,,,,,https://www.airbnb.fr/rooms/1285059650170716392?search_mode=regular_search&adults=1&check_in=2025-03-15&check_out=2025-03-20&children=0&infants=0&pets=0&source_impression_id=p3_1739908613_P3vKao40RyMkkrtz&previous_page_section_name=1000,Chaya lodge,Airbnb
,,,,,,,,https://www.airbnb.fr/users/show/552539987,,,Guadeloupe,,,,Moderne Lodge Tropical,,,,,,,,,,,Lamentin,,,,,,,https://www.airbnb.fr/rooms/1054319048820755918?search_mode=regular_search&adults=1&check_in=2025-03-10&check_out=2025-03-15&children=0&infants=0&pets=0&source_impression_id=p3_1739908613_P3OUJiw8eqjxKGkX&previous_page_section_name=1000,Moderne Lodge Tropical,Airbnb
,,,,,,,,https://www.airbnb.fr/users/show/170820557,,,Guadeloupe,,,,"jardin de la roseraie  F2 ""pomme cannelle"".",,,,,,,,,,,Lamentin,,,,,,,https://www.airbnb.fr/rooms/23731534?search_mode=regular_search&adults=1&check_in=2025-02-25&check_out=2025-03-02&children=0&infants=0&pets=0&source_impression_id=p3_1739908613_P3zO7FszxB0OWd4W&previous_page_section_name=1000,"jardin de la roseraie  F2 ""pomme cannelle"".",Airbnb
,,,,,,,,https://www.airbnb.fr/users/show/477988994,,,Guadeloupe,,,,Bungalow Zandoli - nature tout confort,,,,,,,,,,,Lamentin,,,,,,,https://www.airbnb.fr/rooms/711127308929819919?search_mode=regular_search&adults=1&check_in=2025-03-08&check_out=2025-03-13&children=0&infants=0&pets=0&source_impression_id=p3_1739908613_P30Y49pJ2XSmYK7T&previous_page_section_name=1000,Bungalow Zandoli - nature tout confort,Airbnb
,,,,,,,,https://www.airbnb.fr/users/show/77854206,,,Guadeloupe,,,,Maisonnette de campagne: Sofaïa à 5 min,,,,,,,,,,,Lamentin,,,,,,,https://www.airbnb.fr/rooms/1255646766445396060?search_mode=regular_search&adults=1&check_in=2025-02-20&check_out=2025-02-25&children=0&infants=0&pets=0&source_impression_id=p3_1739908613_P3CmQULADqpv1Qi5&previous_page_section_name=1000,Maisonnette de campagne: Sofaïa à 5 min,Airbnb
,,,,,,,,https://www.airbnb.fr/users/show/388199511,,,Guadeloupe,,,,"""Kayou lok"" la perle de vos  vakans en Guadeloupe",,,,,,,,,,,Lamentin,,,,,,,https://www.airbnb.fr/rooms/48135811?search_mode=regular_search&adults=1&check_in=2025-02-18&check_out=2025-02-23&children=0&infants=0&pets=0&source_impression_id=p3_1739908613_P3Q7tlIiAq-chCTA&previous_page_section_name=1000,"""Kayou lok"" la perle de vos  vakans en Guadeloupe",Airbnb
,,,,,,,,https://www.airbnb.fr/users/show/105143882,,,Guadeloupe,,,,T3 dans Villa Tropicale,,,,,,,,,,,Lamentin,,,,,,,https://www.airbnb.fr/rooms/1346589236506089410?search_mode=regular_search&adults=1&check_in=2025-02-22&check_out=2025-02-27&children=0&infants=0&pets=0&source_impression_id=p3_1739908613_P3CxPmqN5wn_DXVg&previous_page_section_name=1000,T3 dans Villa Tropicale,Airbnb
,,,,,,,,https://www.airbnb.fr/users/show/498865351,,,Guadeloupe,,,,Villa Jasmin - Standing - Piscine chauf. 9Pers 4Ch,,,,,,,,,,,Lamentin,,,,,,,https://www.airbnb.fr/rooms/816551455032473236?search_mode=regular_search&adults=1&check_in=2025-04-05&check_out=2025-04-10&children=0&infants=0&pets=0&source_impression_id=p3_1739908613_P3EjA4QAycPuum19&previous_page_section_name=1000,Villa Jasmin - Standing - Piscine chauf. 9Pers 4Ch,Airbnb
,,,,,,,,https://www.airbnb.fr/users/show/30801183,,,Guadeloupe,,,,Au plaisir d'être,,,,,,,,,,,Lamentin,,,,,,,https://www.airbnb.fr/rooms/820151914559136171?search_mode=regular_search&adults=1&check_in=2025-03-01&check_out=2025-03-06&children=0&infants=0&pets=0&source_impression_id=p3_1739908613_P3x3gTqn0IoUJvTv&previous_page_section_name=1000,Au plaisir d'être,Airbnb
,,,,,,,,https://www.airbnb.fr/users/show/309039481,,,Guadeloupe,,,,Envie de détente,,,,,,,,,,,Lamentin,,,,,,,https://www.airbnb.fr/rooms/40063979?search_mode=regular_search&adults=1&check_in=2025-03-15&check_out=2025-03-22&children=0&infants=0&pets=0&source_impression_id=p3_1739908613_P3UCL6542Saxd6AD&previous_page_section_name=1000,Envie de détente,Airbnb
,,,,,,,,https://www.airbnb.fr/users/show/52084129,,,Guadeloupe,,,,Appartement kaz à Sacha,,,,,,,,,,,Lamentin,,,,,,,https://www.airbnb.fr/rooms/1156542079645585685?search_mode=regular_search&adults=1&check_in=2025-02-20&check_out=2025-02-25&children=0&infants=0&pets=0&source_impression_id=p3_1739908613_P30OfBkEVCTTieXP&previous_page_section_name=1000,Appartement kaz à Sacha,Airbnb
,,,,,,,,https://www.airbnb.fr/users/show/6918920,,,Guadeloupe,,,,Grande  Villa avec piscine en Guadeloupe,,,,,,,,,,,Lamentin,,,,,,,https://www.airbnb.fr/rooms/6537334?search_mode=regular_search&adults=1&check_in=2025-02-19&check_out=2025-02-24&children=0&infants=0&pets=0&source_impression_id=p3_1739908613_P3zh1NrkymQC5xWt&previous_page_section_name=1000,Grande  Villa avec piscine en Guadeloupe,Airbnb
,,,,,,,,https://www.airbnb.fr/users/show/376431290,,,Guadeloupe,,,,Bienvenue au Gîte « Canolie » ,,,,,,,,,,,Lamentin,,,,,,,https://www.airbnb.fr/rooms/911683407468092571?search_mode=regular_search&adults=1&check_in=2025-11-01&check_out=2025-11-06&children=0&infants=0&pets=0&source_impression_id=p3_1739908613_P3-ylBO59Panz1dM&previous_page_section_name=1000,Bienvenue au Gîte « Canolie » ,Airbnb
,,,,,,,,https://www.airbnb.fr/users/show/307621344,,,Guadeloupe,,,,Westwood Kaloucaera,,,,,,,,,,,Lamentin,,,,,,,https://www.airbnb.fr/rooms/1299433353270091389?search_mode=regular_search&adults=1&check_in=2025-02-18&check_out=2025-02-23&children=0&infants=0&pets=0&source_impression_id=p3_1739908613_P3hlYL3ceHkEly6S&previous_page_section_name=1000,Westwood Kaloucaera,Airbnb
,,,,,,,,https://www.airbnb.fr/users/show/159085430,,,Guadeloupe,,,,La Mandarine,,,,,,,,,,,Lamentin,,,,,,,https://www.airbnb.fr/rooms/592585557704599595?search_mode=regular_search&adults=1&check_in=2025-02-23&check_out=2025-02-28&children=0&infants=0&pets=0&source_impression_id=p3_1739908613_P3KHPLf9tkUjLbKJ&previous_page_section_name=1000,La Mandarine,Airbnb
,,,,,,,,https://www.airbnb.fr/users/show/432968202,,,Guadeloupe,,,,"Maison à Lamentin, vue mer",,,,,,,,,,,Lamentin,,,,,,,https://www.airbnb.fr/rooms/846134587202225220?search_mode=regular_search&adults=1&check_in=2025-03-01&check_out=2025-03-06&children=0&infants=0&pets=0&source_impression_id=p3_1739908613_P3jQEBYYK5yHhzjl&previous_page_section_name=1000,"Maison à Lamentin, vue mer",Airbnb
,,,,,,,,https://www.airbnb.fr/users/show/170820557,,,Guadeloupe,,,,"le jardin de la roseraie F3 ""l'avocatier"".",,,,,,,,,,,Lamentin,,,,,,,https://www.airbnb.fr/rooms/23023719?search_mode=regular_search&adults=1&check_in=2025-02-22&check_out=2025-02-27&children=0&infants=0&pets=0&source_impression_id=p3_1739908613_P3QMPzxK80GE06wC&previous_page_section_name=1000,"le jardin de la roseraie F3 ""l'avocatier"".",Airbnb
,,,,,,,,https://www.airbnb.fr/users/show/531703923,,,Guadeloupe,,,,Villa luciole,,,,,,,,,,,Lamentin,,,,,,,https://www.airbnb.fr/rooms/1307402547912320690?search_mode=regular_search&adults=1&check_in=2025-04-22&check_out=2025-04-27&children=0&infants=0&pets=0&source_impression_id=p3_1739908616_P3JalVoLwO4ZqnPR&previous_page_section_name=1000,Villa luciole,Airbnb
,,,,,,,,https://www.airbnb.fr/users/show/78017534,,,Guadeloupe,,,,Ti Hibiscus,,,,,,,,,,,Lamentin,,,,,,,https://www.airbnb.fr/rooms/22935959?search_mode=regular_search&adults=1&check_in=2025-02-18&check_out=2025-02-23&children=0&infants=0&pets=0&source_impression_id=p3_1739908616_P3tCYuLYLBcB0Q30&previous_page_section_name=1000,Ti Hibiscus,Airbnb
,,,,,,,,https://www.airbnb.fr/users/show/338025412,,,Guadeloupe,,,,Bungalow dans un jardin tropical avec piscine,,,,,,,,,,,Lamentin,,,,,,,https://www.airbnb.fr/rooms/42456921?search_mode=regular_search&adults=1&check_in=2025-02-18&check_out=2025-02-23&children=0&infants=0&pets=0&source_impression_id=p3_1739908616_P3gLOReqO6Hu_Fg5&previous_page_section_name=1000,Bungalow dans un jardin tropical avec piscine,Airbnb
,,,,,,,,https://www.airbnb.fr/users/show/432425269,,,Guadeloupe,,,,Appart confortable Sainte-Rose,,,,,,,,,,,Lamentin,,,,,,,https://www.airbnb.fr/rooms/564401846842713005?search_mode=regular_search&adults=1&check_in=2025-02-23&check_out=2025-02-28&children=0&infants=0&pets=0&source_impression_id=p3_1739908616_P3V_YfaCy7MzuWmd&previous_page_section_name=1000,Appart confortable Sainte-Rose,Airbnb
,,,,,,,,https://www.airbnb.fr/users/show/328772951,,,Guadeloupe,,,,Studio Standing - LaMéridienne,,,,,,,,,,,Lamentin,,,,,,,https://www.airbnb.fr/rooms/41664559?search_mode=regular_search&adults=1&check_in=2025-02-24&check_out=2025-03-01&children=0&infants=0&pets=0&source_impression_id=p3_1739908616_P3zSS0TuKOSMheaC&previous_page_section_name=1000,Studio Standing - LaMéridienne,Airbnb
,,,,,,,,https://www.airbnb.fr/users/show/17334285,,,Guadeloupe,,,,"Hauolibed, Havre de Passion avec piscine.",,,,,,,,,,,Lamentin,,,,,,,https://www.airbnb.fr/rooms/3439626?search_mode=regular_search&adults=1&check_in=2025-03-01&check_out=2025-03-06&children=0&infants=0&pets=0&source_impression_id=p3_1739908616_P3SlMOkHkcQdSpZS&previous_page_section_name=1000,"Hauolibed, Havre de Passion avec piscine.",Airbnb
,,,,,,,,https://www.airbnb.fr/users/show/45313067,,,Guadeloupe,,,,Petit bijou paisible - jacuzzi - jardin privatif,,,,,,,,,,,Lamentin,,,,,,,https://www.airbnb.fr/rooms/960127164434171952?search_mode=regular_search&adults=1&check_in=2025-02-26&check_out=2025-03-03&children=0&infants=0&pets=0&source_impression_id=p3_1739908616_P3hkAyTeSQ6FiAvV&previous_page_section_name=1000,Petit bijou paisible - jacuzzi - jardin privatif,Airbnb
,,,,,,,,https://www.airbnb.fr/users/show/515985845,,,Guadeloupe,,,,Gîte privé,,,,,,,,,,,Lamentin,,,,,,,https://www.airbnb.fr/rooms/1287143578637079878?search_mode=regular_search&adults=1&check_in=2025-02-28&check_out=2025-03-05&children=0&infants=0&pets=0&source_impression_id=p3_1739908616_P3JrRA4lRd1LmTnM&previous_page_section_name=1000,Gîte privé,Airbnb
,,,,,,,,https://www.airbnb.fr/users/show/568417999,,,Guadeloupe,,,,Maison,,,,,,,,,,,Lamentin,,,,,,,https://www.airbnb.fr/rooms/1118182020480948044?search_mode=regular_search&adults=1&check_in=2025-02-19&check_out=2025-02-24&children=0&infants=0&pets=0&source_impression_id=p3_1739908616_P3GVTH9svdMnVBOa&previous_page_section_name=1000,Maison,Airbnb
,,,,,,,,https://www.airbnb.fr/users/show/569373656,,,Guadeloupe,,,,Bungalow chez Séve et Savi,,,,,,,,,,,Lamentin,,,,,,,https://www.airbnb.fr/rooms/1169646958358204321?search_mode=regular_search&adults=1&check_in=2025-02-26&check_out=2025-03-03&children=0&infants=0&pets=0&source_impression_id=p3_1739908616_P3XO6Yr2e64bDksy&previous_page_section_name=1000,Bungalow chez Séve et Savi,Airbnb
,,,,,,,,https://www.airbnb.fr/users/show/94089168,,,Guadeloupe,,,,Séjour Unique à Bord : Confort et Charme sur l’Eau,,,,,,,,,,,Lamentin,,,,,,,https://www.airbnb.fr/rooms/1325500577448482029?search_mode=regular_search&adults=1&check_in=2025-02-28&check_out=2025-03-05&children=0&infants=0&pets=0&source_impression_id=p3_1739908616_P32haNDbcxjqpaim&previous_page_section_name=1000,Séjour Unique à Bord : Confort et Charme sur l’Eau,Airbnb
,,,,,,,,https://www.airbnb.fr/users/show/1897464,,,Guadeloupe,,,,"Piscine, spa et rivière privée",,,,,,,,,,,Lamentin,,,,,,,https://www.airbnb.fr/rooms/1352775803448666101?search_mode=regular_search&adults=1&check_in=2025-02-24&check_out=2025-03-01&children=0&infants=0&pets=0&source_impression_id=p3_1739908616_P3yObhZu996nUyvW&previous_page_section_name=1000,"Piscine, spa et rivière privée",Airbnb
,,,,,,,,https://www.airbnb.fr/users/show/93359954,,,Guadeloupe,,,,Maison nichée dans les hauteurs,,,,,,,,,,,Lamentin,,,,,,,https://www.airbnb.fr/rooms/1345941507204276079?search_mode=regular_search&adults=1&check_in=2025-02-18&check_out=2025-02-23&children=0&infants=0&pets=0&source_impression_id=p3_1739908616_P38NjFIlM25PZo8U&previous_page_section_name=1000,Maison nichée dans les hauteurs,Airbnb
,,,,,,,,https://www.airbnb.fr/users/show/362888546,,,Guadeloupe,,,,Gîte chez Rémisa,,,,,,,,,,,Lamentin,,,,,,,https://www.airbnb.fr/rooms/1124608568529602956?search_mode=regular_search&adults=1&check_in=2025-02-19&check_out=2025-02-24&children=0&infants=0&pets=0&source_impression_id=p3_1739908616_P3N9p0yKJldsViyK&previous_page_section_name=1000,Gîte chez Rémisa,Airbnb
,,,,,,,,https://www.airbnb.fr/users/show/4059384,,,Guadeloupe,,,,Bar Valombre Gîte Les Saintes,,,,,,,,,,,Lamentin,,,,,,,https://www.airbnb.fr/rooms/12385949?search_mode=regular_search&adults=1&check_in=2025-03-10&check_out=2025-03-15&children=0&infants=0&pets=0&source_impression_id=p3_1739908616_P3FotiLt-SlV-9kg&previous_page_section_name=1000,Bar Valombre Gîte Les Saintes,Airbnb
,,,,,,,,https://www.airbnb.fr/users/show/59801278,,,Guadeloupe,,,,"Ti Bijou, petite maison neuve.",,,,,,,,,,,Lamentin,,,,,,,https://www.airbnb.fr/rooms/976338545242784241?search_mode=regular_search&adults=1&check_in=2025-02-18&check_out=2025-02-23&children=0&infants=0&pets=0&source_impression_id=p3_1739908616_P3QI4K0rld9xykcM&previous_page_section_name=1000,"Ti Bijou, petite maison neuve.",Airbnb
,,,,,,,,https://www.airbnb.fr/users/show/244917640,,,Guadeloupe,,,,Au petit coin tranquille,,,,,,,,,,,Lamentin,,,,,,,https://www.airbnb.fr/rooms/32587762?search_mode=regular_search&adults=1&check_in=2025-03-14&check_out=2025-03-19&children=0&infants=0&pets=0&source_impression_id=p3_1739908617_P3hK_Qkl9rGuKVrb&previous_page_section_name=1000,Au petit coin tranquille,Airbnb
,,,,,,,,https://www.airbnb.fr/users/show/541819876,,,Guadeloupe,,,,"Sun7 appart T2, moderne et cosy",,,,,,,,,,,Lamentin,,,,,,,https://www.airbnb.fr/rooms/1002132727953570557?search_mode=regular_search&adults=1&check_in=2025-04-05&check_out=2025-04-10&children=0&infants=0&pets=0&source_impression_id=p3_1739908617_P3UrBmBY9Bw1Xckn&previous_page_section_name=1000,"Sun7 appart T2, moderne et cosy",Airbnb
,,,,,,,,https://www.airbnb.fr/users/show/244917640,,,Guadeloupe,,,,Au petit coin tranquille,,,,,,,,,,,Lamentin,,,,,,,https://www.airbnb.fr/rooms/32587762?search_mode=regular_search&adults=1&check_in=2025-03-14&check_out=2025-03-19&children=0&infants=0&pets=0&source_impression_id=p3_1739908619_P3Rz7-lFMKy6AtNB&previous_page_section_name=1000,Au petit coin tranquille,Airbnb
,,,,,,,,https://www.airbnb.fr/users/show/115045875,,,Guadeloupe,,,,Maison Canne à Sucre,,,,,,,,,,,Lamentin,,,,,,,https://www.airbnb.fr/rooms/17121627?search_mode=regular_search&adults=1&check_in=2025-02-18&check_out=2025-02-23&children=0&infants=0&pets=0&source_impression_id=p3_1739908635_P3xN1R2HsDHx4Fzd&previous_page_section_name=1000,Maison Canne à Sucre,Airbnb
,,,,,,,,https://www.airbnb.fr/users/show/58221194,,,Guadeloupe,,,,Appt Ti-Savann,,,,,,,,,,,Lamentin,,,,,,,https://www.airbnb.fr/rooms/11185018?search_mode=regular_search&adults=1&check_in=2025-02-18&check_out=2025-02-23&children=0&infants=0&pets=0&source_impression_id=p3_1739908619_P3XcIC-BD5PoqVa6&previous_page_section_name=1000,Appt Ti-Savann,Airbnb
,,,,,,,,https://www.airbnb.fr/users/show/133238479,,,Guadeloupe,,,,Charmant F2 avec jacuzzi piscine,,,,,,,,,,,Lamentin,,,,,,,https://www.airbnb.fr/rooms/19081170?search_mode=regular_search&adults=1&check_in=2025-04-09&check_out=2025-04-14&children=0&infants=0&pets=0&source_impression_id=p3_1739908619_P3FFRXrfG2Mp1FWg&previous_page_section_name=1000,Charmant F2 avec jacuzzi piscine,Airbnb
,,,,,,,,https://www.airbnb.fr/users/show/550959098,,,Guadeloupe,,,,Charmant studio Océane,,,,,,,,,,,Lamentin,,,,,,,https://www.airbnb.fr/rooms/1046313863092043666?search_mode=regular_search&adults=1&check_in=2025-02-24&check_out=2025-03-01&children=0&infants=0&pets=0&source_impression_id=p3_1739908619_P3IUT0jgJuGdB5Kj&previous_page_section_name=1000,Charmant studio Océane,Airbnb
,,,,,,,,https://www.airbnb.fr/users/show/495356255,,,Guadeloupe,,,,Bungalow Papaye,,,,,,,,,,,Lamentin,,,,,,,https://www.airbnb.fr/rooms/666373624770592878?search_mode=regular_search&adults=1&check_in=2025-03-30&check_out=2025-04-04&children=0&infants=0&pets=0&source_impression_id=p3_1739908619_P3vjqoLQc7a7Tn6U&previous_page_section_name=1000,Bungalow Papaye,Airbnb
,,,,,,,,https://www.airbnb.fr/users/show/585905926,,,Guadeloupe,,,,Hill Rock Villas - Blue Silver,,,,,,,,,,,Lamentin,,,,,,,https://www.airbnb.fr/rooms/1187807969105915044?search_mode=regular_search&adults=1&check_in=2025-03-09&check_out=2025-03-14&children=0&infants=0&pets=0&source_impression_id=p3_1739908620_P3tk-ffmz38t--is&previous_page_section_name=1000,Hill Rock Villas - Blue Silver,Airbnb
,,,,,,,,https://www.airbnb.fr/users/show/58772766,,,Guadeloupe,,,,Bungalows créole  avec piscine et jardin,,,,,,,,,,,Lamentin,,,,,,,https://www.airbnb.fr/rooms/11360282?search_mode=regular_search&adults=1&check_in=2025-02-18&check_out=2025-02-23&children=0&infants=0&pets=0&source_impression_id=p3_1739908620_P35xIb3anemEBmrh&previous_page_section_name=1000,Bungalows créole  avec piscine et jardin,Airbnb
,,,,,,,,https://www.airbnb.fr/users/show/83411241,,,Guadeloupe,,,,Refuge paradis,,,,,,,,,,,Lamentin,,,,,,,https://www.airbnb.fr/rooms/1244381855783407705?search_mode=regular_search&adults=1&check_in=2025-03-17&check_out=2025-03-22&children=0&infants=0&pets=0&source_impression_id=p3_1739908620_P3vZAwYeKOrT0vQi&previous_page_section_name=1000,Refuge paradis,Airbnb
,,,,,,,,https://www.airbnb.fr/users/show/560003575,,,Guadeloupe,,,,Maison F3 - Lamentin Guadeloupe,,,,,,,,,,,Lamentin,,,,,,,https://www.airbnb.fr/rooms/1082761893707340623?search_mode=regular_search&adults=1&check_in=2025-03-07&check_out=2025-03-12&children=0&infants=0&pets=0&source_impression_id=p3_1739908620_P3X79BGWF1rsgZ6q&previous_page_section_name=1000,Maison F3 - Lamentin Guadeloupe,Airbnb
,,,,,,,,https://www.airbnb.fr/users/show/487569731,,,Guadeloupe,,,,Chambre pratique proche du port,,,,,,,,,,,Lamentin,,,,,,,https://www.airbnb.fr/rooms/1350924026141253244?search_mode=regular_search&adults=1&category_tag=Tag%3A8678&check_in=2025-03-14&check_out=2025-03-19&children=0&infants=0&pets=0&photo_id=2084195051&source_impression_id=p3_1739908620_P3kiLG6OTelxkas4&previous_page_section_name=1000,Chambre pratique proche du port,Airbnb
,,,,,,,,https://www.airbnb.fr/users/show/453478826,,,Guadeloupe,,,,Chambre d'hôtes dans charmante ville Sainte Rose,,,,,,,,,,,Lamentin,,,,,,,https://www.airbnb.fr/rooms/601344929616984575?search_mode=regular_search&adults=1&category_tag=Tag%3A8678&check_in=2025-02-19&check_out=2025-02-24&children=0&infants=0&pets=0&photo_id=1377601163&source_impression_id=p3_1739908620_P3segDG1R_RubN2S&previous_page_section_name=1000,Chambre d'hôtes dans charmante ville Sainte Rose,Airbnb
,,,,,,,,https://www.airbnb.fr/users/show/67191450,,,Guadeloupe,,,,"Logement vacances  Petit-Bourg,Cosy avec Piscine.",,,,,,,,,,,Lamentin,,,,,,,https://www.airbnb.fr/rooms/12623205?search_mode=regular_search&adults=1&check_in=2025-03-08&check_out=2025-03-13&children=0&infants=0&pets=0&source_impression_id=p3_1739908620_P3t3kMatrGt-g9iX&previous_page_section_name=1000,"Logement vacances  Petit-Bourg,Cosy avec Piscine.",Airbnb
,,,,,,,,https://www.airbnb.fr/users/show/557327493,,,Guadeloupe,,,,La Villa - Piscines,,,,,,,,,,,Lamentin,,,,,,,https://www.airbnb.fr/rooms/1071960008619069333?search_mode=regular_search&adults=1&check_in=2025-02-25&check_out=2025-03-02&children=0&infants=0&pets=0&source_impression_id=p3_1739908620_P3qQpNEGC7BtaWvk&previous_page_section_name=1000,La Villa - Piscines,Airbnb
,,,,,,,,https://www.airbnb.fr/users/show/522893396,,,Guadeloupe,,,,bungalow studio 4 personnes,,,,,,,,,,,Lamentin,,,,,,,https://www.airbnb.fr/rooms/925228003385422363?search_mode=regular_search&adults=1&check_in=2025-03-26&check_out=2025-03-31&children=0&infants=0&pets=0&source_impression_id=p3_1739908620_P3GKD6fkQXBHZojS&previous_page_section_name=1000,bungalow studio 4 personnes,Airbnb
,,,,,,,,https://www.airbnb.fr/users/show/296932326,,,Guadeloupe,,,,Tiny house 1 chambre Cuisine terrasse salle d'eau,,,,,,,,,,,Lamentin,,,,,,,https://www.airbnb.fr/rooms/965758041871143974?search_mode=regular_search&adults=1&check_in=2025-02-20&check_out=2025-02-25&children=0&infants=0&pets=0&source_impression_id=p3_1739908620_P3hXQAT9A5Q2u1dx&previous_page_section_name=1000,Tiny house 1 chambre Cuisine terrasse salle d'eau,Airbnb
,,,,,,,,https://www.airbnb.fr/users/show/657636047,,,Guadeloupe,,,,Bungalow Cacao chez Nico,,,,,,,,,,,Lamentin,,,,,,,https://www.airbnb.fr/rooms/1269654775706737148?search_mode=regular_search&adults=1&check_in=2025-02-18&check_out=2025-02-23&children=0&infants=0&pets=0&source_impression_id=p3_1739908620_P3X9kXYXJbxT4_bT&previous_page_section_name=1000,Bungalow Cacao chez Nico,Airbnb
,,,,,,,,https://www.airbnb.fr/users/show/6071166,,,Guadeloupe,,,,"Espace Tropical -  Détendez-vous, détendez-vous et explorez -",,,,,,,,,,,Lamentin,,,,,,,https://www.airbnb.fr/rooms/1680158?search_mode=regular_search&adults=1&category_tag=Tag%3A8678&check_in=2025-03-03&check_out=2025-03-08&children=0&infants=0&pets=0&photo_id=688686450&source_impression_id=p3_1739908620_P3Y8uApqrB9EGQud&previous_page_section_name=1000,"Espace Tropical -  Détendez-vous, détendez-vous et explorez -",Airbnb
,,,,,,,,https://www.airbnb.fr/users/show/310690859,,,Guadeloupe,,,,Fleur de canne,,,,,,,,,,,Lamentin,,,,,,,https://www.airbnb.fr/rooms/814291101555585700?search_mode=regular_search&adults=1&check_in=2025-02-21&check_out=2025-02-26&children=0&infants=0&pets=0&source_impression_id=p3_1739908631_P3aFRqmU6F-q4CCH&previous_page_section_name=1000,Fleur de canne,Airbnb
,,,,,,,,https://www.airbnb.fr/users/show/456221387,,,Guadeloupe,,,,Gîte paisible avec piscine à Petit-Bourg,,,,,,,,,,,Lamentin,,,,,,,https://www.airbnb.fr/rooms/613963495080394700?search_mode=regular_search&adults=1&check_in=2025-02-18&check_out=2025-02-23&children=0&infants=0&pets=0&source_impression_id=p3_1739908631_P3SWabz6gdcRwPjz&previous_page_section_name=1000,Gîte paisible avec piscine à Petit-Bourg,Airbnb
,,,,,,,,https://www.airbnb.fr/users/show/247193982,,,Guadeloupe,,,,T2 spacieux privé avec terrasse en pleine nature,,,,,,,,,,,Lamentin,,,,,,,https://www.airbnb.fr/rooms/32887536?search_mode=regular_search&adults=1&check_in=2025-02-18&check_out=2025-02-23&children=0&infants=0&pets=0&source_impression_id=p3_1739908631_P32qYbjT7uR-9nkU&previous_page_section_name=1000,T2 spacieux privé avec terrasse en pleine nature,Airbnb
,,,,,,,,https://www.airbnb.fr/users/show/353258568,,,Guadeloupe,,,,Chambre La Canopée,,,,,,,,,,,Lamentin,,,,,,,https://www.airbnb.fr/rooms/1305112253502958513?search_mode=regular_search&adults=1&category_tag=Tag%3A8678&check_in=2025-02-19&check_out=2025-02-24&children=0&infants=0&pets=0&photo_id=2076690583&source_impression_id=p3_1739908631_P3jJLnP1IqYn1wLe&previous_page_section_name=1000,Chambre La Canopée,Airbnb
,,,,,,,,https://www.airbnb.fr/users/show/510933527,,,Guadeloupe,,,,Studio Villa Paradise n°1,,,,,,,,,,,Lamentin,,,,,,,https://www.airbnb.fr/rooms/873769708892638941?search_mode=regular_search&adults=1&check_in=2025-02-19&check_out=2025-02-24&children=0&infants=0&pets=0&source_impression_id=p3_1739908631_P3wjT0r1Wuk2A0Mi&previous_page_section_name=1000,Studio Villa Paradise n°1,Airbnb
,,,,,,,,https://www.airbnb.fr/users/show/672703729,,,Guadeloupe,,,,Villa Nia avec vue d'exception,,,,,,,,,,,Lamentin,,,,,,,https://www.airbnb.fr/rooms/1334713666174796458?search_mode=regular_search&adults=1&check_in=2025-04-28&check_out=2025-05-03&children=0&infants=0&pets=0&source_impression_id=p3_1739908631_P3iBVhx9N9I1KOc6&previous_page_section_name=1000,Villa Nia avec vue d'exception,Airbnb
,,,,,,,,https://www.airbnb.fr/users/show/209364139,,,Guadeloupe,,,,Bienvenue  dans la maison  le bien de la terre,,,,,,,,,,,Lamentin,,,,,,,https://www.airbnb.fr/rooms/48961537?search_mode=regular_search&adults=1&check_in=2025-03-23&check_out=2025-03-28&children=0&infants=0&pets=0&source_impression_id=p3_1739908632_P35e2lBMlLpSkWMB&previous_page_section_name=1000,Bienvenue  dans la maison  le bien de la terre,Airbnb
,,,,,,,,https://www.airbnb.fr/users/show/21382176,,,Guadeloupe,,,,Villa Kanisi 2 (3 chambres) au centre de l'Ile,,,,,,,,,,,Lamentin,,,,,,,https://www.airbnb.fr/rooms/1131935330443743129?search_mode=regular_search&adults=1&check_in=2025-03-23&check_out=2025-03-28&children=0&infants=0&pets=0&source_impression_id=p3_1739908632_P3mz9MGeY_DB4eaL&previous_page_section_name=1000,Villa Kanisi 2 (3 chambres) au centre de l'Ile,Airbnb
,,,,,,,,https://www.airbnb.fr/users/show/503831879,,,Guadeloupe,,,,"La Villa du Toucan d'Or, au cœur de la Guadeloupe",,,,,,,,,,,Lamentin,,,,,,,https://www.airbnb.fr/rooms/839801804425519882?search_mode=regular_search&adults=1&check_in=2025-03-20&check_out=2025-03-25&children=0&infants=0&pets=0&source_impression_id=p3_1739908632_P342VeT765mz0Igz&previous_page_section_name=1000,"La Villa du Toucan d'Or, au cœur de la Guadeloupe",Airbnb
,,,,,,,,https://www.airbnb.fr/users/show/102527069,,,Guadeloupe,,,,Chez Laurette Bungalow charmant sans coupure d’eau,,,,,,,,,,,Lamentin,,,,,,,https://www.airbnb.fr/rooms/1252524575665560804?search_mode=regular_search&adults=1&check_in=2025-04-06&check_out=2025-04-11&children=0&infants=0&pets=0&source_impression_id=p3_1739908632_P3emZY3MQor7rKK7&previous_page_section_name=1000,Chez Laurette Bungalow charmant sans coupure d’eau,Airbnb
,,,,,,,,https://www.airbnb.fr/users/show/477988994,,,Guadeloupe,,,,Bungalow Kouliwou - nature tout confort,,,,,,,,,,,Lamentin,,,,,,,https://www.airbnb.fr/rooms/707952151391180722?search_mode=regular_search&adults=1&check_in=2025-02-25&check_out=2025-03-02&children=0&infants=0&pets=0&source_impression_id=p3_1739908632_P3QFBujJC0haRnkA&previous_page_section_name=1000,Bungalow Kouliwou - nature tout confort,Airbnb
,,,,,,,,https://www.airbnb.fr/users/show/4059384,,,Guadeloupe,,,,Bar Valombre Gîte Marie Galante,,,,,,,,,,,Lamentin,,,,,,,https://www.airbnb.fr/rooms/12109724?search_mode=regular_search&adults=1&check_in=2025-02-22&check_out=2025-02-27&children=0&infants=0&pets=0&source_impression_id=p3_1739908632_P3Kra0Jio4CMG0P3&previous_page_section_name=1000,Bar Valombre Gîte Marie Galante,Airbnb
,,,,,,,,https://www.airbnb.fr/users/show/133238479,,,Guadeloupe,,,,Charmant F3 avec piscine et jacuzzi,,,,,,,,,,,Lamentin,,,,,,,https://www.airbnb.fr/rooms/641727185432351027?search_mode=regular_search&adults=1&check_in=2025-03-09&check_out=2025-03-16&children=0&infants=0&pets=0&source_impression_id=p3_1739908632_P3-YpMCn9yFvg_Wa&previous_page_section_name=1000,Charmant F3 avec piscine et jacuzzi,Airbnb
,,,,,,,,https://www.airbnb.fr/users/show/356744622,,,Guadeloupe,,,,Bungalow indépendant avec vue montagne,,,,,,,,,,,Lamentin,,,,,,,https://www.airbnb.fr/rooms/906537540864257137?search_mode=regular_search&adults=1&check_in=2025-04-21&check_out=2025-04-26&children=0&infants=0&pets=0&source_impression_id=p3_1739908632_P3hHa2Wa-NuP5yeS&previous_page_section_name=1000,Bungalow indépendant avec vue montagne,Airbnb
,,,,,,,,https://www.airbnb.fr/users/show/448063861,,,Guadeloupe,,,,", Jacuzzi Privé",,,,,,,,,,,Lamentin,,,,,,,https://www.airbnb.fr/rooms/583502415758911085?search_mode=regular_search&adults=1&check_in=2025-03-19&check_out=2025-03-24&children=0&infants=0&pets=0&source_impression_id=p3_1739908632_P3Y8sSHPYCOs2hKP&previous_page_section_name=1000,", Jacuzzi Privé",Airbnb
,,,,,,,,https://www.airbnb.fr/users/show/447536317,,,Guadeloupe,,,,La Terra Cotta -Guadeloupe,,,,,,,,,,,Lamentin,,,,,,,https://www.airbnb.fr/rooms/1348877313855055685?search_mode=regular_search&adults=1&check_in=2025-02-20&check_out=2025-02-25&children=0&infants=0&pets=0&source_impression_id=p3_1739908632_P32tJSNZLYgNKNbR&previous_page_section_name=1000,La Terra Cotta -Guadeloupe,Airbnb
,,,,,,,,https://www.airbnb.fr/users/show/406386738,,,Guadeloupe,,,,Maison de campagne avec piscine et spa,,,,,,,,,,,Lamentin,,,,,,,https://www.airbnb.fr/rooms/744932702927130469?search_mode=regular_search&adults=1&check_in=2025-04-11&check_out=2025-04-16&children=0&infants=0&pets=0&source_impression_id=p3_1739908632_P3ATIHSa8a_Kz7ev&previous_page_section_name=1000,Maison de campagne avec piscine et spa,Airbnb
,,,,,,,,https://www.airbnb.fr/users/show/21382176,,,Guadeloupe,,,,Villa Kanisi 1 ( 2 chambres) au centre de l'Ile,,,,,,,,,,,Lamentin,,,,,,,https://www.airbnb.fr/rooms/1130482869653616006?search_mode=regular_search&adults=1&check_in=2025-03-30&check_out=2025-04-04&children=0&infants=0&pets=0&source_impression_id=p3_1739908632_P3htuCrmPK5lBTBx&previous_page_section_name=1000,Villa Kanisi 1 ( 2 chambres) au centre de l'Ile,Airbnb
,,,,,,,,https://www.airbnb.fr/users/show/425942323,,,Guadeloupe,,,,Maison avec spa au  Lamentin,,,,,,,,,,,Lamentin,,,,,,,https://www.airbnb.fr/rooms/698490218876528632?search_mode=regular_search&adults=1&check_in=2025-02-18&check_out=2025-02-23&children=0&infants=0&pets=0&source_impression_id=p3_1739908634_P3CAR2WcK6kCjfrh&previous_page_section_name=1000,Maison avec spa au  Lamentin,Airbnb
,,,,,,,,https://www.airbnb.fr/users/show/657349306,,,Guadeloupe,,,,Spacieux F2 entre mer et cascade,,,,,,,,,,,Lamentin,,,,,,,https://www.airbnb.fr/rooms/1274962211552817726?search_mode=regular_search&adults=1&check_in=2025-03-14&check_out=2025-03-19&children=0&infants=0&pets=0&source_impression_id=p3_1739908635_P3kaCfH6X_To0078&previous_page_section_name=1000,Spacieux F2 entre mer et cascade,Airbnb
,,,,,,,,https://www.airbnb.fr/users/show/445573113,,,Guadeloupe,,,,"Eco-Loft en pleine nature ""Annunaki garden""",,,,,,,,,,,Lamentin,,,,,,,https://www.airbnb.fr/rooms/822429447168446194?search_mode=regular_search&adults=1&category_tag=Tag%3A8678&check_in=2025-02-20&check_out=2025-02-25&children=0&infants=0&pets=0&photo_id=1583944424&source_impression_id=p3_1739908635_P3QkBgQFFCuGDxrz&previous_page_section_name=1000,"Eco-Loft en pleine nature ""Annunaki garden""",Airbnb
,,,,,,,,https://www.airbnb.fr/users/show/15331694,,,Guadeloupe,,,,"Gîte Kaz à Topaze, piscine,  jardin tropical",,,,,,,,,,,Lamentin,,,,,,,https://www.airbnb.fr/rooms/720287643502853015?search_mode=regular_search&adults=1&check_in=2025-02-18&check_out=2025-02-23&children=0&infants=0&pets=0&source_impression_id=p3_1739908635_P3wVzd4ieP_d4Ul8&previous_page_section_name=1000,"Gîte Kaz à Topaze, piscine,  jardin tropical",Airbnb
,,,,,,,,https://www.airbnb.fr/users/show/148047327,,,Guadeloupe,,,,Loft Unique,,,,,,,,,,,Lamentin,,,,,,,https://www.airbnb.fr/rooms/28909478?search_mode=regular_search&adults=1&check_in=2025-03-27&check_out=2025-04-01&children=0&infants=0&pets=0&source_impression_id=p3_1739908635_P3KozxGzXdvPqlEL&previous_page_section_name=1000,Loft Unique,Airbnb
,,,,,,,,https://www.airbnb.fr/users/show/654347609,,,Guadeloupe,,,,bunga coco,,,,,,,,,,,Lamentin,,,,,,,https://www.airbnb.fr/rooms/1255220999720785894?search_mode=regular_search&adults=1&check_in=2025-03-14&check_out=2025-03-19&children=0&infants=0&pets=0&source_impression_id=p3_1739908635_P3R4r5v3wBykOjZf&previous_page_section_name=1000,bunga coco,Airbnb
,,,,,,,,https://www.airbnb.fr/users/show/433832931,,,Guadeloupe,,,,Green Lodge - Maison cadre calme et naturelle,,,,,,,,,,,Lamentin,,,,,,,https://www.airbnb.fr/rooms/1138664338145868215?search_mode=regular_search&adults=1&check_in=2025-03-22&check_out=2025-03-27&children=0&infants=0&pets=0&source_impression_id=p3_1739908635_P3CR2i9sAZGw4zvD&previous_page_section_name=1000,Green Lodge - Maison cadre calme et naturelle,Airbnb
,,,,,,,,https://www.airbnb.fr/users/show/1387491,,,Guadeloupe,,,,La parenthèse verdoyante,,,,,,,,,,,Lamentin,,,,,,,https://www.airbnb.fr/rooms/1079080585214070906?search_mode=regular_search&adults=1&check_in=2025-03-17&check_out=2025-03-22&children=0&infants=0&pets=0&source_impression_id=p3_1739908635_P3kZT3uuQWu_g_xH&previous_page_section_name=1000,La parenthèse verdoyante,Airbnb
,,,,,,,,https://www.airbnb.fr/users/show/55886734,,,Guadeloupe,,,,Charmant studio avec terrasse,,,,,,,,,,,Lamentin,,,,,,,https://www.airbnb.fr/rooms/54051367?search_mode=regular_search&adults=1&check_in=2025-03-30&check_out=2025-04-04&children=0&infants=0&pets=0&source_impression_id=p3_1739908635_P36ODL5ZbOy10G3v&previous_page_section_name=1000,Charmant studio avec terrasse,Airbnb
,,,,,,,,https://www.airbnb.fr/users/show/495860423,,,Guadeloupe,,,,Appartement Belfort Sainte-Rose,,,,,,,,,,,Lamentin,,,,,,,https://www.airbnb.fr/rooms/1113222949665559393?search_mode=regular_search&adults=1&check_in=2025-02-28&check_out=2025-03-05&children=0&infants=0&pets=0&source_impression_id=p3_1739908638_P3z2suaHntXTc4Qh&previous_page_section_name=1000,Appartement Belfort Sainte-Rose,Airbnb
,,,,,,,,https://www.airbnb.fr/users/show/560704896,,,Guadeloupe,,,,CosyLife Ste-Rose vue Sofaïa - Chambre 2,,,,,,,,,,,Lamentin,,,,,,,https://www.airbnb.fr/rooms/1105609441297301489?search_mode=regular_search&adults=1&category_tag=Tag%3A8678&check_in=2025-02-18&check_out=2025-02-23&children=0&infants=0&pets=0&photo_id=1854382832&source_impression_id=p3_1739908635_P3GCtl_0SDwdjx_Y&previous_page_section_name=1000,CosyLife Ste-Rose vue Sofaïa - Chambre 2,Airbnb
,,,,,,,,https://www.airbnb.fr/users/show/583080894,,,Guadeloupe,,,,Gîte Kazamax,,,,,,,,,,,Lamentin,,,,,,,https://www.airbnb.fr/rooms/1177520073217377237?search_mode=regular_search&adults=1&check_in=2025-02-20&check_out=2025-02-25&children=0&infants=0&pets=0&source_impression_id=p3_1739908635_P3cgxP6bk7TPB-un&previous_page_section_name=1000,Gîte Kazamax,Airbnb
,,,,,,,,https://www.airbnb.fr/users/show/439543971,,,Guadeloupe,,,,Gîte indépendant proche plage,,,,,,,,,,,Lamentin,,,,,,,https://www.airbnb.fr/rooms/901583576477027215?search_mode=regular_search&adults=1&check_in=2025-05-06&check_out=2025-05-11&children=0&infants=0&pets=0&source_impression_id=p3_1739908635_P3ZlmiKAq8f6L1NX&previous_page_section_name=1000,Gîte indépendant proche plage,Airbnb
,,,,,,,,https://www.airbnb.fr/users/show/569994541,,,Guadeloupe,,,,Ecolodge dans les arbres (Rhum) - Habitation Getz,,,,,,,,,,,Lamentin,,,,,,,https://www.airbnb.fr/rooms/1125209423616741246?search_mode=regular_search&adults=1&check_in=2025-03-30&check_out=2025-04-04&children=0&infants=0&pets=0&source_impression_id=p3_1739908635_P3hBBwDSqCtAhCF4&previous_page_section_name=1000,Ecolodge dans les arbres (Rhum) - Habitation Getz,Airbnb
,,,,,,,,https://www.airbnb.fr/users/show/102527069,,,Guadeloupe,,,,Bungalow « Tradition & charme » Sans coupure d’eau,,,,,,,,,,,Lamentin,,,,,,,https://www.airbnb.fr/rooms/23587108?search_mode=regular_search&adults=1&check_in=2025-05-27&check_out=2025-06-01&children=0&infants=0&pets=0&source_impression_id=p3_1739908635_P3C24WgwgQZUFwrP&previous_page_section_name=1000,Bungalow « Tradition & charme » Sans coupure d’eau,Airbnb
,,,,,,,,https://www.airbnb.fr/users/show/302155610,,,Guadeloupe,,,,Gîte de charme en pleine nature,,,,,,,,,,,Lamentin,,,,,,,https://www.airbnb.fr/rooms/39339148?search_mode=regular_search&adults=1&check_in=2025-03-09&check_out=2025-03-16&children=0&infants=0&pets=0&source_impression_id=p3_1739908635_P3aemZkFQxqLfXwi&previous_page_section_name=1000,Gîte de charme en pleine nature,Airbnb
,,,,,,,,https://www.airbnb.fr/users/show/502810270,,,Guadeloupe,,,,Logement entier bien placé,,,,,,,,,,,Lamentin,,,,,,,https://www.airbnb.fr/rooms/837073344576794083?search_mode=regular_search&adults=1&check_in=2025-02-18&check_out=2025-02-23&children=0&infants=0&pets=0&source_impression_id=p3_1739908635_P3_9GZO6WVM7FInp&previous_page_section_name=1000,Logement entier bien placé,Airbnb
,,,,,,,,https://www.airbnb.fr/users/show/263749942,,,Guadeloupe,,,,Très beau  T1 style bungalow avec piscine,,,,,,,,,,,Lamentin,,,,,,,https://www.airbnb.fr/rooms/49125650?search_mode=regular_search&adults=1&check_in=2025-02-27&check_out=2025-03-04&children=0&infants=0&pets=0&source_impression_id=p3_1739908635_P3dtUkz4rzI-D0SN&previous_page_section_name=1000,Très beau  T1 style bungalow avec piscine,Airbnb
,,,,,,,,https://www.airbnb.fr/users/show/502810270,,,Guadeloupe,,,,Logement entier bien placé,,,,,,,,,,,Lamentin,,,,,,,https://www.airbnb.fr/rooms/837073344576794083?search_mode=regular_search&adults=1&check_in=2025-02-18&check_out=2025-02-23&children=0&infants=0&pets=0&source_impression_id=p3_1739908638_P3S0RJ8cKrLuPuWx&previous_page_section_name=1000,Logement entier bien placé,Airbnb
,,,,,,,,https://www.airbnb.fr/users/show/263749942,,,Guadeloupe,,,,Très beau  T1 style bungalow avec piscine,,,,,,,,,,,Lamentin,,,,,,,https://www.airbnb.fr/rooms/49125650?search_mode=regular_search&adults=1&check_in=2025-02-27&check_out=2025-03-04&children=0&infants=0&pets=0&source_impression_id=p3_1739908638_P3HQqD0erTcBUpaz&previous_page_section_name=1000,Très beau  T1 style bungalow avec piscine,Airbnb
,,,,,,,,https://www.airbnb.fr/users/show/656106175,,,Guadeloupe,,,,Bungalow Balisier: Tropical chic,,,,,,,,,,,Lamentin,,,,,,,https://www.airbnb.fr/rooms/1332901424853898414?search_mode=regular_search&adults=1&check_in=2025-02-18&check_out=2025-02-23&children=0&infants=0&pets=0&source_impression_id=p3_1739908638_P3D2oUWdo1SvxfCq&previous_page_section_name=1000,Bungalow Balisier: Tropical chic,Airbnb
,,,,,,,,https://www.airbnb.fr/users/show/181849482,,,Guadeloupe,,,,PIERRETTE,,,,,,,,,,,Lamentin,,,,,,,https://www.airbnb.fr/rooms/24136985?search_mode=regular_search&adults=1&check_in=2025-02-24&check_out=2025-03-01&children=0&infants=0&pets=0&source_impression_id=p3_1739908638_P3zdIvFumdGRRWq1&previous_page_section_name=1000,PIERRETTE,Airbnb
,,,,,,,,https://www.airbnb.fr/users/show/516373199,,,Guadeloupe,,,,Villa des Ixoras classée 4* * * *,,,,,,,,,,,Lamentin,,,,,,,https://www.airbnb.fr/rooms/922766571130172047?search_mode=regular_search&adults=1&check_in=2025-03-05&check_out=2025-03-10&children=0&infants=0&pets=0&source_impression_id=p3_1739908638_P3O11CpffeN2YLtJ&previous_page_section_name=1000,Villa des Ixoras classée 4* * * *,Airbnb
,,,,,,,,https://www.airbnb.fr/users/show/533983196,,,Guadeloupe,,,,Tuwana,,,,,,,,,,,Lamentin,,,,,,,https://www.airbnb.fr/rooms/966575513072261839?search_mode=regular_search&adults=1&check_in=2025-04-26&check_out=2025-05-01&children=0&infants=0&pets=0&source_impression_id=p3_1739908638_P3XAa08lvON0AX6u&previous_page_section_name=1000,Tuwana,Airbnb
,,,,,,,,https://www.airbnb.fr/users/show/73390770,,,Guadeloupe,,,,Bungalow au Lamentin avec piscine,,,,,,,,,,,Lamentin,,,,,,,https://www.airbnb.fr/rooms/708731698320975118?search_mode=regular_search&adults=1&check_in=2025-02-21&check_out=2025-02-26&children=0&infants=0&pets=0&source_impression_id=p3_1739908638_P3rkchlO3bu6o19a&previous_page_section_name=1000,Bungalow au Lamentin avec piscine,Airbnb
,,,,,,,,https://www.airbnb.fr/users/show/50668582,,,Guadeloupe,,,,Paisible maisonnette avec piscine privée,,,,,,,,,,,Lamentin,,,,,,,https://www.airbnb.fr/rooms/9839813?search_mode=regular_search&adults=1&check_in=2025-05-12&check_out=2025-05-17&children=0&infants=0&pets=0&source_impression_id=p3_1739908638_P3_Fnw40XBCToSgx&previous_page_section_name=1000,Paisible maisonnette avec piscine privée,Airbnb
,,,,,,,,https://www.airbnb.fr/users/show/123500043,,,Guadeloupe,,,,Ashram Cristal Clair appart neuf 2ch Baie Mahault,,,,,,,,,,,Lamentin,,,,,,,https://www.airbnb.fr/rooms/1353117980579040697?search_mode=regular_search&adults=1&check_in=2025-03-02&check_out=2025-03-07&children=0&infants=0&pets=0&source_impression_id=p3_1739908638_P3sI3Hvj4Eg60Q1y&previous_page_section_name=1000,Ashram Cristal Clair appart neuf 2ch Baie Mahault,Airbnb
,,,,,,,,https://www.airbnb.fr/users/show/285072720,,,Guadeloupe,,,,Gîte de la Traversée au calme à la montagne.,,,,,,,,,,,Lamentin,,,,,,,https://www.airbnb.fr/rooms/1290065778871627105?search_mode=regular_search&adults=1&check_in=2025-02-19&check_out=2025-02-24&children=0&infants=0&pets=0&source_impression_id=p3_1739908638_P3soh2V7nM0fcKtz&previous_page_section_name=1000,Gîte de la Traversée au calme à la montagne.,Airbnb
,,,,,,,,https://www.airbnb.fr/users/show/278262963,,,Guadeloupe,,,,T2 DE CHARME  LA PERDRIX,,,,,,,,,,,Lamentin,,,,,,,https://www.airbnb.fr/rooms/41405503?search_mode=regular_search&adults=1&check_in=2025-02-24&check_out=2025-03-01&children=0&infants=0&pets=0&source_impression_id=p3_1739908638_P3RTSZIDPssGv93F&previous_page_section_name=1000,T2 DE CHARME  LA PERDRIX,Airbnb
,,,,,,,,https://www.airbnb.fr/users/show/35820995,,,Guadeloupe,,,,Superbe villa à BAIE MAHAULT,,,,,,,,,,,Lamentin,,,,,,,https://www.airbnb.fr/rooms/6836397?search_mode=regular_search&adults=1&check_in=2025-07-26&check_out=2025-08-02&children=0&infants=0&pets=0&source_impression_id=p3_1739908638_P3AQAhoI6G6cQqvY&previous_page_section_name=1000,Superbe villa à BAIE MAHAULT,Airbnb
,,,,,,,,https://www.airbnb.fr/users/show/327642546,,,Guadeloupe,,,,Les jardins d'Ida- studio  idéalement situé,,,,,,,,,,,Lamentin,,,,,,,https://www.airbnb.fr/rooms/50523485?search_mode=regular_search&adults=1&check_in=2025-03-11&check_out=2025-03-16&children=0&infants=0&pets=0&source_impression_id=p3_1739908638_P3TGSIbbi5yIPIxs&previous_page_section_name=1000,Les jardins d'Ida- studio  idéalement situé,Airbnb
,,,,,,,,https://www.airbnb.fr/users/show/508113727,,,Guadeloupe,,,,Maison créole calme et paisible,,,,,,,,,,,Lamentin,,,,,,,https://www.airbnb.fr/rooms/1035403194812093657?search_mode=regular_search&adults=1&check_in=2025-02-18&check_out=2025-02-23&children=0&infants=0&pets=0&source_impression_id=p3_1739908588_P3LWIZI8OXgXQVVt&previous_page_section_name=1000,Maison créole calme et paisible,Airbnb
,,,,,,,,https://www.airbnb.fr/users/show/302888826,,,Guadeloupe,,,,"Villa Bismarkia T3, Piscine, Lamentin",,,,,,,,,,,Lamentin,,,,,,,https://www.airbnb.fr/rooms/1341967058101679767?search_mode=regular_search&adults=1&check_in=2025-03-01&check_out=2025-03-06&children=0&infants=0&pets=0&source_impression_id=p3_1739908588_P3hhqBUtJsbfxASF&previous_page_section_name=1000,"Villa Bismarkia T3, Piscine, Lamentin",Airbnb
,,,,,,,,https://www.airbnb.fr/users/show/106123601,,,Guadeloupe,,,,Très beau logement spacieux avec toutes commodités,,,,,,,,,,,Lamentin,,,,,,,https://www.airbnb.fr/rooms/16236216?search_mode=regular_search&adults=1&check_in=2025-02-26&check_out=2025-03-03&children=0&infants=0&pets=0&source_impression_id=p3_1739908588_P3wDQlCr8GgK3E66&previous_page_section_name=1000,Très beau logement spacieux avec toutes commodités,Airbnb
,,,,,,,,https://www.airbnb.fr/users/show/11808708,,,Guadeloupe,,,,"Jungle kaz, piscine privative",,,,,,,,,,,Lamentin,,,,,,,https://www.airbnb.fr/rooms/998607627303902606?search_mode=regular_search&adults=1&check_in=2025-06-21&check_out=2025-06-26&children=0&infants=0&pets=0&source_impression_id=p3_1739908588_P3W8KpR36qkIpBmL&previous_page_section_name=1000,"Jungle kaz, piscine privative",Airbnb
,,,,,,,,https://www.airbnb.fr/users/show/432115128,,,Guadeloupe,,,,Maison à Lamentin,,,,,,,,,,,Lamentin,,,,,,,https://www.airbnb.fr/rooms/1334612400770559255?search_mode=regular_search&adults=1&check_in=2025-02-22&check_out=2025-02-27&children=0&infants=0&pets=0&source_impression_id=p3_1739908588_P3x4m0kehjPcBM3-&previous_page_section_name=1000,Maison à Lamentin,Airbnb
,,,,,,,,https://www.airbnb.fr/users/show/140564990,,,Guadeloupe,,,,Charmante Villa tropicale,,,,,,,,,,,Lamentin,,,,,,,https://www.airbnb.fr/rooms/851295550471211390?search_mode=regular_search&adults=1&check_in=2025-02-25&check_out=2025-03-02&children=0&infants=0&pets=0&source_impression_id=p3_1739908588_P3QnZK_fPJWuF5GT&previous_page_section_name=1000,Charmante Villa tropicale,Airbnb
,,,,,,,,https://www.airbnb.fr/users/show/219074624,,,Guadeloupe,,,,Villa Caillou,,,,,,,,,,,Lamentin,,,,,,,https://www.airbnb.fr/rooms/29073564?search_mode=regular_search&adults=1&check_in=2025-02-23&check_out=2025-02-28&children=0&infants=0&pets=0&source_impression_id=p3_1739908588_P3ACfqpAxc5ZRQWr&previous_page_section_name=1000,Villa Caillou,Airbnb
,,,,,,,,https://www.airbnb.fr/users/show/657102564,,,Guadeloupe,,,,"Villa 3ch, piscine, spa et sauna",,,,,,,,,,,Lamentin,,,,,,,https://www.airbnb.fr/rooms/1267391017001630099?search_mode=regular_search&adults=1&check_in=2025-03-01&check_out=2025-03-06&children=0&infants=0&pets=0&source_impression_id=p3_1739908591_P3vVEl2VMckVCJYu&previous_page_section_name=1000,"Villa 3ch, piscine, spa et sauna",Airbnb
,,,,,,,,https://www.airbnb.fr/users/show/539982199,,,Guadeloupe,,,,Pura vida lodge cabane perchée,,,,,,,,,,,Lamentin,,,,,,,https://www.airbnb.fr/rooms/993373678112130880?search_mode=regular_search&adults=1&check_in=2025-04-13&check_out=2025-04-18&children=0&infants=0&pets=0&source_impression_id=p3_1739908591_P3HzSv1DJ5BlbUct&previous_page_section_name=1000,Pura vida lodge cabane perchée,Airbnb
,,,,,,,,https://www.airbnb.fr/users/show/156952704,,,Guadeloupe,,,,"L'Aurore,  bas de villa F4 avec piscine et jardin",,,,,,,,,,,Lamentin,,,,,,,https://www.airbnb.fr/rooms/21581826?search_mode=regular_search&adults=1&check_in=2025-04-13&check_out=2025-04-18&children=0&infants=0&pets=0&source_impression_id=p3_1739908641_P3GXQJUmp-B9yEsE&previous_page_section_name=1000,"L'Aurore,  bas de villa F4 avec piscine et jardin",Airbnb
,,,,,,,,https://www.airbnb.fr/users/show/591108152,,,Guadeloupe,,,,Villa Siwo,,,,,,,,,,,Lamentin,,,,,,,https://www.airbnb.fr/rooms/1205418916448283502?search_mode=regular_search&adults=1&check_in=2025-03-11&check_out=2025-03-16&children=0&infants=0&pets=0&source_impression_id=p3_1739908638_P3MEwjI3aKgZLEAR&previous_page_section_name=1000,Villa Siwo,Airbnb
,,,,,,,,https://www.airbnb.fr/users/show/434210190,,,Guadeloupe,,,,"Osmose

 parfaite entre la nature et l homme",,,,,,,,,,,Lamentin,,,,,,,https://www.airbnb.fr/rooms/53619024?search_mode=regular_search&adults=1&category_tag=Tag%3A8678&check_in=2025-03-01&check_out=2025-03-06&children=0&infants=0&pets=0&photo_id=1778427252&source_impression_id=p3_1739908638_P3lkuX5DRFXc19I3&previous_page_section_name=1000,"Osmose

 parfaite entre la nature et l homme",Airbnb
,,,,,,,,https://www.airbnb.fr/users/show/501112679,,,Guadeloupe,,,,"Grand T2, Duzer Sainte-Rose",,,,,,,,,,,Lamentin,,,,,,,https://www.airbnb.fr/rooms/896293779636697988?search_mode=regular_search&adults=1&check_in=2025-02-22&check_out=2025-02-27&children=0&infants=0&pets=0&source_impression_id=p3_1739908638_P3tGlD84a7aTrxiW&previous_page_section_name=1000,"Grand T2, Duzer Sainte-Rose",Airbnb
,,,,,,,,https://www.airbnb.fr/users/show/56597471,,,Guadeloupe,,,,Bas de villa T2,,,,,,,,,,,Lamentin,,,,,,,https://www.airbnb.fr/rooms/10935147?search_mode=regular_search&adults=1&check_in=2025-02-18&check_out=2025-02-24&children=0&infants=0&pets=0&source_impression_id=p3_1739908638_P3ZVHpsToGRn9IS3&previous_page_section_name=1000,Bas de villa T2,Airbnb
,,,,,,,,https://www.airbnb.fr/users/show/547952913,,,Guadeloupe,,,,Couleur Kréol,,,,,,,,,,,Lamentin,,,,,,,https://www.airbnb.fr/rooms/1029095139053534073?search_mode=regular_search&adults=1&category_tag=Tag%3A8678&check_in=2025-04-01&check_out=2025-04-06&children=0&infants=0&pets=0&photo_id=2065109107&source_impression_id=p3_1739908641_P3Av6_7u-7i6My7v&previous_page_section_name=1000,Couleur Kréol,Airbnb
,,,,,,,,https://www.airbnb.fr/users/show/671419489,,,Guadeloupe,,,,Haut de villa La Fleur de Canne,,,,,,,,,,,Lamentin,,,,,,,https://www.airbnb.fr/rooms/1328985243413329105?search_mode=regular_search&adults=1&check_in=2025-02-19&check_out=2025-02-24&children=0&infants=0&pets=0&source_impression_id=p3_1739908641_P3O0X1qHkxYiV91e&previous_page_section_name=1000,Haut de villa La Fleur de Canne,Airbnb
,,,,,,,,https://www.airbnb.fr/users/show/186827762,,,Guadeloupe,,,,T2 Baie Mahault Convenance,,,,,,,,,,,Lamentin,,,,,,,https://www.airbnb.fr/rooms/1001434681234506693?search_mode=regular_search&adults=1&check_in=2025-04-28&check_out=2025-05-03&children=0&infants=0&pets=0&source_impression_id=p3_1739908641_P3VoTyO5Nw51eC3c&previous_page_section_name=1000,T2 Baie Mahault Convenance,Airbnb
,,,,,,,,https://www.airbnb.fr/users/show/13330908,,,Guadeloupe,,,,Chambre climatisée indépendante proche de Jarry,,,,,,,,,,,Lamentin,,,,,,,https://www.airbnb.fr/rooms/40469021?search_mode=regular_search&adults=1&category_tag=Tag%3A8678&check_in=2025-03-16&check_out=2025-03-21&children=0&infants=0&pets=0&photo_id=1757074702&source_impression_id=p3_1739908641_P3LPYKb0w5EMYJgh&previous_page_section_name=1000,Chambre climatisée indépendante proche de Jarry,Airbnb
,,,,,,,,https://www.airbnb.fr/users/show/468834713,,,Guadeloupe,,,,145 m² I Piscine I Spa I Jardin I Vue Panoramique,,,,,,,,,,,Lamentin,,,,,,,https://www.airbnb.fr/rooms/668585359745645022?search_mode=regular_search&adults=1&check_in=2025-03-04&check_out=2025-03-09&children=0&infants=0&pets=0&source_impression_id=p3_1739908641_P3TQSFNKGfhgpjws&previous_page_section_name=1000,145 m² I Piscine I Spa I Jardin I Vue Panoramique,Airbnb
,,,,,,,,https://www.airbnb.fr/users/show/859455,,,Guadeloupe,,,,La Source Ecolodge,,,,,,,,,,,Lamentin,,,,,,,https://www.airbnb.fr/rooms/1061608994364514486?search_mode=regular_search&adults=1&check_in=2025-04-07&check_out=2025-04-12&children=0&infants=0&pets=0&source_impression_id=p3_1739908641_P3FDez8M-B9Q4Q3t&previous_page_section_name=1000,La Source Ecolodge,Airbnb
,,,,,,,,https://www.airbnb.fr/users/show/550554889,,,Guadeloupe,,,,Bungalow Pause Bonheur,,,,,,,,,,,Lamentin,,,,,,,https://www.airbnb.fr/rooms/1044343672576986652?search_mode=regular_search&adults=1&check_in=2025-03-02&check_out=2025-03-07&children=0&infants=0&pets=0&source_impression_id=p3_1739908641_P3McHLmC_QKFSOwN&previous_page_section_name=1000,Bungalow Pause Bonheur,Airbnb
,,,,,,,,https://www.airbnb.fr/users/show/136548980,,,Guadeloupe,,,,"-40 % dès 2 nuits en février !"" Lodge Sopraia",,,,,,,,,,,Lamentin,,,,,,,https://www.airbnb.fr/rooms/840694050679583042?search_mode=regular_search&adults=1&check_in=2025-02-18&check_out=2025-02-23&children=0&infants=0&pets=0&source_impression_id=p3_1739908641_P3M7fyeh2_emK9Zi&previous_page_section_name=1000,"-40 % dès 2 nuits en février !"" Lodge Sopraia",Airbnb
,,,,,,,,https://www.airbnb.fr/users/show/345712660,,,Guadeloupe,,,,Bungalow belle escapade !,,,,,,,,,,,Lamentin,,,,,,,https://www.airbnb.fr/rooms/684974479954897190?search_mode=regular_search&adults=1&check_in=2025-02-18&check_out=2025-02-23&children=0&infants=0&pets=0&source_impression_id=p3_1739908641_P38mAmUPq1yy_5B5&previous_page_section_name=1000,Bungalow belle escapade !,Airbnb
,,,,,,,,https://www.airbnb.fr/users/show/276644217,,,Guadeloupe,,,,Villa Canyon aux Bambous,,,,,,,,,,,Lamentin,,,,,,,https://www.airbnb.fr/rooms/36805009?search_mode=regular_search&adults=1&check_in=2025-04-02&check_out=2025-04-07&children=0&infants=0&pets=0&source_impression_id=p3_1739908641_P3tR84sQxOL6rELw&previous_page_section_name=1000,Villa Canyon aux Bambous,Airbnb
,,,,,,,,https://www.airbnb.fr/users/show/227355626,,,Guadeloupe,,,,"Ô Fil de l'Eau, gîte Ô Cœur Soleil, piscine nature",,,,,,,,,,,Lamentin,,,,,,,https://www.airbnb.fr/rooms/1023268401384376090?search_mode=regular_search&adults=1&check_in=2025-03-06&check_out=2025-03-11&children=0&infants=0&pets=0&source_impression_id=p3_1739908641_P3T83cOnXZBBHCQK&previous_page_section_name=1000,"Ô Fil de l'Eau, gîte Ô Cœur Soleil, piscine nature",Airbnb
,,,,,,,,https://www.airbnb.fr/users/show/114356944,,,Guadeloupe,,,,Agréable bungalow à l'ombre d un manguier,,,,,,,,,,,Lamentin,,,,,,,https://www.airbnb.fr/rooms/558696845761632079?search_mode=regular_search&adults=1&check_in=2025-03-09&check_out=2025-03-14&children=0&infants=0&pets=0&source_impression_id=p3_1739908641_P30tJwNiK73VcRGH&previous_page_section_name=1000,Agréable bungalow à l'ombre d un manguier,Airbnb
,,,,,,,,https://www.airbnb.fr/users/show/573649702,,,Guadeloupe,,,,"Case créole, jardin et vue mer",,,,,,,,,,,Lamentin,,,,,,,https://www.airbnb.fr/rooms/1140546291037034862?search_mode=regular_search&adults=1&check_in=2025-02-19&check_out=2025-02-24&children=0&infants=0&pets=0&source_impression_id=p3_1739908641_P3P08GAcrr2i29fJ&previous_page_section_name=1000,"Case créole, jardin et vue mer",Airbnb
,,,,,,,,https://www.airbnb.fr/users/show/516202975,,,Guadeloupe,,,,Villa corail,,,,,,,,,,,Lamentin,,,,,,,https://www.airbnb.fr/rooms/912146205600190718?search_mode=regular_search&adults=1&check_in=2025-02-21&check_out=2025-02-28&children=0&infants=0&pets=0&source_impression_id=p3_1739908641_P3nXHtWiR66Tydsn&previous_page_section_name=1000,Villa corail,Airbnb
,,,,,,,,https://www.airbnb.fr/users/show/475771146,,,Guadeloupe,,,,Location saisonnière appart. T2,,,,,,,,,,,Lamentin,,,,,,,https://www.airbnb.fr/rooms/955217057715461142?search_mode=regular_search&adults=1&check_in=2025-02-26&check_out=2025-03-03&children=0&infants=0&pets=0&source_impression_id=p3_1739908641_P3Qz1nQ4tAvA0-Pk&previous_page_section_name=1000,Location saisonnière appart. T2,Airbnb
,,,,,,,,https://www.airbnb.fr/users/show/504629381,,,Guadeloupe,,,,Paradis Lara,,,,,,,,,,,Lamentin,,,,,,,https://www.airbnb.fr/rooms/843496444084201045?search_mode=regular_search&adults=1&check_in=2025-02-19&check_out=2025-02-24&children=0&infants=0&pets=0&source_impression_id=p3_1739908641_P34-5qQkGnYOAhDh&previous_page_section_name=1000,Paradis Lara,Airbnb
,Votre hôte Pascal,,,,,,,Votre hôte Pascal,,,Guadeloupe,,,,Bungalow Bambou,,Maison de Vacances,,,,,,"Chemin de Grande Savane, 97170 Petit-Bourg, GuadeloupeExcellente situation géographique — avec une note de 9.6/10!(note basée sur 23 commentaires)Évaluée par les clients après leur séjour à l'établissement Bungalow Bambou.",,,Petit-Bourg,,,,,,,https://www.booking.com/hotel/gp/bungalow-bambou.fr.html?aid=304142&label=gen173nr-1FCAQoggJCK3NlYXJjaF9wZXRpdH5ib3VyZy0tYmFzc2V-dGVycmUtLWd1YWRlbG91cGVIM1gEaFqIAQGYAQ24ARfIAQzYAQHoAQH4AQOIAgGoAgO4ArPo070GwAIB0gIkYTExYWViZDAtYWQ4ZS00Y2IzLWIyOTQtOTA0Y2EwNjY4NDFm2AIF4AIB&ucfs=1&arphpl=1&group_adults=2&req_adults=2&no_rooms=1&group_children=0&req_children=0&hpos=13&hapos=13&sr_order=popularity&srpvid=a8c89359759f029b&srepoch=1739912250&from=searchresults,Bungalow Bambou,Booking
,Votre hôte Davy,,,,,,,Votre hôte Davy,,,Guadeloupe,,,,les orchidées,,Appartement 2 Chambres,,,,,,"Chemin de Montebello 6 lts les orchidées, 97170 Petit-Bourg, GuadeloupeExcellente situation géographique — avec une note de 9.4/10!(note basée sur 27 commentaires)Évaluée par les clients après leur séjour à l'établissement les orchidées.",,,Petit-Bourg,,,,,,,https://www.booking.com/hotel/gp/les-orchidees-petit-bourg.fr.html?aid=304142&label=gen173nr-1FCAQoggJCK3NlYXJjaF9wZXRpdH5ib3VyZy0tYmFzc2V-dGVycmUtLWd1YWRlbG91cGVIM1gEaFqIAQGYAQ24ARfIAQzYAQHoAQH4AQOIAgGoAgO4ArPo070GwAIB0gIkYTExYWViZDAtYWQ4ZS00Y2IzLWIyOTQtOTA0Y2EwNjY4NDFm2AIF4AIB&ucfs=1&arphpl=1&group_adults=2&req_adults=2&no_rooms=1&group_children=0&req_children=0&hpos=5&hapos=5&sr_order=popularity&srpvid=a8c89359759f029b&srepoch=1739912250&from=searchresults,les orchidées,Booking
,Votre hôte Chantal,,,,,,,Votre hôte Chantal,,,Guadeloupe,,,,chantal EMERANCIENNE,,Chambre Double,,,,,,"La Grippière Petit-Bourg, 97170 Petit-Bourg, GuadeloupeUne fois votre réservation effectuée, toutes les informations sur l'établissement, y compris le numéro de téléphone et l'adresse, seront disponibles sur votre confirmation de réservation ainsi que dans votre compte.",,,Petit-Bourg,,,,,,,https://www.booking.com/hotel/gp/chantal-emerancienne.fr.html?aid=304142&label=gen173nr-1FCAQoggJCK3NlYXJjaF9wZXRpdH5ib3VyZy0tYmFzc2V-dGVycmUtLWd1YWRlbG91cGVIM1gEaFqIAQGYAQ24ARfIAQzYAQHoAQH4AQOIAgGoAgO4ArPo070GwAIB0gIkYTExYWViZDAtYWQ4ZS00Y2IzLWIyOTQtOTA0Y2EwNjY4NDFm2AIF4AIB&ucfs=1&arphpl=1&group_adults=2&req_adults=2&no_rooms=1&group_children=0&req_children=0&hpos=19&hapos=19&sr_order=popularity&srpvid=a8c89359759f029b&srepoch=1739912250&from=searchresults,chantal EMERANCIENNE,Booking
,Votre hôte arlette,,,,,,,Votre hôte arlette,,,Guadeloupe,,,,chez arlette,,Maison 1 Chambre,,,,,,"6 Impasse Guillaume Nebor barboteau, 97170 Petit-Bourg, GuadeloupeExcellente situation géographique — avec une note de 9.2/10!(note basée sur 28 commentaires)Évaluée par les clients après leur séjour à l'établissement chez arlette.",,,Petit-Bourg,,,,,,,https://www.booking.com/hotel/gp/chez-arlette.fr.html?aid=304142&label=gen173nr-1FCAQoggJCK3NlYXJjaF9wZXRpdH5ib3VyZy0tYmFzc2V-dGVycmUtLWd1YWRlbG91cGVIM1gEaFqIAQGYAQ24ARfIAQzYAQHoAQH4AQOIAgGoAgO4ArPo070GwAIB0gIkYTExYWViZDAtYWQ4ZS00Y2IzLWIyOTQtOTA0Y2EwNjY4NDFm2AIF4AIB&ucfs=1&arphpl=1&group_adults=2&req_adults=2&no_rooms=1&group_children=0&req_children=0&hpos=22&hapos=22&sr_order=popularity&srpvid=a8c89359759f029b&srepoch=1739912250&from=searchresults,chez arlette,Booking
,Informations sur l'hôte,,,,,,,Informations sur l'hôte,,,Guadeloupe,,,,Bellevue Gites,,Bungalow - Vue sur Mer ,,,,,,"18 rue des Bougainvillers, 97170 Petit-Bourg, GuadeloupeExcellente situation géographique — avec une note de 9.7/10!(note basée sur 40 commentaires)Évaluée par les clients après leur séjour à l'établissement Bellevue Gites.",,,Petit-Bourg,,,,,,,https://www.booking.com/hotel/gp/bellevue-gites.fr.html?aid=304142&label=gen173nr-1FCAQoggJCK3NlYXJjaF9wZXRpdH5ib3VyZy0tYmFzc2V-dGVycmUtLWd1YWRlbG91cGVIM1gEaFqIAQGYAQ24ARfIAQzYAQHoAQH4AQOIAgGoAgO4ArPo070GwAIB0gIkYTExYWViZDAtYWQ4ZS00Y2IzLWIyOTQtOTA0Y2EwNjY4NDFm2AIF4AIB&ucfs=1&arphpl=1&group_adults=2&req_adults=2&no_rooms=1&group_children=0&req_children=0&hpos=20&hapos=20&sr_order=popularity&srpvid=a8c89359759f029b&srepoch=1739912250&from_sustainable_property_sr=1&from=searchresults,Bellevue Gites,Booking
,Gérée par Emmanuel ROCHE,,,,,,,Gérée par Emmanuel ROCHE,,,Guadeloupe,,,,Habitation Villa Les Cassias,,Bungalow Deluxe - Vue sur Jardin,,,,,,"1474 Chemin de Vernou - 97170 PETIT BOURG, 97170 Petit-Bourg, GuadeloupeUne fois votre réservation effectuée, toutes les informations sur l'établissement, y compris le numéro de téléphone et l'adresse, seront disponibles sur votre confirmation de réservation ainsi que dans votre compte.",,,Petit-Bourg,,,,,,,https://www.booking.com/hotel/gp/habitation-villa-les-cassias.fr.html?aid=304142&label=gen173nr-1FCAQoggJCK3NlYXJjaF9wZXRpdH5ib3VyZy0tYmFzc2V-dGVycmUtLWd1YWRlbG91cGVIM1gEaFqIAQGYAQ24ARfIAQzYAQHoAQH4AQOIAgGoAgO4ArPo070GwAIB0gIkYTExYWViZDAtYWQ4ZS00Y2IzLWIyOTQtOTA0Y2EwNjY4NDFm2AIF4AIB&ucfs=1&arphpl=1&group_adults=2&req_adults=2&no_rooms=1&group_children=0&req_children=0&hpos=21&hapos=21&sr_order=popularity&srpvid=a8c89359759f029b&srepoch=1739912250&from=searchresults,Habitation Villa Les Cassias,Booking
,Votre hôte Joanna,,,,,,,Votre hôte Joanna,,,Guadeloupe,,,,An'Kanna,,Maison 2 Chambres,,,,,,"3 Allée Printania, 97170 Petit-Bourg, GuadeloupeUne fois votre réservation effectuée, toutes les informations sur l'établissement, y compris le numéro de téléphone et l'adresse, seront disponibles sur votre confirmation de réservation ainsi que dans votre compte.",,,Petit-Bourg,,,,,,,https://www.booking.com/hotel/gp/location-meublee-ideale-pour-votre-sejour.fr.html?aid=304142&label=gen173nr-1FCAQoggJCK3NlYXJjaF9wZXRpdH5ib3VyZy0tYmFzc2V-dGVycmUtLWd1YWRlbG91cGVIM1gEaFqIAQGYAQ24ARfIAQzYAQHoAQH4AQOIAgGoAgO4ArPo070GwAIB0gIkYTExYWViZDAtYWQ4ZS00Y2IzLWIyOTQtOTA0Y2EwNjY4NDFm2AIF4AIB&ucfs=1&arphpl=1&group_adults=2&req_adults=2&no_rooms=1&group_children=0&req_children=0&hpos=23&hapos=23&sr_order=popularity&srpvid=a8c89359759f029b&srepoch=1739912250&from=searchresults,An'Kanna,Booking
,Gérée par Joel joka,,,,,,,Gérée par Joel joka,,,Guadeloupe,,,,Petit F2 entièrement rénové équipé en énergie solaire et citerne d eau,,Appartement 1 Chambre,,,,,,"418 Chemin de Duquerry, 97170 Petit-Bourg, GuadeloupeUne fois votre réservation effectuée, toutes les informations sur l'établissement, y compris le numéro de téléphone et l'adresse, seront disponibles sur votre confirmation de réservation ainsi que dans votre compte.",,,Petit-Bourg,,,,,,,https://www.booking.com/hotel/gp/petit-f2-independant-sur-un-site-commun.fr.html?aid=304142&label=gen173nr-1FCAQoggJCK3NlYXJjaF9wZXRpdH5ib3VyZy0tYmFzc2V-dGVycmUtLWd1YWRlbG91cGVIM1gEaFqIAQGYAQ24ARfIAQzYAQHoAQH4AQOIAgGoAgO4ArPo070GwAIB0gIkYTExYWViZDAtYWQ4ZS00Y2IzLWIyOTQtOTA0Y2EwNjY4NDFm2AIF4AIB&ucfs=1&arphpl=1&group_adults=2&req_adults=2&no_rooms=1&group_children=0&req_children=0&hpos=9&hapos=9&sr_order=popularity&srpvid=a8c89359759f029b&srepoch=1739912250&from=searchresults,Petit F2 entièrement rénové équipé en énergie solaire et citerne d eau,Booking
,Votre hôte Patrick,,,,,,,Votre hôte Patrick,,,Guadeloupe,,,,Jardin Secret,,Maison 2 Chambres,,,,,,"2690 Chemin de Carrere, 97170 Petit-Bourg, GuadeloupeUne fois votre réservation effectuée, toutes les informations sur l'établissement, y compris le numéro de téléphone et l'adresse, seront disponibles sur votre confirmation de réservation ainsi que dans votre compte.",,,Petit-Bourg,,,,,,,https://www.booking.com/hotel/gp/flori-village-au-coeur-de-la-foret.fr.html?aid=304142&label=gen173nr-1FCAQoggJCK3NlYXJjaF9wZXRpdH5ib3VyZy0tYmFzc2V-dGVycmUtLWd1YWRlbG91cGVIM1gEaFqIAQGYAQ24ARfIAQzYAQHoAQH4AQOIAgGoAgO4ArPo070GwAIB0gIkYTExYWViZDAtYWQ4ZS00Y2IzLWIyOTQtOTA0Y2EwNjY4NDFm2AIF4AIB&ucfs=1&arphpl=1&group_adults=2&req_adults=2&no_rooms=1&group_children=0&req_children=0&hpos=6&hapos=6&sr_order=popularity&srpvid=a8c89359759f029b&srepoch=1739912250&from=searchresults,Jardin Secret,Booking
,Votre hôte Murielle,,,,,,,Votre hôte Murielle,,,Guadeloupe,,,,Studio entre ciel et rivières,,Appartement 1 Chambre,,,,,,"4182 Route De La Traversee, 97170 Petit-Bourg, GuadeloupeExcellente situation géographique — avec une note de 9/10!(note basée sur 7 commentaires)Évaluée par les clients après leur séjour à l'établissement Studio entre ciel et rivières.",,,Petit-Bourg,,,,,,,https://www.booking.com/hotel/gp/studio-de-la-foret-enchantee.fr.html?aid=304142&label=gen173nr-1FCAQoggJCK3NlYXJjaF9wZXRpdH5ib3VyZy0tYmFzc2V-dGVycmUtLWd1YWRlbG91cGVIM1gEaFqIAQGYAQ24ARfIAQzYAQHoAQH4AQOIAgGoAgO4ArPo070GwAIB0gIkYTExYWViZDAtYWQ4ZS00Y2IzLWIyOTQtOTA0Y2EwNjY4NDFm2AIF4AIB&ucfs=1&arphpl=1&group_adults=2&req_adults=2&no_rooms=1&group_children=0&req_children=0&hpos=8&hapos=8&sr_order=popularity&srpvid=a8c89359759f029b&srepoch=1739912250&from=searchresults,Studio entre ciel et rivières,Booking
,Informations sur l'hôte,,,,,,,Informations sur l'hôte,,,Guadeloupe,,,,Kaz A Ti Jo,,Maison 1 Chambre,,,,,,"8 Chemin de Bergette, 97170 Petit-Bourg, GuadeloupeUne fois votre réservation effectuée, toutes les informations sur l'établissement, y compris le numéro de téléphone et l'adresse, seront disponibles sur votre confirmation de réservation ainsi que dans votre compte.",,,Petit-Bourg,,,,,,,https://www.booking.com/hotel/gp/kaz-a-ti-jo.fr.html?aid=304142&label=gen173nr-1FCAQoggJCK3NlYXJjaF9wZXRpdH5ib3VyZy0tYmFzc2V-dGVycmUtLWd1YWRlbG91cGVIM1gEaFqIAQGYAQ24ARfIAQzYAQHoAQH4AQOIAgGoAgO4ArPo070GwAIB0gIkYTExYWViZDAtYWQ4ZS00Y2IzLWIyOTQtOTA0Y2EwNjY4NDFm2AIF4AIB&ucfs=1&arphpl=1&group_adults=2&req_adults=2&no_rooms=1&group_children=0&req_children=0&hpos=3&hapos=3&sr_order=popularity&srpvid=a8c89359759f029b&srepoch=1739912250&from=searchresults,Kaz A Ti Jo,Booking
,,,,,,,,https://www.airbnb.fr/users/show/595598252,,,Guadeloupe,,,,Bungalow au cœur des arbres,,,,,,,,,,,Petit-Bourg,,,,,,,https://www.airbnb.fr/rooms/1221163353040632520?search_mode=regular_search&adults=1&check_in=2025-04-10&check_out=2025-04-15&children=0&infants=0&pets=0&source_impression_id=p3_1739912247_P33hnPnku5vaYeWh&previous_page_section_name=1000,Bungalow au cœur des arbres,Airbnb
,,,,,,,,https://www.airbnb.fr/users/show/476698514,,,Guadeloupe,,,,Obuncoeur forteresse avec jacuzzi,,,,,,,,,,,Petit-Bourg,,,,,,,https://www.airbnb.fr/rooms/701440479672264839?search_mode=regular_search&adults=1&check_in=2025-03-05&check_out=2025-03-10&children=0&infants=0&pets=0&source_impression_id=p3_1739912294_P3e9n9SgqFcNjahR&previous_page_section_name=1000,Obuncoeur forteresse avec jacuzzi,Airbnb
,,,,,,,,https://www.airbnb.fr/users/show/657349306,,,Guadeloupe,,,,Spacieux F2 entre mer et cascade,,,,,,,,,,,Petit-Bourg,,,,,,,https://www.airbnb.fr/rooms/1274962211552817726?search_mode=regular_search&adults=1&check_in=2025-03-14&check_out=2025-03-19&children=0&infants=0&pets=0&source_impression_id=p3_1739912247_P3yxVcs-gWCX4WPn&previous_page_section_name=1000,Spacieux F2 entre mer et cascade,Airbnb
,,,,,,,,https://www.airbnb.fr/users/show/105143882,,,Guadeloupe,,,,T3 dans Villa Tropicale,,,,,,,,,,,Petit-Bourg,,,,,,,https://www.airbnb.fr/rooms/1346589236506089410?search_mode=regular_search&adults=1&check_in=2025-02-22&check_out=2025-02-27&children=0&infants=0&pets=0&source_impression_id=p3_1739912246_P31Vz55u-n5l4m43&previous_page_section_name=1000,T3 dans Villa Tropicale,Airbnb
,,,,,,,,https://www.airbnb.fr/users/show/48173653,,,Guadeloupe,,,,Ti Totti Domaine de Villeneuve,,,,,,,,,,,Petit-Bourg,,,,,,,https://www.airbnb.fr/rooms/755856700037503963?search_mode=regular_search&adults=1&check_in=2025-02-20&check_out=2025-02-25&children=0&infants=0&pets=0&source_impression_id=p3_1739912277_P3gOpuMn5tlh9UJR&previous_page_section_name=1000,Ti Totti Domaine de Villeneuve,Airbnb
,Votre hôte Gabriel,,,,,,,Votre hôte Gabriel,,,Guadeloupe,,,,Nid D amour,,Maison 1 Chambre,,,,,,"2690 Chemin de Carrere, 97170 Petit-Bourg, GuadeloupeExcellente situation géographique — avec une note de 9.1/10!(note basée sur 32 commentaires)Évaluée par les clients après leur séjour à l'établissement Nid D amour.",,,Petit-Bourg,,,,,,,https://www.booking.com/hotel/gp/flori-village.fr.html?aid=304142&label=gen173nr-1FCAQoggJCK3NlYXJjaF9wZXRpdH5ib3VyZy0tYmFzc2V-dGVycmUtLWd1YWRlbG91cGVIM1gEaFqIAQGYAQ24ARfIAQzYAQHoAQH4AQOIAgGoAgO4ArPo070GwAIB0gIkYTExYWViZDAtYWQ4ZS00Y2IzLWIyOTQtOTA0Y2EwNjY4NDFm2AIF4AIB&ucfs=1&arphpl=1&group_adults=2&req_adults=2&no_rooms=1&group_children=0&req_children=0&hpos=1&hapos=1&sr_order=popularity&srpvid=a8c89359759f029b&srepoch=1739912250&from=searchresults,Nid D amour,Booking
,,,,,,,,https://www.airbnb.fr/users/show/500438724,,,Guadeloupe,,,,Profitez du bungalow,,,,,,,,,,,Petit-Bourg,,,,,,,https://www.airbnb.fr/rooms/823727370715328041?search_mode=regular_search&adults=1&check_in=2025-04-27&check_out=2025-05-02&children=0&infants=0&pets=0&source_impression_id=p3_1739912247_P3GFq99dUPnktgVU&previous_page_section_name=1000,Profitez du bungalow,Airbnb
,Votre hôte Philippe,,,,,,,Votre hôte Philippe,,,Guadeloupe,,,,Cap Colibri,,Maison de Vacances,,,,,,"37 Chemin Poirier, 97170 Petit-Bourg, GuadeloupeExcellente situation géographique — avec une note de 9.7/10!(note basée sur 34 commentaires)Évaluée par les clients après leur séjour à l'établissement Cap Colibri.",,,Petit-Bourg,,,,,,,https://www.booking.com/hotel/gp/cap-colibri.fr.html?aid=304142&label=gen173nr-1FCAQoggJCK3NlYXJjaF9wZXRpdH5ib3VyZy0tYmFzc2V-dGVycmUtLWd1YWRlbG91cGVIM1gEaFqIAQGYAQ24ARfIAQzYAQHoAQH4AQOIAgGoAgO4ArPo070GwAIB0gIkYTExYWViZDAtYWQ4ZS00Y2IzLWIyOTQtOTA0Y2EwNjY4NDFm2AIF4AIB&ucfs=1&arphpl=1&group_adults=2&req_adults=2&no_rooms=1&group_children=0&req_children=0&hpos=24&hapos=24&sr_order=popularity&srpvid=a8c89359759f029b&srepoch=1739912250&from=searchresults,Cap Colibri,Booking
,,,,,,,,https://www.airbnb.fr/users/show/412965073,,,Guadeloupe,,,,Très joli T2 à Petit-Bourg,,,,,,,,,,,Petit-Bourg,,,,,,,https://www.airbnb.fr/rooms/1167446029205778437?search_mode=regular_search&adults=1&check_in=2025-02-18&check_out=2025-02-23&children=0&infants=0&pets=0&source_impression_id=p3_1739912247_P3fim3nSe57hhYGs&previous_page_section_name=1000,Très joli T2 à Petit-Bourg,Airbnb
,,,,,,,,https://www.airbnb.fr/users/show/656106175,,,Guadeloupe,,,,Bungalow Tiaré : Rêve Tropical,,,,,,,,,,,Petit-Bourg,,,,,,,https://www.airbnb.fr/rooms/1332893174986610248?search_mode=regular_search&adults=1&check_in=2025-02-19&check_out=2025-02-24&children=0&infants=0&pets=0&source_impression_id=p3_1739912247_P3h56Hplyf3zGCQk&previous_page_section_name=1000,Bungalow Tiaré : Rêve Tropical,Airbnb
,,,,,,,,https://www.airbnb.fr/users/show/26668826,,,Guadeloupe,,,,La Kabane du Pêcheur,,,,,,,,,,,Petit-Bourg,,,,,,,https://www.airbnb.fr/rooms/17277486?search_mode=regular_search&adults=1&check_in=2025-02-24&check_out=2025-03-01&children=0&infants=0&pets=0&source_impression_id=p3_1739912247_P3aZh3HpWCI7exZD&previous_page_section_name=1000,La Kabane du Pêcheur,Airbnb
,,,,,,,,https://www.airbnb.fr/users/show/672989142,,,Guadeloupe,,,,Case créole en pleine nature,,,,,,,,,,,Petit-Bourg,,,,,,,https://www.airbnb.fr/rooms/1334781501854873443?search_mode=regular_search&adults=1&check_in=2025-02-19&check_out=2025-02-24&children=0&infants=0&pets=0&source_impression_id=p3_1739912247_P3RBjG2wzPtDYmkg&previous_page_section_name=1000,Case créole en pleine nature,Airbnb
,,,,,,,,https://www.airbnb.fr/users/show/160157493,,,Guadeloupe,,,,Vue sur le gîte Kolin,,,,,,,,,,,Petit-Bourg,,,,,,,https://www.airbnb.fr/rooms/1043713313940420997?search_mode=regular_search&adults=1&check_in=2025-04-03&check_out=2025-04-08&children=0&infants=0&pets=0&source_impression_id=p3_1739912247_P3r0HRZukl4Euo94&previous_page_section_name=1000,Vue sur le gîte Kolin,Airbnb
,,,,,,,,https://www.airbnb.fr/users/show/337698666,,,Guadeloupe,,,,L'Essentiel du KM22 - Appt avec terrasse et jardin,,,,,,,,,,,Petit-Bourg,,,,,,,https://www.airbnb.fr/rooms/1292567529517724253?search_mode=regular_search&adults=1&check_in=2025-02-20&check_out=2025-02-25&children=0&infants=0&pets=0&source_impression_id=p3_1739912247_P3XZ-qbOKa-f1jil&previous_page_section_name=1000,L'Essentiel du KM22 - Appt avec terrasse et jardin,Airbnb
,Votre hôte Gilbert et Isabelle,,,,,,,Votre hôte Gilbert et Isabelle,,,Guadeloupe,,,,Le MABOUYA,,Appartement 1 Chambre,,,,,,"Allée des Epinards, 97170 Petit-Bourg, GuadeloupeExcellente situation géographique — avec une note de 10/10!(note basée sur 10 commentaires)Évaluée par les clients après leur séjour à l'établissement Le MABOUYA.",,,Petit-Bourg,,,,,,,https://www.booking.com/hotel/gp/le-mabouya-petit-bourg1.fr.html?aid=304142&label=gen173nr-1FCAQoggJCK3NlYXJjaF9wZXRpdH5ib3VyZy0tYmFzc2V-dGVycmUtLWd1YWRlbG91cGVIM1gEaFqIAQGYAQ24ARfIAQzYAQHoAQH4AQOIAgGoAgO4ArPo070GwAIB0gIkYTExYWViZDAtYWQ4ZS00Y2IzLWIyOTQtOTA0Y2EwNjY4NDFm2AIF4AIB&ucfs=1&arphpl=1&group_adults=2&req_adults=2&no_rooms=1&group_children=0&req_children=0&hpos=11&hapos=11&sr_order=popularity&srpvid=a8c89359759f029b&srepoch=1739912250&from=searchresults,Le MABOUYA,Booking
,,,,,,,,https://www.airbnb.fr/users/show/93359954,,,Guadeloupe,,,,Maison nichée dans les hauteurs,,,,,,,,,,,Petit-Bourg,,,,,,,https://www.airbnb.fr/rooms/1345941507204276079?search_mode=regular_search&adults=1&check_in=2025-02-18&check_out=2025-02-23&children=0&infants=0&pets=0&source_impression_id=p3_1739912247_P39gfcfGQdMR5Maq&previous_page_section_name=1000,Maison nichée dans les hauteurs,Airbnb
,,,,,,,,https://www.airbnb.fr/users/show/155273740,,,Guadeloupe,,,,Villa Milice Dace : Chambre d’hôte,,,,,,,,,,,Petit-Bourg,,,,,,,https://www.airbnb.fr/rooms/1311005302042733492?search_mode=regular_search&adults=1&category_tag=Tag%3A8678&check_in=2025-03-16&check_out=2025-03-21&children=0&infants=0&pets=0&photo_id=2067687652&source_impression_id=p3_1739912247_P3hXOVakXKzmgPBU&previous_page_section_name=1000,Villa Milice Dace : Chambre d’hôte,Airbnb
,,,,,,,,https://www.airbnb.fr/users/show/145080253,,,Guadeloupe,,,,Des Racines & Des Ailes,,,,,,,,,,,Petit-Bourg,,,,,,,https://www.airbnb.fr/rooms/25055773?search_mode=regular_search&adults=1&check_in=2025-02-28&check_out=2025-03-05&children=0&infants=0&pets=0&source_impression_id=p3_1739912247_P3CSzo2-_FwId9Nk&previous_page_section_name=1000,Des Racines & Des Ailes,Airbnb
,,,,,,,,https://www.airbnb.fr/users/show/103613132,,,Guadeloupe,,,,Dream Room GP - accès privé/confidentiel/autonome,,,,,,,,,,,Petit-Bourg,,,,,,,https://www.airbnb.fr/rooms/932814039021661014?search_mode=regular_search&adults=1&check_in=2025-03-01&check_out=2025-03-06&children=0&infants=0&pets=0&source_impression_id=p3_1739912247_P3Z5T3E3LpMuE5os&previous_page_section_name=1000,Dream Room GP - accès privé/confidentiel/autonome,Airbnb
,Votre hôte Julietta,,,,,,,Votre hôte Julietta,,,Guadeloupe,,,,Bungalow Abricot,,Maison 1 Chambre,,,,,,"Chemin Symphart lampecinado Morne Bourg, 97170 Petit-Bourg, GuadeloupeExcellente situation géographique — avec une note de 9/10!(note basée sur 47 commentaires)Évaluée par les clients après leur séjour à l'établissement Bungalow Abricot.",,,Petit-Bourg,,,,,,,https://www.booking.com/hotel/gp/bungalow-abricot-2-personnes-petit-bourg.fr.html?aid=304142&label=gen173nr-1FCAQoggJCK3NlYXJjaF9wZXRpdH5ib3VyZy0tYmFzc2V-dGVycmUtLWd1YWRlbG91cGVIM1gEaFqIAQGYAQ24ARfIAQzYAQHoAQH4AQOIAgGoAgO4ArPo070GwAIB0gIkYTExYWViZDAtYWQ4ZS00Y2IzLWIyOTQtOTA0Y2EwNjY4NDFm2AIF4AIB&ucfs=1&arphpl=1&group_adults=2&req_adults=2&no_rooms=1&group_children=0&req_children=0&hpos=4&hapos=4&sr_order=popularity&srpvid=a8c89359759f029b&srepoch=1739912250&from=searchresults,Bungalow Abricot,Booking
,,,,,,,,https://www.airbnb.fr/users/show/237014293,,,Guadeloupe,,,,Chambre privée à Petit-Bourg,,,,,,,,,,,Petit-Bourg,,,,,,,https://www.airbnb.fr/rooms/868224736594582247?search_mode=regular_search&adults=1&category_tag=Tag%3A8678&check_in=2025-02-25&check_out=2025-03-02&children=0&infants=0&pets=0&photo_id=1626831733&source_impression_id=p3_1739912247_P3oz2ioDH1ps04dY&previous_page_section_name=1000,Chambre privée à Petit-Bourg,Airbnb
,,,,,,,,https://www.airbnb.fr/users/show/472936930,,,Guadeloupe,,,,Bungalow au coeur des bambous 1,,,,,,,,,,,Petit-Bourg,,,,,,,https://www.airbnb.fr/rooms/684738022008420211?search_mode=regular_search&adults=1&check_in=2025-03-05&check_out=2025-03-10&children=0&infants=0&pets=0&source_impression_id=p3_1739912247_P3vREvJp1GdNdwKH&previous_page_section_name=1000,Bungalow au coeur des bambous 1,Airbnb
,,,,,,,,https://www.airbnb.fr/users/show/68159185,,,Guadeloupe,,,,Nouveau ! Ti Bungalow vue forêt,,,,,,,,,,,Petit-Bourg,,,,,,,https://www.airbnb.fr/rooms/1287858493538632798?search_mode=regular_search&adults=1&check_in=2025-04-16&check_out=2025-04-21&children=0&infants=0&pets=0&source_impression_id=p3_1739912247_P3Toiw6npL6xKaPf&previous_page_section_name=1000,Nouveau ! Ti Bungalow vue forêt,Airbnb
,,,,,,,,https://www.airbnb.fr/users/show/78017534,,,Guadeloupe,,,,Ti Hibiscus,,,,,,,,,,,Petit-Bourg,,,,,,,https://www.airbnb.fr/rooms/22935959?search_mode=regular_search&adults=1&check_in=2025-02-18&check_out=2025-02-23&children=0&infants=0&pets=0&source_impression_id=p3_1739912247_P3lIa9abmMuBckRY&previous_page_section_name=1000,Ti Hibiscus,Airbnb
,Votre hôte Aurelie,,,,,,,Votre hôte Aurelie,,,Guadeloupe,,,,Studio La Normantillaise,,Maison 1 Chambre,,,,,,"1524 Chemin de Morne Bourg, 97170 Petit-Bourg, GuadeloupeUne fois votre réservation effectuée, toutes les informations sur l'établissement, y compris le numéro de téléphone et l'adresse, seront disponibles sur votre confirmation de réservation ainsi que dans votre compte.",,,Petit-Bourg,,,,,,,https://www.booking.com/hotel/gp/studio-la-normantillaise-petit-bourg.fr.html?aid=304142&label=gen173nr-1FCAQoggJCK3NlYXJjaF9wZXRpdH5ib3VyZy0tYmFzc2V-dGVycmUtLWd1YWRlbG91cGVIM1gEaFqIAQGYAQ24ARfIAQzYAQHoAQH4AQOIAgGoAgO4ArPo070GwAIB0gIkYTExYWViZDAtYWQ4ZS00Y2IzLWIyOTQtOTA0Y2EwNjY4NDFm2AIF4AIB&ucfs=1&arphpl=1&group_adults=2&req_adults=2&no_rooms=1&group_children=0&req_children=0&hpos=12&hapos=12&sr_order=popularity&srpvid=a8c89359759f029b&srepoch=1739912250&from=searchresults,Studio La Normantillaise,Booking
,,,,,,,,https://www.airbnb.fr/users/show/68159185,,,Guadeloupe,,,,Nouveau ! Ti Bungalow vue forêt,,,,,,,,,,,Petit-Bourg,,,,,,,https://www.airbnb.fr/rooms/1287858493538632798?search_mode=regular_search&adults=1&check_in=2025-04-16&check_out=2025-04-21&children=0&infants=0&pets=0&source_impression_id=p3_1739912257_P323gPk4Lzaf9fGw&previous_page_section_name=1000,Nouveau ! Ti Bungalow vue forêt,Airbnb
,,,,,,,,https://www.airbnb.fr/users/show/509291081,,,Guadeloupe,,,,"Éden Cottage, charmant bungalow",,,,,,,,,,,Petit-Bourg,,,,,,,https://www.airbnb.fr/rooms/1287183111325130120?search_mode=regular_search&adults=1&check_in=2025-02-19&check_out=2025-02-24&children=0&infants=0&pets=0&source_impression_id=p3_1739912258_P3Y9NFAZKECS63KW&previous_page_section_name=1000,"Éden Cottage, charmant bungalow",Airbnb
,,,,,,,,https://www.airbnb.fr/users/show/656106175,,,Guadeloupe,,,,Bungalow Heliconia: Créole Chic,,,,,,,,,,,Petit-Bourg,,,,,,,https://www.airbnb.fr/rooms/1332897040681077037?search_mode=regular_search&adults=1&check_in=2025-02-18&check_out=2025-02-23&children=0&infants=0&pets=0&source_impression_id=p3_1739912257_P35dx77Xli89udIA&previous_page_section_name=1000,Bungalow Heliconia: Créole Chic,Airbnb
,,,,,,,,https://www.airbnb.fr/users/show/392531360,,,Guadeloupe,,,,Bungalow au cœur de la nature,,,,,,,,,,,Petit-Bourg,,,,,,,https://www.airbnb.fr/rooms/566069898629809310?search_mode=regular_search&adults=1&check_in=2025-03-01&check_out=2025-03-06&children=0&infants=0&pets=0&source_impression_id=p3_1739912258_P3EdQyzqsxeKV4hc&previous_page_section_name=1000,Bungalow au cœur de la nature,Airbnb
,,,,,,,,https://www.airbnb.fr/users/show/247193982,,,Guadeloupe,,,,T2 spacieux privé avec terrasse en pleine nature,,,,,,,,,,,Petit-Bourg,,,,,,,https://www.airbnb.fr/rooms/32887536?search_mode=regular_search&adults=1&check_in=2025-02-18&check_out=2025-02-23&children=0&infants=0&pets=0&source_impression_id=p3_1739912258_P34tuGhBF6zifUtf&previous_page_section_name=1000,T2 spacieux privé avec terrasse en pleine nature,Airbnb
,Gérée par Laurence & Patrice,,,,,,,Gérée par Laurence & Patrice,,,Guadeloupe,,,,Villa Kannel,,Chambre Quadruple avec Salle de Bains Privative,,,,,,"Chemin du Gommier A Pic Vernou, 97170 Petit-Bourg, GuadeloupeExcellente situation géographique — avec une note de 9.6/10!(note basée sur 37 commentaires)Évaluée par les clients après leur séjour à l'établissement Villa Kannel.",,,Petit-Bourg,,,,,,,https://www.booking.com/hotel/gp/villa-kannel.fr.html?aid=304142&label=gen173nr-1FCAQoggJCK3NlYXJjaF9wZXRpdH5ib3VyZy0tYmFzc2V-dGVycmUtLWd1YWRlbG91cGVIM1gEaFqIAQGYAQ24ARfIAQzYAQHoAQH4AQOIAgGoAgO4ArPo070GwAIB0gIkYTExYWViZDAtYWQ4ZS00Y2IzLWIyOTQtOTA0Y2EwNjY4NDFm2AIF4AIB&ucfs=1&arphpl=1&group_adults=2&req_adults=2&no_rooms=1&group_children=0&req_children=0&hpos=16&hapos=16&sr_order=popularity&srpvid=a8c89359759f029b&srepoch=1739912250&from=searchresults,Villa Kannel,Booking
,,,,,,,,https://www.airbnb.fr/users/show/101943662,,,Guadeloupe,,,,Charmant Bungalow Créole avec Piscine,,,,,,,,,,,Petit-Bourg,,,,,,,https://www.airbnb.fr/rooms/1039048113132986201?search_mode=regular_search&adults=1&check_in=2025-03-08&check_out=2025-03-13&children=0&infants=0&pets=0&source_impression_id=p3_1739912258_P3OlKW-HPSp7fReg&previous_page_section_name=1000,Charmant Bungalow Créole avec Piscine,Airbnb
,,,,,,,,https://www.airbnb.fr/users/show/362654995,,,Guadeloupe,,,,Ti kazDM Havre de Paix Tropical avec Piscine Privé,,,,,,,,,,,Petit-Bourg,,,,,,,https://www.airbnb.fr/rooms/47450072?search_mode=regular_search&adults=1&check_in=2025-03-10&check_out=2025-03-15&children=0&infants=0&pets=0&source_impression_id=p3_1739912258_P35L9_0GzNzVERO4&previous_page_section_name=1000,Ti kazDM Havre de Paix Tropical avec Piscine Privé,Airbnb
,,,,,,,,https://www.airbnb.fr/users/show/562266232,,,Guadeloupe,,,,"Chambre, Petit déjeuner, Piscine, Parc national",,,,,,,,,,,Petit-Bourg,,,,,,,https://www.airbnb.fr/rooms/1094274338925156528?search_mode=regular_search&adults=1&check_in=2025-04-05&check_out=2025-04-10&children=0&infants=0&pets=0&source_impression_id=p3_1739912258_P3L9CLY62q_AwuYq&previous_page_section_name=1000,"Chambre, Petit déjeuner, Piscine, Parc national",Airbnb
,,,,,,,,https://www.airbnb.fr/users/show/472936930,,,Guadeloupe,,,,Bungalow au cœur des bambous 2,,,,,,,,,,,Petit-Bourg,,,,,,,https://www.airbnb.fr/rooms/708664218291477524?search_mode=regular_search&adults=1&check_in=2025-02-27&check_out=2025-03-04&children=0&infants=0&pets=0&source_impression_id=p3_1739912258_P3QXd_XAje9y0w56&previous_page_section_name=1000,Bungalow au cœur des bambous 2,Airbnb
,,,,,,,,https://www.airbnb.fr/users/show/510693541,,,Guadeloupe,,,,Hébergement + Petit Déjeuner fait maison inclus,,,,,,,,,,,Petit-Bourg,,,,,,,https://www.airbnb.fr/rooms/872576400351809121?search_mode=regular_search&adults=1&check_in=2025-04-20&check_out=2025-04-25&children=0&infants=0&pets=0&source_impression_id=p3_1739912258_P38Ps4Tc6ljee0te&previous_page_section_name=1000,Hébergement + Petit Déjeuner fait maison inclus,Airbnb
,,,,,,,,https://www.airbnb.fr/users/show/14030955,,,Guadeloupe,,,,Studio,,,,,,,,,,,Petit-Bourg,,,,,,,https://www.airbnb.fr/rooms/989372406959357129?search_mode=regular_search&adults=1&check_in=2025-02-19&check_out=2025-02-24&children=0&infants=0&pets=0&source_impression_id=p3_1739912258_P35fbsadhXK_BC9o&previous_page_section_name=1000,Studio,Airbnb
,,,,,,,,https://www.airbnb.fr/users/show/83411241,,,Guadeloupe,,,,Refuge paradis,,,,,,,,,,,Petit-Bourg,,,,,,,https://www.airbnb.fr/rooms/1244381855783407705?search_mode=regular_search&adults=1&check_in=2025-03-17&check_out=2025-03-22&children=0&infants=0&pets=0&source_impression_id=p3_1739912258_P3sPggtPMSmaRydC&previous_page_section_name=1000,Refuge paradis,Airbnb
,Votre hôte Chantal,,,,,,,Votre hôte Chantal,,,Guadeloupe,,,,Nemo sur mer,,Appartement 2 Chambres - Côté Océan ,,,,,,"Route de Roujol, 97170 Petit-Bourg, GuadeloupeUne fois votre réservation effectuée, toutes les informations sur l'établissement, y compris le numéro de téléphone et l'adresse, seront disponibles sur votre confirmation de réservation ainsi que dans votre compte.",,,Petit-Bourg,,,,,,,https://www.booking.com/hotel/gp/duplex-t3-meuble-en-front-de-mer.fr.html?aid=304142&label=gen173nr-1FCAQoggJCK3NlYXJjaF9wZXRpdH5ib3VyZy0tYmFzc2V-dGVycmUtLWd1YWRlbG91cGVIM1gEaFqIAQGYAQ24ARfIAQzYAQHoAQH4AQOIAgGoAgO4ArPo070GwAIB0gIkYTExYWViZDAtYWQ4ZS00Y2IzLWIyOTQtOTA0Y2EwNjY4NDFm2AIF4AIB&ucfs=1&arphpl=1&group_adults=2&req_adults=2&no_rooms=1&group_children=0&req_children=0&hpos=14&hapos=14&sr_order=popularity&srpvid=a8c89359759f029b&srepoch=1739912250&from=searchresults,Nemo sur mer,Booking
,,,,,,,,https://www.airbnb.fr/users/show/348484305,,,Guadeloupe,,,,Chaya lodge,,,,,,,,,,,Petit-Bourg,,,,,,,https://www.airbnb.fr/rooms/1285059650170716392?search_mode=regular_search&adults=1&check_in=2025-03-15&check_out=2025-03-20&children=0&infants=0&pets=0&source_impression_id=p3_1739912258_P3nijUEL_-1s8oDp&previous_page_section_name=1000,Chaya lodge,Airbnb
,,,,,,,,https://www.airbnb.fr/users/show/285072720,,,Guadeloupe,,,,Gîte de la Traversée au calme à la montagne.,,,,,,,,,,,Petit-Bourg,,,,,,,https://www.airbnb.fr/rooms/1290065778871627105?search_mode=regular_search&adults=1&check_in=2025-02-19&check_out=2025-02-24&children=0&infants=0&pets=0&source_impression_id=p3_1739912258_P3bW22StohDbBYJq&previous_page_section_name=1000,Gîte de la Traversée au calme à la montagne.,Airbnb
,,,,,,,,https://www.airbnb.fr/users/show/523364223,,,Guadeloupe,,,,Bas de villa confort,,,,,,,,,,,Petit-Bourg,,,,,,,https://www.airbnb.fr/rooms/927040950788562156?search_mode=regular_search&adults=1&check_in=2025-03-07&check_out=2025-03-12&children=0&infants=0&pets=0&source_impression_id=p3_1739912258_P3NRRd6I4iLDbWgE&previous_page_section_name=1000,Bas de villa confort,Airbnb
,,,,,,,,https://www.airbnb.fr/users/show/405646006,,,Guadeloupe,,,,"Maison 3 chambres, grand jardin",,,,,,,,,,,Petit-Bourg,,,,,,,https://www.airbnb.fr/rooms/946256467143546996?search_mode=regular_search&adults=1&check_in=2025-03-06&check_out=2025-03-11&children=0&infants=0&pets=0&source_impression_id=p3_1739912258_P3czPMvuhkEOUD4K&previous_page_section_name=1000,"Maison 3 chambres, grand jardin",Airbnb
,,,,,,,,https://www.airbnb.fr/users/show/475703869,,,Guadeloupe,,,,T2 Harmonie en bas de villa avec piscine,,,,,,,,,,,Petit-Bourg,,,,,,,https://www.airbnb.fr/rooms/696583804640861739?search_mode=regular_search&adults=1&check_in=2025-04-08&check_out=2025-04-13&children=0&infants=0&pets=0&source_impression_id=p3_1739912261_P3MSqSZhkLFzMz5f&previous_page_section_name=1000,T2 Harmonie en bas de villa avec piscine,Airbnb
,,,,,,,,https://www.airbnb.fr/users/show/436684553,,,Guadeloupe,,,,La Perle,,,,,,,,,,,Petit-Bourg,,,,,,,https://www.airbnb.fr/rooms/53908232?search_mode=regular_search&adults=1&check_in=2025-04-03&check_out=2025-04-08&children=0&infants=0&pets=0&source_impression_id=p3_1739912258_P3L6-Vkd8DMIXuKk&previous_page_section_name=1000,La Perle,Airbnb
,Votre hôte Pascal,,,,,,,Votre hôte Pascal,,,Guadeloupe,,,,L'ylang ylang,,Maison 2 Chambres,,,,,,"Chemin de Grande Savane, 97170 Petit-Bourg, GuadeloupeUne fois votre réservation effectuée, toutes les informations sur l'établissement, y compris le numéro de téléphone et l'adresse, seront disponibles sur votre confirmation de réservation ainsi que dans votre compte.",,,Petit-Bourg,,,,,,,https://www.booking.com/hotel/gp/ylang-ylang.fr.html?aid=304142&label=gen173nr-1FCAQoggJCK3NlYXJjaF9wZXRpdH5ib3VyZy0tYmFzc2V-dGVycmUtLWd1YWRlbG91cGVIM1gEaFqIAQGYAQ24ARfIAQzYAQHoAQH4AQOIAgGoAgO4ArPo070GwAIB0gIkYTExYWViZDAtYWQ4ZS00Y2IzLWIyOTQtOTA0Y2EwNjY4NDFm2AIF4AIB&ucfs=1&arphpl=1&group_adults=2&req_adults=2&no_rooms=1&group_children=0&req_children=0&hpos=15&hapos=15&sr_order=popularity&srpvid=a8c89359759f029b&srepoch=1739912250&from=searchresults,L'ylang ylang,Booking
,,,,,,,,https://www.airbnb.fr/users/show/186296340,,,Guadeloupe,,,,Magnifique T2 dans une propriété privée.,,,,,,,,,,,Petit-Bourg,,,,,,,https://www.airbnb.fr/rooms/589034305492959749?search_mode=regular_search&adults=1&check_in=2025-02-21&check_out=2025-02-26&children=0&infants=0&pets=0&source_impression_id=p3_1739912261_P3Lv4KSYja4P2RnD&previous_page_section_name=1000,Magnifique T2 dans une propriété privée.,Airbnb
,,,,,,,,https://www.airbnb.fr/users/show/192902906,,,Guadeloupe,,,,Bungalow Noalee 2,,,,,,,,,,,Petit-Bourg,,,,,,,https://www.airbnb.fr/rooms/25579250?search_mode=regular_search&adults=1&check_in=2025-02-19&check_out=2025-02-24&children=0&infants=0&pets=0&source_impression_id=p3_1739912258_P3cfZuGfc7fmpkLg&previous_page_section_name=1000,Bungalow Noalee 2,Airbnb
,,,,,,,,https://www.airbnb.fr/users/show/541819876,,,Guadeloupe,,,,Sun7 appart T1 vue panoramique sur la nature !,,,,,,,,,,,Petit-Bourg,,,,,,,https://www.airbnb.fr/rooms/1034859772294035796?search_mode=regular_search&adults=1&check_in=2025-04-13&check_out=2025-04-18&children=0&infants=0&pets=0&source_impression_id=p3_1739912261_P3LWn--IJp7hTgGY&previous_page_section_name=1000,Sun7 appart T1 vue panoramique sur la nature !,Airbnb
,,,,,,,,https://www.airbnb.fr/users/show/659743594,,,Guadeloupe,,,,Orchidée Petit-bourg,,,,,,,,,,,Petit-Bourg,,,,,,,https://www.airbnb.fr/rooms/1279048955263043973?search_mode=regular_search&adults=1&check_in=2025-03-07&check_out=2025-03-12&children=0&infants=0&pets=0&source_impression_id=p3_1739912261_P3se0dlzr6ZrObP5&previous_page_section_name=1000,Orchidée Petit-bourg,Airbnb
,,,,,,,,https://www.airbnb.fr/users/show/568417999,,,Guadeloupe,,,,Maison,,,,,,,,,,,Petit-Bourg,,,,,,,https://www.airbnb.fr/rooms/1118182020480948044?search_mode=regular_search&adults=1&check_in=2025-02-19&check_out=2025-02-24&children=0&infants=0&pets=0&source_impression_id=p3_1739912261_P3ARSv_ZP5EqHCBZ&previous_page_section_name=1000,Maison,Airbnb
,,,,,,,,https://www.airbnb.fr/users/show/362888546,,,Guadeloupe,,,,Gîte chez Rémisa,,,,,,,,,,,Petit-Bourg,,,,,,,https://www.airbnb.fr/rooms/1124608568529602956?search_mode=regular_search&adults=1&check_in=2025-02-19&check_out=2025-02-24&children=0&infants=0&pets=0&source_impression_id=p3_1739912261_P3-RA7va1UlQrjny&previous_page_section_name=1000,Gîte chez Rémisa,Airbnb
,Votre hôte Lysia,,,,,,,Votre hôte Lysia,,,Guadeloupe,,,,Villa Swany,,Villa 2 Chambres :,,,,,,"Chemin de Fond Saint-Jean, 97170 Petit-Bourg, GuadeloupeExcellente situation géographique — avec une note de 9.2/10!(note basée sur 9 commentaires)Évaluée par les clients après leur séjour à l'établissement Villa Swany.",,,Petit-Bourg,,,,,,,https://www.booking.com/hotel/gp/villa-swany.fr.html?aid=304142&label=gen173nr-1FCAQoggJCK3NlYXJjaF9wZXRpdH5ib3VyZy0tYmFzc2V-dGVycmUtLWd1YWRlbG91cGVIM1gEaFqIAQGYAQ24ARfIAQzYAQHoAQH4AQOIAgGoAgO4ArPo070GwAIB0gIkYTExYWViZDAtYWQ4ZS00Y2IzLWIyOTQtOTA0Y2EwNjY4NDFm2AIF4AIB&ucfs=1&arphpl=1&group_adults=2&req_adults=2&no_rooms=1&group_children=0&req_children=0&hpos=17&hapos=17&sr_order=popularity&srpvid=a8c89359759f029b&srepoch=1739912250&from=searchresults,Villa Swany,Booking
,,,,,,,,https://www.airbnb.fr/users/show/541819876,,,Guadeloupe,,,,"Sun7 appart T2, moderne et cosy",,,,,,,,,,,Petit-Bourg,,,,,,,https://www.airbnb.fr/rooms/1002132727953570557?search_mode=regular_search&adults=1&check_in=2025-04-05&check_out=2025-04-10&children=0&infants=0&pets=0&source_impression_id=p3_1739912261_P33BAwDLn3rCRw_E&previous_page_section_name=1000,"Sun7 appart T2, moderne et cosy",Airbnb
,,,,,,,,https://www.airbnb.fr/users/show/363815444,,,Guadeloupe,,,,"Fleur de Lys, belle vue mer",,,,,,,,,,,Petit-Bourg,,,,,,,https://www.airbnb.fr/rooms/1291409570440697235?search_mode=regular_search&adults=1&check_in=2025-02-19&check_out=2025-02-24&children=0&infants=0&pets=0&source_impression_id=p3_1739912261_P37oHXQTG1zXQvn3&previous_page_section_name=1000,"Fleur de Lys, belle vue mer",Airbnb
,,,,,,,,https://www.airbnb.fr/users/show/119299831,,,Guadeloupe,,,,Villa Colin avec piscine et grand jardin,,,,,,,,,,,Petit-Bourg,,,,,,,https://www.airbnb.fr/rooms/756003695807861110?search_mode=regular_search&adults=1&check_in=2025-04-20&check_out=2025-04-26&children=0&infants=0&pets=0&source_impression_id=p3_1739912261_P3vht8MdobGcmIUV&previous_page_section_name=1000,Villa Colin avec piscine et grand jardin,Airbnb
,,,,,,,,https://www.airbnb.fr/users/show/54223930,,,Guadeloupe,,,,Studio à Petit Bourg Montebello,,,,,,,,,,,Petit-Bourg,,,,,,,https://www.airbnb.fr/rooms/53904482?search_mode=regular_search&adults=1&check_in=2025-04-09&check_out=2025-04-14&children=0&infants=0&pets=0&source_impression_id=p3_1739912261_P3s8qetAHqTO2ahg&previous_page_section_name=1000,Studio à Petit Bourg Montebello,Airbnb
,,,,,,,,https://www.airbnb.fr/users/show/71605153,,,Guadeloupe,,,,Beau studio à la campagne,,,,,,,,,,,Petit-Bourg,,,,,,,https://www.airbnb.fr/rooms/20702143?search_mode=regular_search&adults=1&check_in=2025-02-19&check_out=2025-02-24&children=0&infants=0&pets=0&source_impression_id=p3_1739912261_P3bVQTRznjmAeU7T&previous_page_section_name=1000,Beau studio à la campagne,Airbnb
,,,,,,,,https://www.airbnb.fr/users/show/153959307,,,Guadeloupe,,,,"Maison Type F2 , neuve ,  Petit-bourg Centre",,,,,,,,,,,Petit-Bourg,,,,,,,https://www.airbnb.fr/rooms/21293991?search_mode=regular_search&adults=1&check_in=2025-02-23&check_out=2025-02-28&children=0&infants=0&pets=0&source_impression_id=p3_1739912261_P3bDSXKx_L0jd5bn&previous_page_section_name=1000,"Maison Type F2 , neuve ,  Petit-bourg Centre",Airbnb
,,,,,,,,https://www.airbnb.fr/users/show/3334400,,,Guadeloupe,,,,Maison de L'ylang ylang,,,,,,,,,,,Petit-Bourg,,,,,,,https://www.airbnb.fr/rooms/44376261?search_mode=regular_search&adults=1&check_in=2025-02-21&check_out=2025-02-26&children=0&infants=0&pets=0&source_impression_id=p3_1739912261_P3LGA6jPxldxtyaf&previous_page_section_name=1000,Maison de L'ylang ylang,Airbnb
,,,,,,,,https://www.airbnb.fr/users/show/30266145,,,Guadeloupe,,,,Petit Bourg : Résidence moderne avec piscine,,,,,,,,,,,Petit-Bourg,,,,,,,https://www.airbnb.fr/rooms/29872073?search_mode=regular_search&adults=1&check_in=2025-02-18&check_out=2025-02-23&children=0&infants=0&pets=0&source_impression_id=p3_1739912261_P3wMi88zKavlpeNV&previous_page_section_name=1000,Petit Bourg : Résidence moderne avec piscine,Airbnb
,,,,,,,,https://www.airbnb.fr/users/show/43885922,,,Guadeloupe,,,,Dépendance privée avec piscine,,,,,,,,,,,Petit-Bourg,,,,,,,https://www.airbnb.fr/rooms/1302268720363430230?search_mode=regular_search&adults=1&check_in=2025-02-24&check_out=2025-03-01&children=0&infants=0&pets=0&source_impression_id=p3_1739912261_P3LXVVqYyJEzegCk&previous_page_section_name=1000,Dépendance privée avec piscine,Airbnb
,,,,,,,,https://www.airbnb.fr/users/show/504517246,,,Guadeloupe,,,,Bungalow au calme au calme,,,,,,,,,,,Petit-Bourg,,,,,,,https://www.airbnb.fr/rooms/864451696728684026?search_mode=regular_search&adults=1&check_in=2025-03-17&check_out=2025-03-22&children=0&infants=0&pets=0&source_impression_id=p3_1739912261_P3HPhM03mhfbUQXP&previous_page_section_name=1000,Bungalow au calme au calme,Airbnb
,,,,,,,,https://www.airbnb.fr/users/show/422600888,,,Guadeloupe,,,,La maisonnette ti-bou,,,,,,,,,,,Petit-Bourg,,,,,,,https://www.airbnb.fr/rooms/52205028?search_mode=regular_search&adults=1&check_in=2025-02-18&check_out=2025-02-23&children=0&infants=0&pets=0&source_impression_id=p3_1739912261_P3Oa2o7VjagLMRKa&previous_page_section_name=1000,La maisonnette ti-bou,Airbnb
,,,,,,,,https://www.airbnb.fr/users/show/672538508,,,Guadeloupe,,,,Chambre dans grande maison,,,,,,,,,,,Petit-Bourg,,,,,,,https://www.airbnb.fr/rooms/1332731391205417317?search_mode=regular_search&adults=1&category_tag=Tag%3A8678&check_in=2025-02-19&check_out=2025-02-24&children=0&infants=0&pets=0&photo_id=2085279011&source_impression_id=p3_1739912261_P3joMmNLgNJfjrPz&previous_page_section_name=1000,Chambre dans grande maison,Airbnb
,,,,,,,,https://www.airbnb.fr/users/show/358935973,,,Guadeloupe,,,,"Villa T3 au calme, piscine privée, mini résidence",,,,,,,,,,,Petit-Bourg,,,,,,,https://www.airbnb.fr/rooms/861060380134094606?search_mode=regular_search&adults=1&check_in=2025-03-25&check_out=2025-03-30&children=0&infants=0&pets=0&source_impression_id=p3_1739912266_P3TCMqA1AQMeq5_9&previous_page_section_name=1000,"Villa T3 au calme, piscine privée, mini résidence",Airbnb
,,,,,,,,https://www.airbnb.fr/users/show/89122544,,,Guadeloupe,,,,Jolie chambre climatisée au cœur de la Guadeloupe,,,,,,,,,,,Petit-Bourg,,,,,,,https://www.airbnb.fr/rooms/843676947621871804?search_mode=regular_search&adults=1&category_tag=Tag%3A8678&check_in=2025-02-18&check_out=2025-02-23&children=0&infants=0&pets=0&photo_id=1606701876&source_impression_id=p3_1739912267_P3Wi_OtZzESgnWQa&previous_page_section_name=1000,Jolie chambre climatisée au cœur de la Guadeloupe,Airbnb
,,,,,,,,https://www.airbnb.fr/users/show/311349032,,,Guadeloupe,,,,Le MABOUYA,,,,,,,,,,,Petit-Bourg,,,,,,,https://www.airbnb.fr/rooms/40400085?search_mode=regular_search&adults=1&check_in=2025-02-18&check_out=2025-02-23&children=0&infants=0&pets=0&source_impression_id=p3_1739912267_P3EPDJn02sRMujBZ&previous_page_section_name=1000,Le MABOUYA,Airbnb
,,,,,,,,https://www.airbnb.fr/users/show/112569832,,,Guadeloupe,,,,Centre Guadeloupe Gest House à la Campagne,,,,,,,,,,,Petit-Bourg,,,,,,,https://www.airbnb.fr/rooms/53637393?search_mode=regular_search&adults=1&check_in=2025-02-19&check_out=2025-02-24&children=0&infants=0&pets=0&source_impression_id=p3_1739912267_P3kORn9__wZvHCyr&previous_page_section_name=1000,Centre Guadeloupe Gest House à la Campagne,Airbnb
,,,,,,,,https://www.airbnb.fr/users/show/102684186,,,Guadeloupe,,,,"Loft 2/4pax,détente zen entre mer/montagne",,,,,,,,,,,Petit-Bourg,,,,,,,https://www.airbnb.fr/rooms/15849575?search_mode=regular_search&adults=1&check_in=2025-02-19&check_out=2025-02-24&children=0&infants=0&pets=0&source_impression_id=p3_1739912267_P39Ih87G4WRMPEzf&previous_page_section_name=1000,"Loft 2/4pax,détente zen entre mer/montagne",Airbnb
,,,,,,,,https://www.airbnb.fr/users/show/445573113,,,Guadeloupe,,,,"Eco-Loft en pleine nature ""Annunaki garden""",,,,,,,,,,,Petit-Bourg,,,,,,,https://www.airbnb.fr/rooms/822429447168446194?search_mode=regular_search&adults=1&category_tag=Tag%3A8678&check_in=2025-02-20&check_out=2025-02-25&children=0&infants=0&pets=0&photo_id=1583944424&source_impression_id=p3_1739912267_P34s8AqdCa0GvDfZ&previous_page_section_name=1000,"Eco-Loft en pleine nature ""Annunaki garden""",Airbnb
,,,,,,,,https://www.airbnb.fr/users/show/676252762,,,Guadeloupe,,,,Nomade Evasion - Escale Paisible,,,,,,,,,,,Petit-Bourg,,,,,,,https://www.airbnb.fr/rooms/1346458411998585881?search_mode=regular_search&adults=1&check_in=2025-03-18&check_out=2025-03-23&children=0&infants=0&pets=0&source_impression_id=p3_1739912267_P3uhbzzG2EkCCp4x&previous_page_section_name=1000,Nomade Evasion - Escale Paisible,Airbnb
,,,,,,,,https://www.airbnb.fr/users/show/558785207,,,Guadeloupe,,,,Villa avec piscine vue montagnes,,,,,,,,,,,Petit-Bourg,,,,,,,https://www.airbnb.fr/rooms/1111789417233986554?search_mode=regular_search&adults=1&check_in=2025-02-26&check_out=2025-03-04&children=0&infants=0&pets=0&source_impression_id=p3_1739912267_P3Db_MxQ_NaH0jE0&previous_page_section_name=1000,Villa avec piscine vue montagnes,Airbnb
,,,,,,,,https://www.airbnb.fr/users/show/67191450,,,Guadeloupe,,,,"Logement vacances  Petit-Bourg,Cosy avec Piscine.",,,,,,,,,,,Petit-Bourg,,,,,,,https://www.airbnb.fr/rooms/12623205?search_mode=regular_search&adults=1&check_in=2025-03-08&check_out=2025-03-13&children=0&infants=0&pets=0&source_impression_id=p3_1739912267_P31uKPDgGVlAEs1K&previous_page_section_name=1000,"Logement vacances  Petit-Bourg,Cosy avec Piscine.",Airbnb
,,,,,,,,https://www.airbnb.fr/users/show/311349032,,,Guadeloupe,,,,Le ZANDOLI (Appartement avec vue),,,,,,,,,,,Petit-Bourg,,,,,,,https://www.airbnb.fr/rooms/40301353?search_mode=regular_search&adults=1&check_in=2025-02-21&check_out=2025-02-26&children=0&infants=0&pets=0&source_impression_id=p3_1739912267_P3RlI8A1e8gPm2cN&previous_page_section_name=1000,Le ZANDOLI (Appartement avec vue),Airbnb
,,,,,,,,https://www.airbnb.fr/users/show/585905926,,,Guadeloupe,,,,Hill Rock Villas - Rouge Corail,,,,,,,,,,,Petit-Bourg,,,,,,,https://www.airbnb.fr/rooms/1187754785724318392?search_mode=regular_search&adults=1&check_in=2025-03-09&check_out=2025-03-14&children=0&infants=0&pets=0&source_impression_id=p3_1739912267_P3xlbfsbks0m93N3&previous_page_section_name=1000,Hill Rock Villas - Rouge Corail,Airbnb
,,,,,,,,https://www.airbnb.fr/users/show/446949513,,,Guadeloupe,,,,Charmante maison : piscine et Jacuzzi tout équipée,,,,,,,,,,,Petit-Bourg,,,,,,,https://www.airbnb.fr/rooms/570965222104733584?search_mode=regular_search&adults=1&check_in=2025-03-24&check_out=2025-03-29&children=0&infants=0&pets=0&source_impression_id=p3_1739912267_P3JKaVZJcuvzpfYm&previous_page_section_name=1000,Charmante maison : piscine et Jacuzzi tout équipée,Airbnb
,,,,,,,,https://www.airbnb.fr/users/show/580237395,,,Guadeloupe,,,,Studio L'Abricot,,,,,,,,,,,Petit-Bourg,,,,,,,https://www.airbnb.fr/rooms/1169001754859277049?search_mode=regular_search&adults=1&check_in=2025-02-20&check_out=2025-02-25&children=0&infants=0&pets=0&source_impression_id=p3_1739912267_P3oYIe8ZldC21Qiq&previous_page_section_name=1000,Studio L'Abricot,Airbnb
,,,,,,,,https://www.airbnb.fr/users/show/656106175,,,Guadeloupe,,,,Bungalow Balisier: Tropical chic,,,,,,,,,,,Petit-Bourg,,,,,,,https://www.airbnb.fr/rooms/1332901424853898414?search_mode=regular_search&adults=1&check_in=2025-02-18&check_out=2025-02-23&children=0&infants=0&pets=0&source_impression_id=p3_1739912267_P3792NpcOJ-8wT3x&previous_page_section_name=1000,Bungalow Balisier: Tropical chic,Airbnb
,,,,,,,,https://www.airbnb.fr/users/show/273085503,,,Guadeloupe,,,,Centre Guadeloupe Studio Cosy à la Campagne,,,,,,,,,,,Petit-Bourg,,,,,,,https://www.airbnb.fr/rooms/39002074?search_mode=regular_search&adults=1&check_in=2025-03-13&check_out=2025-03-18&children=0&infants=0&pets=0&source_impression_id=p3_1739912267_P3Lceecx4Z3-k2UC&previous_page_section_name=1000,Centre Guadeloupe Studio Cosy à la Campagne,Airbnb
,,,,,,,,https://www.airbnb.fr/users/show/1387491,,,Guadeloupe,,,,La parenthèse verdoyante,,,,,,,,,,,Petit-Bourg,,,,,,,https://www.airbnb.fr/rooms/1079080585214070906?search_mode=regular_search&adults=1&check_in=2025-03-17&check_out=2025-03-22&children=0&infants=0&pets=0&source_impression_id=p3_1739912267_P3kUAzgKYeUyuTBu&previous_page_section_name=1000,La parenthèse verdoyante,Airbnb
,,,,,,,,https://www.airbnb.fr/users/show/7657540,,,Guadeloupe,,,,"Le Bambou -T3 au cœur du Papillon, Piscine, Tennis",,,,,,,,,,,Petit-Bourg,,,,,,,https://www.airbnb.fr/rooms/52496021?search_mode=regular_search&adults=1&check_in=2025-04-08&check_out=2025-04-13&children=0&infants=0&pets=0&source_impression_id=p3_1739912267_P3jYRXnd8xYBvyYG&previous_page_section_name=1000,"Le Bambou -T3 au cœur du Papillon, Piscine, Tennis",Airbnb
,,,,,,,,https://www.airbnb.fr/users/show/655283153,,,Guadeloupe,,,,Magnifique bungalow tout équipé,,,,,,,,,,,Petit-Bourg,,,,,,,https://www.airbnb.fr/rooms/1259366085611003272?search_mode=regular_search&adults=1&check_in=2025-02-18&check_out=2025-02-23&children=0&infants=0&pets=0&source_impression_id=p3_1739912267_P3eqyzubWzVJ-C8d&previous_page_section_name=1000,Magnifique bungalow tout équipé,Airbnb
,,,,,,,,https://www.airbnb.fr/users/show/556106784,,,Guadeloupe,,,,Maison chaleureuse,,,,,,,,,,,Petit-Bourg,,,,,,,https://www.airbnb.fr/rooms/1306628850114676955?search_mode=regular_search&adults=1&check_in=2025-04-16&check_out=2025-04-21&children=0&infants=0&pets=0&source_impression_id=p3_1739912270_P3g6DSHvVA0UA7o4&previous_page_section_name=1000,Maison chaleureuse,Airbnb
,,,,,,,,https://www.airbnb.fr/users/show/285072720,,,Guadeloupe,,,,Chambre d'hôte à la montagne,,,,,,,,,,,Petit-Bourg,,,,,,,https://www.airbnb.fr/rooms/1328968849797492553?search_mode=regular_search&adults=1&category_tag=Tag%3A8678&check_in=2025-02-19&check_out=2025-02-24&children=0&infants=0&pets=0&photo_id=2063386397&source_impression_id=p3_1739912270_P3aRxv0nMeI1p-5H&previous_page_section_name=1000,Chambre d'hôte à la montagne,Airbnb
,,,,,,,,https://www.airbnb.fr/users/show/35211272,,,Guadeloupe,,,,Kaz Canopée,,,,,,,,,,,Petit-Bourg,,,,,,,https://www.airbnb.fr/rooms/1123282053575283101?search_mode=regular_search&adults=1&check_in=2025-06-09&check_out=2025-06-14&children=0&infants=0&pets=0&source_impression_id=p3_1739912270_P3UiThQnK_HC4ihs&previous_page_section_name=1000,Kaz Canopée,Airbnb
,,,,,,,,https://www.airbnb.fr/users/show/531703923,,,Guadeloupe,,,,Villa luciole,,,,,,,,,,,Petit-Bourg,,,,,,,https://www.airbnb.fr/rooms/1307402547912320690?search_mode=regular_search&adults=1&check_in=2025-04-22&check_out=2025-04-27&children=0&infants=0&pets=0&source_impression_id=p3_1739912270_P3efuwgIBf1lmwq-&previous_page_section_name=1000,Villa luciole,Airbnb
,,,,,,,,https://www.airbnb.fr/users/show/539354312,,,Guadeloupe,,,,Bienvenue à la villa Manakit,,,,,,,,,,,Petit-Bourg,,,,,,,https://www.airbnb.fr/rooms/990390386701512719?search_mode=regular_search&adults=1&check_in=2025-05-04&check_out=2025-05-09&children=0&infants=0&pets=0&source_impression_id=p3_1739912270_P3xQEArduFxGgTTz&previous_page_section_name=1000,Bienvenue à la villa Manakit,Airbnb
,,,,,,,,https://www.airbnb.fr/users/show/2918558,,,Guadeloupe,,,,Se ressourcer au chant des oiseaux,,,,,,,,,,,Petit-Bourg,,,,,,,https://www.airbnb.fr/rooms/594010?search_mode=regular_search&adults=1&check_in=2025-03-05&check_out=2025-03-10&children=0&infants=0&pets=0&source_impression_id=p3_1739912270_P3t7cPgvbIYuKAFs&previous_page_section_name=1000,Se ressourcer au chant des oiseaux,Airbnb
,,,,,,,,https://www.airbnb.fr/users/show/36875925,,,Guadeloupe,,,,Évadez-vous : chambre au calme !,,,,,,,,,,,Petit-Bourg,,,,,,,https://www.airbnb.fr/rooms/1337139809726192668?search_mode=regular_search&adults=1&category_tag=Tag%3A8678&check_in=2025-02-19&check_out=2025-02-24&children=0&infants=0&pets=0&photo_id=2071877378&source_impression_id=p3_1739912270_P3sZ-JSS1ydNAZEk&previous_page_section_name=1000,Évadez-vous : chambre au calme !,Airbnb
,,,,,,,,https://www.airbnb.fr/users/show/166758244,,,Guadeloupe,,,,Maison élégante à Petit Bourg avec piscine privée,,,,,,,,,,,Petit-Bourg,,,,,,,https://www.airbnb.fr/rooms/40254786?search_mode=regular_search&adults=1&check_in=2025-02-22&check_out=2025-02-27&children=0&infants=0&pets=0&source_impression_id=p3_1739912270_P3rAf9wPZkcNhWVR&previous_page_section_name=1000,Maison élégante à Petit Bourg avec piscine privée,Airbnb
,,,,,,,,https://www.airbnb.fr/users/show/43885922,,,Guadeloupe,,,,Dépendance privée avec piscine,,,,,,,,,,,Petit-Bourg,,,,,,,https://www.airbnb.fr/rooms/1302268720363430230?search_mode=regular_search&adults=1&check_in=2025-02-24&check_out=2025-03-01&children=0&infants=0&pets=0&source_impression_id=p3_1739912270_P3oY2XYb_PLyKmdN&previous_page_section_name=1000,Dépendance privée avec piscine,Airbnb
,,,,,,,,https://www.airbnb.fr/users/show/495538412,,,Guadeloupe,,,,location villa à Petit bourg,,,,,,,,,,,Petit-Bourg,,,,,,,https://www.airbnb.fr/rooms/803523464152044222?search_mode=regular_search&adults=1&check_in=2025-04-23&check_out=2025-04-28&children=0&infants=0&pets=0&source_impression_id=p3_1739912270_P3AOLpBa36tZnnHF&previous_page_section_name=1000,location villa à Petit bourg,Airbnb
,,,,,,,,https://www.airbnb.fr/users/show/60019287,,,Guadeloupe,,,,Rêve Enchanté,,,,,,,,,,,Petit-Bourg,,,,,,,https://www.airbnb.fr/rooms/858565162493811015?search_mode=regular_search&adults=1&check_in=2025-02-24&check_out=2025-03-01&children=0&infants=0&pets=0&source_impression_id=p3_1739912270_P3kSeip3gf1-EKt_&previous_page_section_name=1000,Rêve Enchanté,Airbnb
,,,,,,,,https://www.airbnb.fr/users/show/26668826,,,Guadeloupe,,,,Bienvenue chez nous,,,,,,,,,,,Petit-Bourg,,,,,,,https://www.airbnb.fr/rooms/5156831?search_mode=regular_search&adults=1&check_in=2025-02-23&check_out=2025-02-28&children=0&infants=0&pets=0&source_impression_id=p3_1739912270_P32mdZzOpaygcBrI&previous_page_section_name=1000,Bienvenue chez nous,Airbnb
,,,,,,,,https://www.airbnb.fr/users/show/656106175,,,Guadeloupe,,,,Bungalow Hibiscus: Charme créole,,,,,,,,,,,Petit-Bourg,,,,,,,https://www.airbnb.fr/rooms/1332886356807767426?search_mode=regular_search&adults=1&check_in=2025-03-04&check_out=2025-03-09&children=0&infants=0&pets=0&source_impression_id=p3_1739912270_P3Go-dQh_H19Brke&previous_page_section_name=1000,Bungalow Hibiscus: Charme créole,Airbnb
,,,,,,,,https://www.airbnb.fr/users/show/87516974,,,Guadeloupe,,,,F2 piscine - Zen & Green - confort,,,,,,,,,,,Petit-Bourg,,,,,,,https://www.airbnb.fr/rooms/34039748?search_mode=regular_search&adults=1&check_in=2025-03-06&check_out=2025-03-11&children=0&infants=0&pets=0&source_impression_id=p3_1739912270_P3OzyKTGDKmROl_Z&previous_page_section_name=1000,F2 piscine - Zen & Green - confort,Airbnb
,,,,,,,,https://www.airbnb.fr/users/show/672538508,,,Guadeloupe,,,,Chambre louer,,,,,,,,,,,Petit-Bourg,,,,,,,https://www.airbnb.fr/rooms/1353854654772238390?search_mode=regular_search&adults=1&category_tag=Tag%3A8678&check_in=2025-02-19&check_out=2025-02-24&children=0&infants=0&pets=0&photo_id=2086623748&source_impression_id=p3_1739912270_P3VzEVPiH7uMHQSa&previous_page_section_name=1000,Chambre louer,Airbnb
,,,,,,,,https://www.airbnb.fr/users/show/251699245,,,Guadeloupe,,,,A la campagne nid d'amour,,,,,,,,,,,Petit-Bourg,,,,,,,https://www.airbnb.fr/rooms/33411681?search_mode=regular_search&adults=1&check_in=2025-03-01&check_out=2025-03-06&children=0&infants=0&pets=0&source_impression_id=p3_1739912270_P3_QZY-yehPHeZRc&previous_page_section_name=1000,A la campagne nid d'amour,Airbnb
,,,,,,,,https://www.airbnb.fr/users/show/263039564,,,Guadeloupe,,,,Le padjembel une oasis de tranquilité,,,,,,,,,,,Petit-Bourg,,,,,,,https://www.airbnb.fr/rooms/34899360?search_mode=regular_search&adults=1&check_in=2025-03-09&check_out=2025-03-14&children=0&infants=0&pets=0&source_impression_id=p3_1739912270_P3li7PvasFJntLpV&previous_page_section_name=1000,Le padjembel une oasis de tranquilité,Airbnb
,,,,,,,,https://www.airbnb.fr/users/show/382005257,,,Guadeloupe,,,,VILLA « Nouveau » SINOE - SOLEIL ET VUE IMPRENABLE,,,,,,,,,,,Petit-Bourg,,,,,,,https://www.airbnb.fr/rooms/47308883?search_mode=regular_search&adults=1&check_in=2025-05-01&check_out=2025-05-06&children=0&infants=0&pets=0&source_impression_id=p3_1739912270_P3I8Y3MPvCNd1twx&previous_page_section_name=1000,VILLA « Nouveau » SINOE - SOLEIL ET VUE IMPRENABLE,Airbnb
,,,,,,,,https://www.airbnb.fr/users/show/465950247,,,Guadeloupe,,,,Superbe Appartement,,,,,,,,,,,Petit-Bourg,,,,,,,https://www.airbnb.fr/rooms/656713133178259054?search_mode=regular_search&adults=1&check_in=2025-02-20&check_out=2025-02-25&children=0&infants=0&pets=0&source_impression_id=p3_1739912273_P3diJz1y9hhUV1a3&previous_page_section_name=1000,Superbe Appartement,Airbnb
,,,,,,,,https://www.airbnb.fr/users/show/50668582,,,Guadeloupe,,,,Paisible maisonnette avec piscine privée,,,,,,,,,,,Petit-Bourg,,,,,,,https://www.airbnb.fr/rooms/9839813?search_mode=regular_search&adults=1&check_in=2025-05-12&check_out=2025-05-17&children=0&infants=0&pets=0&source_impression_id=p3_1739912273_P3Qx87g8nxuZsWX2&previous_page_section_name=1000,Paisible maisonnette avec piscine privée,Airbnb
,,,,,,,,https://www.airbnb.fr/users/show/166758244,,,Guadeloupe,,,,Bungalow à Petit Bourg,,,,,,,,,,,Petit-Bourg,,,,,,,https://www.airbnb.fr/rooms/24032341?search_mode=regular_search&adults=1&check_in=2025-03-24&check_out=2025-03-29&children=0&infants=0&pets=0&source_impression_id=p3_1739912273_P3C7gB2vv3IihcBZ&previous_page_section_name=1000,Bungalow à Petit Bourg,Airbnb
,,,,,,,,https://www.airbnb.fr/users/show/222352800,,,Guadeloupe,,,,Chambre privée grand confort,,,,,,,,,,,Petit-Bourg,,,,,,,https://www.airbnb.fr/rooms/1306628282383728514?search_mode=regular_search&adults=1&category_tag=Tag%3A8678&check_in=2025-02-20&check_out=2025-02-25&children=0&infants=0&pets=0&photo_id=2044329271&source_impression_id=p3_1739912273_P3EkYbGWxWquviaV&previous_page_section_name=1000,Chambre privée grand confort,Airbnb
,,,,,,,,https://www.airbnb.fr/users/show/503831879,,,Guadeloupe,,,,"La Villa du Toucan d'Or, au cœur de la Guadeloupe",,,,,,,,,,,Petit-Bourg,,,,,,,https://www.airbnb.fr/rooms/839801804425519882?search_mode=regular_search&adults=1&check_in=2025-03-20&check_out=2025-03-25&children=0&infants=0&pets=0&source_impression_id=p3_1739912273_P3vpT5RpFmHAuDsX&previous_page_section_name=1000,"La Villa du Toucan d'Or, au cœur de la Guadeloupe",Airbnb
,,,,,,,,https://www.airbnb.fr/users/show/2918558,,,Guadeloupe,,,,maison avec vue sur la forêt tropicale,,,,,,,,,,,Petit-Bourg,,,,,,,https://www.airbnb.fr/rooms/25049099?search_mode=regular_search&adults=1&check_in=2025-03-05&check_out=2025-03-10&children=0&infants=0&pets=0&source_impression_id=p3_1739912273_P3a5u9st1fdiA5SR&previous_page_section_name=1000,maison avec vue sur la forêt tropicale,Airbnb
,,,,,,,,https://www.airbnb.fr/users/show/241734559,,,Guadeloupe,,,,Logement situé à la campagne,,,,,,,,,,,Petit-Bourg,,,,,,,https://www.airbnb.fr/rooms/32974405?search_mode=regular_search&adults=1&check_in=2025-03-02&check_out=2025-03-07&children=0&infants=0&pets=0&source_impression_id=p3_1739912273_P3wyGFgr4BJkWbiI&previous_page_section_name=1000,Logement situé à la campagne,Airbnb
,,,,,,,,https://www.airbnb.fr/users/show/447536317,,,Guadeloupe,,,,La Terra Cotta -Guadeloupe,,,,,,,,,,,Petit-Bourg,,,,,,,https://www.airbnb.fr/rooms/1348877313855055685?search_mode=regular_search&adults=1&check_in=2025-02-20&check_out=2025-02-25&children=0&infants=0&pets=0&source_impression_id=p3_1739912273_P37kjYTUsjLSmmTI&previous_page_section_name=1000,La Terra Cotta -Guadeloupe,Airbnb
,,,,,,,,https://www.airbnb.fr/users/show/552539987,,,Guadeloupe,,,,Moderne Lodge Tropical,,,,,,,,,,,Petit-Bourg,,,,,,,https://www.airbnb.fr/rooms/1054319048820755918?search_mode=regular_search&adults=1&check_in=2025-03-10&check_out=2025-03-15&children=0&infants=0&pets=0&source_impression_id=p3_1739912273_P3lyqchwtRO7WQ9u&previous_page_section_name=1000,Moderne Lodge Tropical,Airbnb
,,,,,,,,https://www.airbnb.fr/users/show/333764385,,,Guadeloupe,,,,Au centre de l'île,,,,,,,,,,,Petit-Bourg,,,,,,,https://www.airbnb.fr/rooms/42091110?search_mode=regular_search&adults=1&check_in=2025-02-22&check_out=2025-02-27&children=0&infants=0&pets=0&source_impression_id=p3_1739912273_P3HpRaO4F0R6UHxM&previous_page_section_name=1000,Au centre de l'île,Airbnb
,,,,,,,,https://www.airbnb.fr/users/show/103577521,,,Guadeloupe,,,,Le Ptit Gibs,,,,,,,,,,,Petit-Bourg,,,,,,,https://www.airbnb.fr/rooms/695773434715953185?search_mode=regular_search&adults=1&check_in=2025-04-02&check_out=2025-04-07&children=0&infants=0&pets=0&source_impression_id=p3_1739912273_P3K4ULmxcs4ndSuy&previous_page_section_name=1000,Le Ptit Gibs,Airbnb
,,,,,,,,https://www.airbnb.fr/users/show/28339085,,,Guadeloupe,,,,Bungalow entre ville et forêt,,,,,,,,,,,Petit-Bourg,,,,,,,https://www.airbnb.fr/rooms/5463780?search_mode=regular_search&adults=1&check_in=2025-05-20&check_out=2025-05-25&children=0&infants=0&pets=0&source_impression_id=p3_1739912273_P3UjJ59jsKuF_t5-&previous_page_section_name=1000,Bungalow entre ville et forêt,Airbnb
,,,,,,,,https://www.airbnb.fr/users/show/103044235,,,Guadeloupe,,,,Petit studio dans résidence sécurisée,,,,,,,,,,,Petit-Bourg,,,,,,,https://www.airbnb.fr/rooms/53184185?search_mode=regular_search&adults=1&check_in=2025-03-13&check_out=2025-03-18&children=0&infants=0&pets=0&source_impression_id=p3_1739912273_P3cf17sreHAcBYC6&previous_page_section_name=1000,Petit studio dans résidence sécurisée,Airbnb
,,,,,,,,https://www.airbnb.fr/users/show/524413578,,,Guadeloupe,,,,Bas de Villa « Colors » / 20 min aéroport,,,,,,,,,,,Petit-Bourg,,,,,,,https://www.airbnb.fr/rooms/930854955395523755?search_mode=regular_search&adults=1&check_in=2025-03-25&check_out=2025-03-30&children=0&infants=0&pets=0&source_impression_id=p3_1739912273_P3MrDy3kkSiMkBzK&previous_page_section_name=1000,Bas de Villa « Colors » / 20 min aéroport,Airbnb
,,,,,,,,https://www.airbnb.fr/users/show/81517216,,,Guadeloupe,,,,Appartement Colibri,,,,,,,,,,,Petit-Bourg,,,,,,,https://www.airbnb.fr/rooms/806110057896190464?search_mode=regular_search&adults=1&check_in=2025-02-25&check_out=2025-03-02&children=0&infants=0&pets=0&source_impression_id=p3_1739912273_P3GTucl_2nNLikMc&previous_page_section_name=1000,Appartement Colibri,Airbnb
,,,,,,,,https://www.airbnb.fr/users/show/656106175,,,Guadeloupe,,,,Bungalow Ixora: Charme et Nature,,,,,,,,,,,Petit-Bourg,,,,,,,https://www.airbnb.fr/rooms/1332864747689071550?search_mode=regular_search&adults=1&check_in=2025-02-25&check_out=2025-03-02&children=0&infants=0&pets=0&source_impression_id=p3_1739912273_P3reblCh678ur5D9&previous_page_section_name=1000,Bungalow Ixora: Charme et Nature,Airbnb
,,,,,,,,https://www.airbnb.fr/users/show/672538508,,,Guadeloupe,,,,Chambre à louer ds grande maison,,,,,,,,,,,Petit-Bourg,,,,,,,https://www.airbnb.fr/rooms/1353875942087378587?search_mode=regular_search&adults=1&category_tag=Tag%3A8678&check_in=2025-02-18&check_out=2025-02-23&children=0&infants=0&pets=0&photo_id=2086728247&source_impression_id=p3_1739912273_P3sx7brZG1OcFWeK&previous_page_section_name=1000,Chambre à louer ds grande maison,Airbnb
,,,,,,,,https://www.airbnb.fr/users/show/48173653,,,Guadeloupe,,,,Ti Totti Domaine de Villeneuve,,,,,,,,,,,Petit-Bourg,,,,,,,https://www.airbnb.fr/rooms/755856700037503963?search_mode=regular_search&adults=1&check_in=2025-02-20&check_out=2025-02-25&children=0&infants=0&pets=0&source_impression_id=p3_1739912273_P3Y94uS9OgIxXGZj&previous_page_section_name=1000,Ti Totti Domaine de Villeneuve,Airbnb
,,,,,,,,https://www.airbnb.fr/users/show/525647092,,,Guadeloupe,,,,La maison de Colibri,,,,,,,,,,,Petit-Bourg,,,,,,,https://www.airbnb.fr/rooms/936940806672211885?search_mode=regular_search&adults=1&check_in=2025-02-23&check_out=2025-02-28&children=0&infants=0&pets=0&source_impression_id=p3_1739912284_P3srJkKc6lDIN_9p&previous_page_section_name=1000,La maison de Colibri,Airbnb
,,,,,,,,https://www.airbnb.fr/users/show/148047327,,,Guadeloupe,,,,Loft Unique,,,,,,,,,,,Petit-Bourg,,,,,,,https://www.airbnb.fr/rooms/28909478?search_mode=regular_search&adults=1&check_in=2025-03-27&check_out=2025-04-01&children=0&infants=0&pets=0&source_impression_id=p3_1739912277_P3O5_Fd2oJ7e3b9V&previous_page_section_name=1000,Loft Unique,Airbnb
,,,,,,,,https://www.airbnb.fr/users/show/168074318,,,Guadeloupe,,,,villa Bel Air,,,,,,,,,,,Petit-Bourg,,,,,,,https://www.airbnb.fr/rooms/22756069?search_mode=regular_search&adults=1&check_in=2025-03-28&check_out=2025-04-02&children=0&infants=0&pets=0&source_impression_id=p3_1739912277_P3QeTMafsdDEVg2t&previous_page_section_name=1000,villa Bel Air,Airbnb
,,,,,,,,https://www.airbnb.fr/users/show/457293219,,,Guadeloupe,,,,Studio Milau Guadeloupe,,,,,,,,,,,Petit-Bourg,,,,,,,https://www.airbnb.fr/rooms/779806461972954920?search_mode=regular_search&adults=1&check_in=2025-04-17&check_out=2025-04-24&children=0&infants=0&pets=0&source_impression_id=p3_1739912277_P3akvQTCDxtZNc3I&previous_page_section_name=1000,Studio Milau Guadeloupe,Airbnb
,,,,,,,,https://www.airbnb.fr/users/show/31619550,,,Guadeloupe,,,,mango deux pièces et grande térrasse,,,,,,,,,,,Petit-Bourg,,,,,,,https://www.airbnb.fr/rooms/775290741327890904?search_mode=regular_search&adults=1&check_in=2025-02-21&check_out=2025-02-26&children=0&infants=0&pets=0&source_impression_id=p3_1739912277_P3f1EIkSy0SxRjrj&previous_page_section_name=1000,mango deux pièces et grande térrasse,Airbnb
,,,,,,,,https://www.airbnb.fr/users/show/433305991,,,Guadeloupe,,,,BUNGOOD,,,,,,,,,,,Petit-Bourg,,,,,,,https://www.airbnb.fr/rooms/53510555?search_mode=regular_search&adults=1&check_in=2025-02-18&check_out=2025-02-23&children=0&infants=0&pets=0&source_impression_id=p3_1739912277_P3HTbrn5Sv0UQHJN&previous_page_section_name=1000,BUNGOOD,Airbnb
,,,,,,,,https://www.airbnb.fr/users/show/46457760,,,Guadeloupe,,,,#19 Oiseaux de Paradis,,,,,,,,,,,Petit-Bourg,,,,,,,https://www.airbnb.fr/rooms/14841012?search_mode=regular_search&adults=1&check_in=2025-02-20&check_out=2025-02-25&children=0&infants=0&pets=0&source_impression_id=p3_1739912277_P35f7MFoJi7LuUp6&previous_page_section_name=1000,#19 Oiseaux de Paradis,Airbnb
,,,,,,,,https://www.airbnb.fr/users/show/498402789,,,Guadeloupe,,,,Chez Nico,,,,,,,,,,,Petit-Bourg,,,,,,,https://www.airbnb.fr/rooms/1343561985412280330?search_mode=regular_search&adults=1&check_in=2025-02-18&check_out=2025-02-23&children=0&infants=0&pets=0&source_impression_id=p3_1739912277_P36fFdgCT9hQkfrh&previous_page_section_name=1000,Chez Nico,Airbnb
,,,,,,,,https://www.airbnb.fr/users/show/307621344,,,Guadeloupe,,,,Westwood Kaloucaera,,,,,,,,,,,Petit-Bourg,,,,,,,https://www.airbnb.fr/rooms/1299433353270091389?search_mode=regular_search&adults=1&check_in=2025-02-18&check_out=2025-02-23&children=0&infants=0&pets=0&source_impression_id=p3_1739912277_P3oUKR35jtirXSDL&previous_page_section_name=1000,Westwood Kaloucaera,Airbnb
,,,,,,,,https://www.airbnb.fr/users/show/220286948,,,Guadeloupe,,,,Le Cosy Valley,,,,,,,,,,,Petit-Bourg,,,,,,,https://www.airbnb.fr/rooms/1192306268170569457?search_mode=regular_search&adults=1&check_in=2025-03-16&check_out=2025-03-21&children=0&infants=0&pets=0&source_impression_id=p3_1739912277_P3HceCj69LN9Gpl5&previous_page_section_name=1000,Le Cosy Valley,Airbnb
,,,,,,,,https://www.airbnb.fr/users/show/571844880,,,Guadeloupe,,,,Chambre studio - vue sur Piscine,,,,,,,,,,,Petit-Bourg,,,,,,,https://www.airbnb.fr/rooms/1227642576764490264?search_mode=regular_search&adults=1&category_tag=Tag%3A8678&check_in=2025-03-22&check_out=2025-03-27&children=0&infants=0&pets=0&photo_id=1978773444&source_impression_id=p3_1739912277_P3pNXmg7yt8B5tn-&previous_page_section_name=1000,Chambre studio - vue sur Piscine,Airbnb
,,,,,,,,https://www.airbnb.fr/users/show/397262224,,,Guadeloupe,,,,Magnifique bungalow au cœur de la campagne,,,,,,,,,,,Petit-Bourg,,,,,,,https://www.airbnb.fr/rooms/49246386?search_mode=regular_search&adults=1&check_in=2025-03-27&check_out=2025-04-01&children=0&infants=0&pets=0&source_impression_id=p3_1739912277_P3BjyCBV0_cRHlY1&previous_page_section_name=1000,Magnifique bungalow au cœur de la campagne,Airbnb
,,,,,,,,https://www.airbnb.fr/users/show/23257503,,,Guadeloupe,,,,"un appartement privé, une chambre, une terrasse.",,,,,,,,,,,Petit-Bourg,,,,,,,https://www.airbnb.fr/rooms/6835557?search_mode=regular_search&adults=1&check_in=2025-02-20&check_out=2025-02-25&children=0&infants=0&pets=0&source_impression_id=p3_1739912278_P3375whqm8WEXjn9&previous_page_section_name=1000,"un appartement privé, une chambre, une terrasse.",Airbnb
,,,,,,,,https://www.airbnb.fr/users/show/154706698,,,Guadeloupe,,,,Vue d'en haut,,,,,,,,,,,Petit-Bourg,,,,,,,https://www.airbnb.fr/rooms/53793877?search_mode=regular_search&adults=1&check_in=2025-02-18&check_out=2025-02-23&children=0&infants=0&pets=0&source_impression_id=p3_1739912278_P3AsoSIFtgnXjHun&previous_page_section_name=1000,Vue d'en haut,Airbnb
,,,,,,,,https://www.airbnb.fr/users/show/93536871,,,Guadeloupe,,,,"Guest house Keraxao, Petit Bourg",,,,,,,,,,,Petit-Bourg,,,,,,,https://www.airbnb.fr/rooms/26136034?search_mode=regular_search&adults=1&check_in=2025-04-13&check_out=2025-04-20&children=0&infants=0&pets=0&source_impression_id=p3_1739912278_P3jyB5LX7owfXrUA&previous_page_section_name=1000,"Guest house Keraxao, Petit Bourg",Airbnb
,,,,,,,,https://www.airbnb.fr/users/show/656106175,,,Guadeloupe,,,,Bungalow Alpinia: Évasion nature,,,,,,,,,,,Petit-Bourg,,,,,,,https://www.airbnb.fr/rooms/1332903679214441656?search_mode=regular_search&adults=1&check_in=2025-02-18&check_out=2025-02-23&children=0&infants=0&pets=0&source_impression_id=p3_1739912278_P3-KNITmGZU2VyRx&previous_page_section_name=1000,Bungalow Alpinia: Évasion nature,Airbnb
,,,,,,,,https://www.airbnb.fr/users/show/278262963,,,Guadeloupe,,,,maison de vacances le colibri,,,,,,,,,,,Petit-Bourg,,,,,,,https://www.airbnb.fr/rooms/37012413?search_mode=regular_search&adults=1&check_in=2025-03-07&check_out=2025-03-12&children=0&infants=0&pets=0&source_impression_id=p3_1739912278_P31JWwknlTOiE-4a&previous_page_section_name=1000,maison de vacances le colibri,Airbnb
,,,,,,,,https://www.airbnb.fr/users/show/192902906,,,Guadeloupe,,,,Noalee Bungalow,,,,,,,,,,,Petit-Bourg,,,,,,,https://www.airbnb.fr/rooms/25577746?search_mode=regular_search&adults=1&check_in=2025-03-23&check_out=2025-03-28&children=0&infants=0&pets=0&source_impression_id=p3_1739912280_P3pdg3L3FoPqiOgz&previous_page_section_name=1000,Noalee Bungalow,Airbnb
,,,,,,,,https://www.airbnb.fr/users/show/9150888,,,Guadeloupe,,,,Bungalow dans un jardin tropical,,,,,,,,,,,Petit-Bourg,,,,,,,https://www.airbnb.fr/rooms/1230304502767402279?search_mode=regular_search&adults=1&check_in=2025-02-28&check_out=2025-03-05&children=0&infants=0&pets=0&source_impression_id=p3_1739912278_P3XO-uGKvEYYENoc&previous_page_section_name=1000,Bungalow dans un jardin tropical,Airbnb
,,,,,,,,https://www.airbnb.fr/users/show/662067844,,,Guadeloupe,,,,Charmant F2 à louer,,,,,,,,,,,Petit-Bourg,,,,,,,https://www.airbnb.fr/rooms/1289410245287754483?search_mode=regular_search&adults=1&check_in=2025-02-18&check_out=2025-02-23&children=0&infants=0&pets=0&source_impression_id=p3_1739912280_P30nr0NpNopA-KI5&previous_page_section_name=1000,Charmant F2 à louer,Airbnb
,,,,,,,,https://www.airbnb.fr/users/show/220286948,,,Guadeloupe,,,,Le Cosy Valley,,,,,,,,,,,Petit-Bourg,,,,,,,https://www.airbnb.fr/rooms/1192321796006872365?search_mode=regular_search&adults=1&check_in=2025-02-28&check_out=2025-03-05&children=0&infants=0&pets=0&source_impression_id=p3_1739912280_P32z5sAyhOOkcyHg&previous_page_section_name=1000,Le Cosy Valley,Airbnb
,,,,,,,,https://www.airbnb.fr/users/show/105804927,,,Guadeloupe,,,,Studio piscine I,,,,,,,,,,,Petit-Bourg,,,,,,,https://www.airbnb.fr/rooms/1008307234967372187?search_mode=regular_search&adults=1&check_in=2025-02-18&check_out=2025-02-23&children=0&infants=0&pets=0&source_impression_id=p3_1739912280_P3MyBuI0qEt05iIp&previous_page_section_name=1000,Studio piscine I,Airbnb
,,,,,,,,https://www.airbnb.fr/users/show/30374260,,,Guadeloupe,,,,Agréable studio,,,,,,,,,,,Petit-Bourg,,,,,,,https://www.airbnb.fr/rooms/5850866?search_mode=regular_search&adults=1&check_in=2025-02-19&check_out=2025-02-24&children=0&infants=0&pets=0&source_impression_id=p3_1739912280_P3FPvN1wufQXNn6l&previous_page_section_name=1000,Agréable studio,Airbnb
,,,,,,,,https://www.airbnb.fr/users/show/558785207,,,Guadeloupe,,,,Ti Bout D'Paradis vue montagne,,,,,,,,,,,Petit-Bourg,,,,,,,https://www.airbnb.fr/rooms/1077722162009792575?search_mode=regular_search&adults=1&check_in=2025-02-26&check_out=2025-03-03&children=0&infants=0&pets=0&source_impression_id=p3_1739912280_P3pjVQYzfyHdCtB8&previous_page_section_name=1000,Ti Bout D'Paradis vue montagne,Airbnb
,,,,,,,,https://www.airbnb.fr/users/show/78017534,,,Guadeloupe,,,,Le Bambou,,,,,,,,,,,Petit-Bourg,,,,,,,https://www.airbnb.fr/rooms/31189123?search_mode=regular_search&adults=1&check_in=2025-02-20&check_out=2025-02-25&children=0&infants=0&pets=0&source_impression_id=p3_1739912280_P3319ql-H3vTor4Q&previous_page_section_name=1000,Le Bambou,Airbnb
,,,,,,,,https://www.airbnb.fr/users/show/488272335,,,Guadeloupe,,,,Gîte de La Dorade au coeur du Papillon,,,,,,,,,,,Petit-Bourg,,,,,,,https://www.airbnb.fr/rooms/811575921451498141?search_mode=regular_search&adults=1&check_in=2025-02-19&check_out=2025-02-24&children=0&infants=0&pets=0&source_impression_id=p3_1739912280_P3Oj30UZ1ayV5qmb&previous_page_section_name=1000,Gîte de La Dorade au coeur du Papillon,Airbnb
,,,,,,,,https://www.airbnb.fr/users/show/587121704,,,Guadeloupe,,,,Belle chambre chez l'habitant,,,,,,,,,,,Petit-Bourg,,,,,,,https://www.airbnb.fr/rooms/1289156097952044302?search_mode=regular_search&adults=1&category_tag=Tag%3A8678&check_in=2025-02-18&check_out=2025-02-23&children=0&infants=0&pets=0&photo_id=2049254945&source_impression_id=p3_1739912280_P3GgCugnvDiXbaiN&previous_page_section_name=1000,Belle chambre chez l'habitant,Airbnb
,,,,,,,,https://www.airbnb.fr/users/show/571844880,,,Guadeloupe,,,,Chambre studio - vue sur Piscine,,,,,,,,,,,Petit-Bourg,,,,,,,https://www.airbnb.fr/rooms/1227642576764490264?search_mode=regular_search&adults=1&category_tag=Tag%3A8678&check_in=2025-03-22&check_out=2025-03-27&children=0&infants=0&pets=0&photo_id=1978773444&source_impression_id=p3_1739912281_P3oy6L3v-hZqWXft&previous_page_section_name=1000,Chambre studio - vue sur Piscine,Airbnb
,,,,,,,,https://www.airbnb.fr/users/show/57019779,,,Guadeloupe,,,,"Baie-Mahault, chambre vue mer avec salle d’eau",,,,,,,,,,,Petit-Bourg,,,,,,,https://www.airbnb.fr/rooms/53172698?search_mode=regular_search&adults=1&category_tag=Tag%3A8678&check_in=2025-02-19&check_out=2025-02-24&children=0&infants=0&pets=0&photo_id=1946214035&source_impression_id=p3_1739912281_P3Ov71gb__2Bm1_c&previous_page_section_name=1000,"Baie-Mahault, chambre vue mer avec salle d’eau",Airbnb
,,,,,,,,https://www.airbnb.fr/users/show/498402789,,,Guadeloupe,,,,La petite maison à la campagne - côté rue,,,,,,,,,,,Petit-Bourg,,,,,,,https://www.airbnb.fr/rooms/830458289554519821?search_mode=regular_search&adults=1&check_in=2025-02-19&check_out=2025-02-24&children=0&infants=0&pets=0&source_impression_id=p3_1739912281_P3BQwzO4u8FFHAbK&previous_page_section_name=1000,La petite maison à la campagne - côté rue,Airbnb
,,,,,,,,https://www.airbnb.fr/users/show/213401810,,,Guadeloupe,,,,Appartement F4 Petit bourg,,,,,,,,,,,Petit-Bourg,,,,,,,https://www.airbnb.fr/rooms/52617603?search_mode=regular_search&adults=1&check_in=2025-03-27&check_out=2025-04-01&children=0&infants=0&pets=0&source_impression_id=p3_1739912281_P3FDLxzQDFWp4jRl&previous_page_section_name=1000,Appartement F4 Petit bourg,Airbnb
,,,,,,,,https://www.airbnb.fr/users/show/475703869,,,Guadeloupe,,,,T2 Orchidée en bas de villa avec piscine,,,,,,,,,,,Petit-Bourg,,,,,,,https://www.airbnb.fr/rooms/884048162774889495?search_mode=regular_search&adults=1&check_in=2025-03-22&check_out=2025-03-27&children=0&infants=0&pets=0&source_impression_id=p3_1739912281_P3pUVc8LM15UZ3DF&previous_page_section_name=1000,T2 Orchidée en bas de villa avec piscine,Airbnb
,,,,,,,,https://www.airbnb.fr/users/show/102312801,,,Guadeloupe,,,,"Villa Cecilia , piscine et spa à goyave",,,,,,,,,,,Petit-Bourg,,,,,,,https://www.airbnb.fr/rooms/1287046059742874197?search_mode=regular_search&adults=1&check_in=2025-02-19&check_out=2025-02-24&children=0&infants=0&pets=0&source_impression_id=p3_1739912281_P3hoYDcv5OGIwcIO&previous_page_section_name=1000,"Villa Cecilia , piscine et spa à goyave",Airbnb
,,,,,,,,https://www.airbnb.fr/users/show/213810671,,,Guadeloupe,,,,Le lydy’s,,,,,,,,,,,Petit-Bourg,,,,,,,https://www.airbnb.fr/rooms/756299903634138342?search_mode=regular_search&adults=1&check_in=2025-02-21&check_out=2025-02-26&children=0&infants=0&pets=0&source_impression_id=p3_1739912281_P3ZhDea6yBmE_uLx&previous_page_section_name=1000,Le lydy’s,Airbnb
,,,,,,,,https://www.airbnb.fr/users/show/663325475,,,Guadeloupe,,,,Villa spacieuse et moderne,,,,,,,,,,,Petit-Bourg,,,,,,,https://www.airbnb.fr/rooms/1298066655376465890?search_mode=regular_search&adults=1&check_in=2025-03-01&check_out=2025-03-06&children=0&infants=0&pets=0&source_impression_id=p3_1739912281_P32qGtgGuHbhiz8s&previous_page_section_name=1000,Villa spacieuse et moderne,Airbnb
,,,,,,,,https://www.airbnb.fr/users/show/213810671,,,Guadeloupe,,,,Le lydy’s,,,,,,,,,,,Petit-Bourg,,,,,,,https://www.airbnb.fr/rooms/756299903634138342?search_mode=regular_search&adults=1&check_in=2025-02-21&check_out=2025-02-26&children=0&infants=0&pets=0&source_impression_id=p3_1739912284_P3pFWplGyXCAvWaS&previous_page_section_name=1000,Le lydy’s,Airbnb
,,,,,,,,https://www.airbnb.fr/users/show/157685223,,,Guadeloupe,,,,Chez ALEX,,,,,,,,,,,Petit-Bourg,,,,,,,https://www.airbnb.fr/rooms/42716866?search_mode=regular_search&adults=1&check_in=2025-02-24&check_out=2025-03-01&children=0&infants=0&pets=0&source_impression_id=p3_1739912284_P3u_1iZExShJtc53&previous_page_section_name=1000,Chez ALEX,Airbnb
,,,,,,,,https://www.airbnb.fr/users/show/237884392,,,Guadeloupe,,,,Appartement Idéal,,,,,,,,,,,Petit-Bourg,,,,,,,https://www.airbnb.fr/rooms/941954057520241403?search_mode=regular_search&adults=1&check_in=2025-02-23&check_out=2025-02-28&children=0&infants=0&pets=0&source_impression_id=p3_1739912284_P3aFOiDmy6NRfjbA&previous_page_section_name=1000,Appartement Idéal,Airbnb
,,,,,,,,https://www.airbnb.fr/users/show/539982199,,,Guadeloupe,,,,Pura vida lodge cabane perchée,,,,,,,,,,,Petit-Bourg,,,,,,,https://www.airbnb.fr/rooms/993373678112130880?search_mode=regular_search&adults=1&check_in=2025-04-13&check_out=2025-04-18&children=0&infants=0&pets=0&source_impression_id=p3_1739912284_P3wdupTkTjag95hE&previous_page_section_name=1000,Pura vida lodge cabane perchée,Airbnb
,,,,,,,,https://www.airbnb.fr/users/show/272560082,,,Guadeloupe,,,,Bungalow Catalia,,,,,,,,,,,Petit-Bourg,,,,,,,https://www.airbnb.fr/rooms/36237687?search_mode=regular_search&adults=1&check_in=2025-04-02&check_out=2025-04-07&children=0&infants=0&pets=0&source_impression_id=p3_1739912284_P3YmvQTFmJRKQuxz&previous_page_section_name=1000,Bungalow Catalia,Airbnb
,,,,,,,,https://www.airbnb.fr/users/show/235521312,,,Guadeloupe,,,,"Maisonnette charmante, idéalement située",,,,,,,,,,,Petit-Bourg,,,,,,,https://www.airbnb.fr/rooms/1299408664633371523?search_mode=regular_search&adults=1&check_in=2025-04-01&check_out=2025-04-06&children=0&infants=0&pets=0&source_impression_id=p3_1739912284_P32hlCzCC_ALSjnm&previous_page_section_name=1000,"Maisonnette charmante, idéalement située",Airbnb
,,,,,,,,https://www.airbnb.fr/users/show/403877468,,,Guadeloupe,,,,Sur les Hauteurs de Carang'bel,,,,,,,,,,,Petit-Bourg,,,,,,,https://www.airbnb.fr/rooms/50069304?search_mode=regular_search&adults=1&check_in=2025-02-18&check_out=2025-02-23&children=0&infants=0&pets=0&source_impression_id=p3_1739912284_P3L5sj4DPXS2KLQo&previous_page_section_name=1000,Sur les Hauteurs de Carang'bel,Airbnb
,,,,,,,,https://www.airbnb.fr/users/show/83736706,,,Guadeloupe,,,,Studio La Normantillaise,,,,,,,,,,,Petit-Bourg,,,,,,,https://www.airbnb.fr/rooms/1006597463399064220?search_mode=regular_search&adults=1&check_in=2025-04-08&check_out=2025-04-13&children=0&infants=0&pets=0&source_impression_id=p3_1739912284_P3PyaZMs1PlCnoEs&previous_page_section_name=1000,Studio La Normantillaise,Airbnb
,,,,,,,,https://www.airbnb.fr/users/show/507604654,,,Guadeloupe,,,,Appart T3 idéal Tourisme ou Pro.,,,,,,,,,,,Petit-Bourg,,,,,,,https://www.airbnb.fr/rooms/858181087350374815?search_mode=regular_search&adults=1&check_in=2025-03-01&check_out=2025-03-06&children=0&infants=0&pets=0&source_impression_id=p3_1739912284_P3ZAvRmYVeZmVpnC&previous_page_section_name=1000,Appart T3 idéal Tourisme ou Pro.,Airbnb
,,,,,,,,https://www.airbnb.fr/users/show/87516974,,,Guadeloupe,,,,Bungalow piscine Zen & Green - confort,,,,,,,,,,,Petit-Bourg,,,,,,,https://www.airbnb.fr/rooms/1328309128811237305?search_mode=regular_search&adults=1&check_in=2025-03-14&check_out=2025-03-19&children=0&infants=0&pets=0&source_impression_id=p3_1739912284_P3dwfXNBLVC5THzi&previous_page_section_name=1000,Bungalow piscine Zen & Green - confort,Airbnb
,,,,,,,,https://www.airbnb.fr/users/show/495356255,,,Guadeloupe,,,,Villa Swany,,,,,,,,,,,Petit-Bourg,,,,,,,https://www.airbnb.fr/rooms/1012256713380757645?search_mode=regular_search&adults=1&check_in=2025-02-27&check_out=2025-03-04&children=0&infants=0&pets=0&source_impression_id=p3_1739912284_P3iUt9UFVd7FisYd&previous_page_section_name=1000,Villa Swany,Airbnb
,,,,,,,,https://www.airbnb.fr/users/show/32446726,,,Guadeloupe,,,,La Vallée de Diane,,,,,,,,,,,Petit-Bourg,,,,,,,https://www.airbnb.fr/rooms/22670148?search_mode=regular_search&adults=1&check_in=2025-04-01&check_out=2025-04-06&children=0&infants=0&pets=0&source_impression_id=p3_1739912284_P3Ggh1YD4-8JxrH-&previous_page_section_name=1000,La Vallée de Diane,Airbnb
,,,,,,,,https://www.airbnb.fr/users/show/322235480,,,Guadeloupe,,,,Bungalow Les Lézardes / jardin tropical /  rivière,,,,,,,,,,,Petit-Bourg,,,,,,,https://www.airbnb.fr/rooms/41171814?search_mode=regular_search&adults=1&check_in=2025-02-18&check_out=2025-02-24&children=0&infants=0&pets=0&source_impression_id=p3_1739912284_P31wvZ6sqyL-W2OP&previous_page_section_name=1000,Bungalow Les Lézardes / jardin tropical /  rivière,Airbnb
,,,,,,,,https://www.airbnb.fr/users/show/496430476,,,Guadeloupe,,,,Chambre privée dans une villa,,,,,,,,,,,Petit-Bourg,,,,,,,https://www.airbnb.fr/rooms/805853680314616533?search_mode=regular_search&adults=1&category_tag=Tag%3A8678&check_in=2025-02-18&check_out=2025-02-23&children=0&infants=0&pets=0&photo_id=1567181997&source_impression_id=p3_1739912284_P3VbK1VBhyiDqUQ0&previous_page_section_name=1000,Chambre privée dans une villa,Airbnb
,,,,,,,,https://www.airbnb.fr/users/show/248636822,,,Guadeloupe,,,,La villa du Bonheur,,,,,,,,,,,Petit-Bourg,,,,,,,https://www.airbnb.fr/rooms/33035977?search_mode=regular_search&adults=1&category_tag=Tag%3A8678&check_in=2025-02-28&check_out=2025-03-05&children=0&infants=0&pets=0&photo_id=2033423216&source_impression_id=p3_1739912284_P3Pu00asWabY_xbL&previous_page_section_name=1000,La villa du Bonheur,Airbnb
,,,,,,,,https://www.airbnb.fr/users/show/123500043,,,Guadeloupe,,,,Ashram Cristal Clair appart neuf 2ch Baie Mahault,,,,,,,,,,,Petit-Bourg,,,,,,,https://www.airbnb.fr/rooms/1353117980579040697?search_mode=regular_search&adults=1&check_in=2025-03-02&check_out=2025-03-07&children=0&infants=0&pets=0&source_impression_id=p3_1739912284_P3Hm_GqZFvfZ86Ay&previous_page_section_name=1000,Ashram Cristal Clair appart neuf 2ch Baie Mahault,Airbnb
,,,,,,,,https://www.airbnb.fr/users/show/1897464,,,Guadeloupe,,,,Aphrodite #Love Room#,,,,,,,,,,,Petit-Bourg,,,,,,,https://www.airbnb.fr/rooms/1346298121082721506?search_mode=regular_search&adults=1&check_in=2025-02-18&check_out=2025-02-23&children=0&infants=0&pets=0&source_impression_id=p3_1739912284_P3wh_EfT4-lpl18n&previous_page_section_name=1000,Aphrodite #Love Room#,Airbnb
,,,,,,,,https://www.airbnb.fr/users/show/497212152,,,Guadeloupe,,,,Tilys House,,,,,,,,,,,Petit-Bourg,,,,,,,https://www.airbnb.fr/rooms/1240396770109733636?search_mode=regular_search&adults=1&check_in=2025-02-18&check_out=2025-02-23&children=0&infants=0&pets=0&source_impression_id=p3_1739912290_P3eaR7c3mp50PdpV&previous_page_section_name=1000,Tilys House,Airbnb
,,,,,,,,https://www.airbnb.fr/users/show/123500043,,,Guadeloupe,,,,Ashram Cristal Clair appart neuf 2ch Baie Mahault,,,,,,,,,,,Petit-Bourg,,,,,,,https://www.airbnb.fr/rooms/1353117980579040697?search_mode=regular_search&adults=1&check_in=2025-03-02&check_out=2025-03-07&children=0&infants=0&pets=0&source_impression_id=p3_1739912287_P3SfkKpqgwVcLTZA&previous_page_section_name=1000,Ashram Cristal Clair appart neuf 2ch Baie Mahault,Airbnb
,,,,,,,,https://www.airbnb.fr/users/show/525647092,,,Guadeloupe,,,,La maison de Colibri,,,,,,,,,,,Petit-Bourg,,,,,,,https://www.airbnb.fr/rooms/936940806672211885?search_mode=regular_search&adults=1&check_in=2025-02-23&check_out=2025-02-28&children=0&infants=0&pets=0&source_impression_id=p3_1739912287_P36K7h6qTqGwpCv0&previous_page_section_name=1000,La maison de Colibri,Airbnb
,,,,,,,,https://www.airbnb.fr/users/show/338025412,,,Guadeloupe,,,,Bungalow dans un jardin tropical avec piscine,,,,,,,,,,,Petit-Bourg,,,,,,,https://www.airbnb.fr/rooms/42456921?search_mode=regular_search&adults=1&check_in=2025-02-18&check_out=2025-02-23&children=0&infants=0&pets=0&source_impression_id=p3_1739912287_P3d3iFVyXfahGcT5&previous_page_section_name=1000,Bungalow dans un jardin tropical avec piscine,Airbnb
,,,,,,,,https://www.airbnb.fr/users/show/58772766,,,Guadeloupe,,,,Bungalows créole  avec piscine et jardin,,,,,,,,,,,Petit-Bourg,,,,,,,https://www.airbnb.fr/rooms/11360282?search_mode=regular_search&adults=1&check_in=2025-02-18&check_out=2025-02-23&children=0&infants=0&pets=0&source_impression_id=p3_1739912287_P3Qb4K4nRUA9cRFR&previous_page_section_name=1000,Bungalows créole  avec piscine et jardin,Airbnb
,,,,,,,,https://www.airbnb.fr/users/show/522022532,,,Guadeloupe,,,,Havre de paix,,,,,,,,,,,Petit-Bourg,,,,,,,https://www.airbnb.fr/rooms/1291433003807592605?search_mode=regular_search&adults=1&check_in=2025-02-19&check_out=2025-02-24&children=0&infants=0&pets=0&source_impression_id=p3_1739912287_P39HJXGT_neVd0N6&previous_page_section_name=1000,Havre de paix,Airbnb
,,,,,,,,https://www.airbnb.fr/users/show/22552486,,,Guadeloupe,,,,villa piscine jaccuzi billard babyfoot pong,,,,,,,,,,,Petit-Bourg,,,,,,,https://www.airbnb.fr/rooms/44206583?search_mode=regular_search&adults=1&check_in=2025-04-10&check_out=2025-04-15&children=0&infants=0&pets=0&source_impression_id=p3_1739912287_P3oCosoU257wdN5E&previous_page_section_name=1000,villa piscine jaccuzi billard babyfoot pong,Airbnb
,,,,,,,,https://www.airbnb.fr/users/show/161441174,,,Guadeloupe,,,,Bungalow Abricot au calme avec vue sur la nature,,,,,,,,,,,Petit-Bourg,,,,,,,https://www.airbnb.fr/rooms/810167913212023734?search_mode=regular_search&adults=1&check_in=2025-04-26&check_out=2025-05-01&children=0&infants=0&pets=0&source_impression_id=p3_1739912287_P3BwGEO-EXFin_Oj&previous_page_section_name=1000,Bungalow Abricot au calme avec vue sur la nature,Airbnb
,,,,,,,,https://www.airbnb.fr/users/show/170555442,,,Guadeloupe,,,,Appartement Hortensia avec piscine et parking,,,,,,,,,,,Petit-Bourg,,,,,,,https://www.airbnb.fr/rooms/650878330266547948?search_mode=regular_search&adults=1&check_in=2025-04-06&check_out=2025-04-11&children=0&infants=0&pets=0&source_impression_id=p3_1739912287_P3I11uIOj6i3Nbkp&previous_page_section_name=1000,Appartement Hortensia avec piscine et parking,Airbnb
,,,,,,,,https://www.airbnb.fr/users/show/432080751,,,Guadeloupe,,,,Bungalow à Petit-Bourg,,,,,,,,,,,Petit-Bourg,,,,,,,https://www.airbnb.fr/rooms/53365438?search_mode=regular_search&adults=1&check_in=2025-02-18&check_out=2025-02-23&children=0&infants=0&pets=0&source_impression_id=p3_1739912287_P3-YSCncGeSdhvls&previous_page_section_name=1000,Bungalow à Petit-Bourg,Airbnb
,,,,,,,,https://www.airbnb.fr/users/show/44908625,,,Guadeloupe,,,,Jolie chambre avec une belle vue montagne.,,,,,,,,,,,Petit-Bourg,,,,,,,https://www.airbnb.fr/rooms/29301358?search_mode=regular_search&adults=1&category_tag=Tag%3A8678&check_in=2025-02-20&check_out=2025-02-25&children=0&infants=0&pets=0&photo_id=597953137&source_impression_id=p3_1739912287_P3ZKrZHZwQeyMiji&previous_page_section_name=1000,Jolie chambre avec une belle vue montagne.,Airbnb
,,,,,,,,https://www.airbnb.fr/users/show/550669939,,,Guadeloupe,,,,Lodge Coco,,,,,,,,,,,Petit-Bourg,,,,,,,https://www.airbnb.fr/rooms/1044922045699992090?search_mode=regular_search&adults=1&check_in=2025-03-07&check_out=2025-03-12&children=0&infants=0&pets=0&source_impression_id=p3_1739912287_P3eTIBFZt_d4AdPo&previous_page_section_name=1000,Lodge Coco,Airbnb
,,,,,,,,https://www.airbnb.fr/users/show/455143101,,,Guadeloupe,,,,Maison au cœur d'un jardin créole,,,,,,,,,,,Petit-Bourg,,,,,,,https://www.airbnb.fr/rooms/609140880759239556?search_mode=regular_search&adults=1&check_in=2025-03-21&check_out=2025-03-26&children=0&infants=0&pets=0&source_impression_id=p3_1739912287_P3NRNKAYMzxIzZYk&previous_page_section_name=1000,Maison au cœur d'un jardin créole,Airbnb
,,,,,,,,https://www.airbnb.fr/users/show/60215052,,,Guadeloupe,,,,Studio 24m2 (terrasse - piscine),,,,,,,,,,,Petit-Bourg,,,,,,,https://www.airbnb.fr/rooms/865128868234131812?search_mode=regular_search&adults=1&check_in=2025-02-19&check_out=2025-02-24&children=0&infants=0&pets=0&source_impression_id=p3_1739912287_P3-SDt6GJWw5Kqqi&previous_page_section_name=1000,Studio 24m2 (terrasse - piscine),Airbnb
,,,,,,,,https://www.airbnb.fr/users/show/86897382,,,Guadeloupe,,,,Kaz in new,,,,,,,,,,,Petit-Bourg,,,,,,,https://www.airbnb.fr/rooms/14422637?search_mode=regular_search&adults=1&check_in=2025-03-08&check_out=2025-03-13&children=0&infants=0&pets=0&source_impression_id=p3_1739912287_P3rsuzts7SDBZiLw&previous_page_section_name=1000,Kaz in new,Airbnb
,,,,,,,,https://www.airbnb.fr/users/show/24777115,,,Guadeloupe,,,,Bungalow F1 climatisé sur Petit-Bourg au calme,,,,,,,,,,,Petit-Bourg,,,,,,,https://www.airbnb.fr/rooms/32376581?search_mode=regular_search&adults=1&check_in=2025-04-01&check_out=2025-04-06&children=0&infants=0&pets=0&source_impression_id=p3_1739912287_P3cxpp_54aa2fgiR&previous_page_section_name=1000,Bungalow F1 climatisé sur Petit-Bourg au calme,Airbnb
,,,,,,,,https://www.airbnb.fr/users/show/229602199,,,Guadeloupe,,,,Superbe duplex en résidence avec piscine pour 7,,,,,,,,,,,Petit-Bourg,,,,,,,https://www.airbnb.fr/rooms/619454828724328374?search_mode=regular_search&adults=1&check_in=2025-03-10&check_out=2025-03-17&children=0&infants=0&pets=0&source_impression_id=p3_1739912287_P3V8CX9IOge4LfE9&previous_page_section_name=1000,Superbe duplex en résidence avec piscine pour 7,Airbnb
,,,,,,,,https://www.airbnb.fr/users/show/352620256,,,Guadeloupe,,,,Location 39m2 meublé Le gosier,,,,,,,,,,,Petit-Bourg,,,,,,,https://www.airbnb.fr/rooms/1348622254858626394?search_mode=regular_search&adults=1&check_in=2025-02-18&check_out=2025-02-23&children=0&infants=0&pets=0&source_impression_id=p3_1739912287_P3DkWe81I8INSoOi&previous_page_section_name=1000,Location 39m2 meublé Le gosier,Airbnb
,,,,,,,,https://www.airbnb.fr/users/show/256705869,,,Guadeloupe,,,,Agréable studio au 1er étage,,,,,,,,,,,Petit-Bourg,,,,,,,https://www.airbnb.fr/rooms/1332174998462239616?search_mode=regular_search&adults=1&check_in=2025-03-12&check_out=2025-03-17&children=0&infants=0&pets=0&source_impression_id=p3_1739912290_P3xbUqMitv6XuYpf&previous_page_section_name=1000,Agréable studio au 1er étage,Airbnb
,,,,,,,,https://www.airbnb.fr/users/show/225277457,,,Guadeloupe,,,,Studio climatisé,,,,,,,,,,,Petit-Bourg,,,,,,,https://www.airbnb.fr/rooms/29962907?search_mode=regular_search&adults=1&check_in=2025-03-06&check_out=2025-03-11&children=0&infants=0&pets=0&source_impression_id=p3_1739912287_P3SNjh8VmZTvbdsh&previous_page_section_name=1000,Studio climatisé,Airbnb
,,,,,,,,https://www.airbnb.fr/users/show/136548980,,,Guadeloupe,,,,"-40 % dès 2 nuits en février !"" Lodge Sopraia",,,,,,,,,,,Petit-Bourg,,,,,,,https://www.airbnb.fr/rooms/840694050679583042?search_mode=regular_search&adults=1&check_in=2025-02-18&check_out=2025-02-23&children=0&infants=0&pets=0&source_impression_id=p3_1739912290_P3drzi-IJoLIZy8o&previous_page_section_name=1000,"-40 % dès 2 nuits en février !"" Lodge Sopraia",Airbnb
,,,,,,,,https://www.airbnb.fr/users/show/307917699,,,Guadeloupe,,,,Bungalow Ancienne Distillerie.,,,,,,,,,,,Petit-Bourg,,,,,,,https://www.airbnb.fr/rooms/1154426583020698346?search_mode=regular_search&adults=1&check_in=2025-03-10&check_out=2025-03-15&children=0&infants=0&pets=0&source_impression_id=p3_1739912290_P3TrjNbSlMKvPBs_&previous_page_section_name=1000,Bungalow Ancienne Distillerie.,Airbnb
,,,,,,,,https://www.airbnb.fr/users/show/104033443,,,Guadeloupe,,,,Logement T1 confortable,,,,,,,,,,,Petit-Bourg,,,,,,,https://www.airbnb.fr/rooms/16003643?search_mode=regular_search&adults=1&check_in=2025-03-10&check_out=2025-03-16&children=0&infants=0&pets=0&source_impression_id=p3_1739912290_P3GAaNYEn7VHAVl3&previous_page_section_name=1000,Logement T1 confortable,Airbnb
,,,,,,,,https://www.airbnb.fr/users/show/9049911,,,Guadeloupe,,,,Gîte ''Les Galets'' au sein d'une villa standing,,,,,,,,,,,Petit-Bourg,,,,,,,https://www.airbnb.fr/rooms/17022388?search_mode=regular_search&adults=1&check_in=2025-02-18&check_out=2025-02-23&children=0&infants=0&pets=0&source_impression_id=p3_1739912290_P3dULZcYrI-tMQTa&previous_page_section_name=1000,Gîte ''Les Galets'' au sein d'une villa standing,Airbnb
,,,,,,,,https://www.airbnb.fr/users/show/396615675,,,Guadeloupe,,,,Ditho Bungalow,,,,,,,,,,,Petit-Bourg,,,,,,,https://www.airbnb.fr/rooms/1316673180556031273?search_mode=regular_search&adults=1&check_in=2025-02-19&check_out=2025-02-24&children=0&infants=0&pets=0&source_impression_id=p3_1739912290_P322qjXZrDtv6jpe&previous_page_section_name=1000,Ditho Bungalow,Airbnb
,,,,,,,,https://www.airbnb.fr/users/show/115717149,,,Guadeloupe,,,,Haut de villa campagne vue mer,,,,,,,,,,,Petit-Bourg,,,,,,,https://www.airbnb.fr/rooms/1322978566045976265?search_mode=regular_search&adults=1&check_in=2025-03-01&check_out=2025-03-06&children=0&infants=0&pets=0&source_impression_id=p3_1739912290_P3EHZiG8YHsyKGWb&previous_page_section_name=1000,Haut de villa campagne vue mer,Airbnb
,,,,,,,,https://www.airbnb.fr/users/show/130159953,,,Guadeloupe,,,,"Villa Entière de Plain-pied Privée, Haut de gamme",,,,,,,,,,,Petit-Bourg,,,,,,,https://www.airbnb.fr/rooms/711594322337074438?search_mode=regular_search&adults=1&check_in=2025-03-13&check_out=2025-03-18&children=0&infants=0&pets=0&source_impression_id=p3_1739912290_P3jCvNf7eu8buTPO&previous_page_section_name=1000,"Villa Entière de Plain-pied Privée, Haut de gamme",Airbnb
,,,,,,,,https://www.airbnb.fr/users/show/135555416,,,Guadeloupe,,,,Studio au cœur de la Marina,,,,,,,,,,,Petit-Bourg,,,,,,,https://www.airbnb.fr/rooms/1331954684129722784?search_mode=regular_search&adults=1&check_in=2025-02-23&check_out=2025-02-28&children=0&infants=0&pets=0&source_impression_id=p3_1739912294_P3ei6dmyHQGIr6hp&previous_page_section_name=1000,Studio au cœur de la Marina,Airbnb
,,,,,,,,https://www.airbnb.fr/users/show/443712167,,,Guadeloupe,,,,Appartement,,,,,,,,,,,Petit-Bourg,,,,,,,https://www.airbnb.fr/rooms/1348873976466392698?search_mode=regular_search&adults=1&check_in=2025-03-10&check_out=2025-03-15&children=0&infants=0&pets=0&source_impression_id=p3_1739912290_P3TwJI2PGlrxTqoY&previous_page_section_name=1000,Appartement,Airbnb
,,,,,,,,https://www.airbnb.fr/users/show/256705869,,,Guadeloupe,,,,Studio lumineux et agréable,,,,,,,,,,,Petit-Bourg,,,,,,,https://www.airbnb.fr/rooms/1232725746205725490?search_mode=regular_search&adults=1&check_in=2025-02-20&check_out=2025-02-25&children=0&infants=0&pets=0&source_impression_id=p3_1739912290_P3DOvGatRINVCARX&previous_page_section_name=1000,Studio lumineux et agréable,Airbnb
,,,,,,,,https://www.airbnb.fr/users/show/276644217,,,Guadeloupe,,,,Villa Canyon aux Bambous,,,,,,,,,,,Petit-Bourg,,,,,,,https://www.airbnb.fr/rooms/36805009?search_mode=regular_search&adults=1&check_in=2025-04-02&check_out=2025-04-07&children=0&infants=0&pets=0&source_impression_id=p3_1739912290_P3fgv8Lb3tVC1M65&previous_page_section_name=1000,Villa Canyon aux Bambous,Airbnb
,,,,,,,,https://www.airbnb.fr/users/show/528206971,,,Guadeloupe,,,,Maison de campagne type  F2.,,,,,,,,,,,Petit-Bourg,,,,,,,https://www.airbnb.fr/rooms/944771270768915454?search_mode=regular_search&adults=1&check_in=2025-02-19&check_out=2025-02-24&children=0&infants=0&pets=0&source_impression_id=p3_1739912290_P3PitN6w4CXwY5th&previous_page_section_name=1000,Maison de campagne type  F2.,Airbnb
,,,,,,,,https://www.airbnb.fr/users/show/186827762,,,Guadeloupe,,,,T2 Baie Mahault Convenance,,,,,,,,,,,Petit-Bourg,,,,,,,https://www.airbnb.fr/rooms/1001434681234506693?search_mode=regular_search&adults=1&check_in=2025-04-28&check_out=2025-05-03&children=0&infants=0&pets=0&source_impression_id=p3_1739912290_P3P7D_dV2RJlFGJO&previous_page_section_name=1000,T2 Baie Mahault Convenance,Airbnb
,,,,,,,,https://www.airbnb.fr/users/show/454984288,,,Guadeloupe,,,,Ciel bleu,,,,,,,,,,,Petit-Bourg,,,,,,,https://www.airbnb.fr/rooms/847779665275444336?search_mode=regular_search&adults=1&check_in=2025-02-19&check_out=2025-02-24&children=0&infants=0&pets=0&source_impression_id=p3_1739912290_P390eSX5g74omn2M&previous_page_section_name=1000,Ciel bleu,Airbnb
,,,,,,,,https://www.airbnb.fr/users/show/490808423,,,Guadeloupe,,,,Havre de la pointe à 1 minute de la plage,,,,,,,,,,,Petit-Bourg,,,,,,,https://www.airbnb.fr/rooms/1333286302949260506?search_mode=regular_search&adults=1&check_in=2025-02-24&check_out=2025-03-01&children=0&infants=0&pets=0&source_impression_id=p3_1739912290_P3fAHl8x6F20Apwo&previous_page_section_name=1000,Havre de la pointe à 1 minute de la plage,Airbnb
,,,,,,,,https://www.airbnb.fr/users/show/415245690,,,Guadeloupe,,,,"PROMO ! Cocon Dumyse, proche du Jardin botanique !",,,,,,,,,,,Petit-Bourg,,,,,,,https://www.airbnb.fr/rooms/874644228815798919?search_mode=regular_search&adults=1&check_in=2025-04-10&check_out=2025-04-15&children=0&infants=0&pets=0&source_impression_id=p3_1739912290_P3qS81gzlH6QKdSX&previous_page_section_name=1000,"PROMO ! Cocon Dumyse, proche du Jardin botanique !",Airbnb
,,,,,,,,https://www.airbnb.fr/users/show/58382376,,,Guadeloupe,,,,Grenade,,,,,,,,,,,Petit-Bourg,,,,,,,https://www.airbnb.fr/rooms/11209791?search_mode=regular_search&adults=1&check_in=2025-02-24&check_out=2025-03-01&children=0&infants=0&pets=0&source_impression_id=p3_1739912290_P3rxUjmWQJoFf01m&previous_page_section_name=1000,Grenade,Airbnb
,,,,,,,,https://www.airbnb.fr/users/show/58382376,,,Guadeloupe,,,,Grenade,,,,,,,,,,,Petit-Bourg,,,,,,,https://www.airbnb.fr/rooms/11209791?search_mode=regular_search&adults=1&check_in=2025-02-24&check_out=2025-03-01&children=0&infants=0&pets=0&source_impression_id=p3_1739912294_P3Z9UMtaUPgkmVlU&previous_page_section_name=1000,Grenade,Airbnb
,,,,,,,,https://www.airbnb.fr/users/show/22287212,,,Guadeloupe,,,,"Au cœur de l'île, vue mer et proche des rivières",,,,,,,,,,,Petit-Bourg,,,,,,,https://www.airbnb.fr/rooms/946267488598494205?search_mode=regular_search&adults=1&check_in=2025-02-19&check_out=2025-02-26&children=0&infants=0&pets=0&source_impression_id=p3_1739912294_P3iK3AVWrGOc2hbG&previous_page_section_name=1000,"Au cœur de l'île, vue mer et proche des rivières",Airbnb
,,,,,,,,https://www.airbnb.fr/users/show/576737209,,,Guadeloupe,,,,Magnifique Studio Vue Mer Bas du Fort,,,,,,,,,,,Petit-Bourg,,,,,,,https://www.airbnb.fr/rooms/1160700463435755875?search_mode=regular_search&adults=1&check_in=2025-02-23&check_out=2025-02-28&children=0&infants=0&pets=0&source_impression_id=p3_1739912294_P3x8d101jb_MGxFp&previous_page_section_name=1000,Magnifique Studio Vue Mer Bas du Fort,Airbnb
,,,,,,,,https://www.airbnb.fr/users/show/328772951,,,Guadeloupe,,,,Studio Standing - LaMéridienne,,,,,,,,,,,Petit-Bourg,,,,,,,https://www.airbnb.fr/rooms/41664559?search_mode=regular_search&adults=1&check_in=2025-02-24&check_out=2025-03-01&children=0&infants=0&pets=0&source_impression_id=p3_1739912294_P3A-R90ACj4b-LDX&previous_page_section_name=1000,Studio Standing - LaMéridienne,Airbnb
,,,,,,,,https://www.airbnb.fr/users/show/86897382,,,Guadeloupe,,,,Maison indépendante à l'orée du Parc National,,,,,,,,,,,Petit-Bourg,,,,,,,https://www.airbnb.fr/rooms/14294331?search_mode=regular_search&adults=1&check_in=2025-03-08&check_out=2025-03-15&children=0&infants=0&pets=0&source_impression_id=p3_1739912294_P3f7_oSqD6lU21fK&previous_page_section_name=1000,Maison indépendante à l'orée du Parc National,Airbnb
,,,,,,,,https://www.airbnb.fr/users/show/85473622,,,Guadeloupe,,,,"Vanillia, villa créole dans son jardin tropical",,,,,,,,,,,Petit-Bourg,,,,,,,https://www.airbnb.fr/rooms/14177608?search_mode=regular_search&adults=1&check_in=2025-03-30&check_out=2025-04-05&children=0&infants=0&pets=0&source_impression_id=p3_1739912294_P3QWZlbHKBMRNaV4&previous_page_section_name=1000,"Vanillia, villa créole dans son jardin tropical",Airbnb
,,,,,,,,https://www.airbnb.fr/users/show/278262963,,,Guadeloupe,,,,T2 DE CHARME  LA PERDRIX,,,,,,,,,,,Petit-Bourg,,,,,,,https://www.airbnb.fr/rooms/41405503?search_mode=regular_search&adults=1&check_in=2025-02-24&check_out=2025-03-01&children=0&infants=0&pets=0&source_impression_id=p3_1739912294_P34mcNKxWCcZAJbV&previous_page_section_name=1000,T2 DE CHARME  LA PERDRIX,Airbnb
,,,,,,,,https://www.airbnb.fr/users/show/251326635,,,Guadeloupe,,,,Chambres Palmeraie + cuisine,,,,,,,,,,,Petit-Bourg,,,,,,,https://www.airbnb.fr/rooms/1083288679240429734?search_mode=regular_search&adults=1&check_in=2025-04-28&check_out=2025-05-03&children=0&infants=0&pets=0&source_impression_id=p3_1739912294_P3N_0dabJYBR_-pA&previous_page_section_name=1000,Chambres Palmeraie + cuisine,Airbnb
,,,,,,,,https://www.airbnb.fr/users/show/316314337,,,Guadeloupe,,,,Chambre paradisiaque,,,,,,,,,,,Petit-Bourg,,,,,,,https://www.airbnb.fr/rooms/693294201899854434?search_mode=regular_search&adults=1&category_tag=Tag%3A8678&check_in=2025-02-18&check_out=2025-02-23&children=0&infants=0&pets=0&photo_id=1672037641&source_impression_id=p3_1739912294_P3m89dMNq8adISyT&previous_page_section_name=1000,Chambre paradisiaque,Airbnb
,,,,,,,,https://www.airbnb.fr/users/show/455143101,,,Guadeloupe,,,,Lodge au cœur d'un jardin créole,,,,,,,,,,,Petit-Bourg,,,,,,,https://www.airbnb.fr/rooms/609155033030007482?search_mode=regular_search&adults=1&check_in=2025-03-20&check_out=2025-03-25&children=0&infants=0&pets=0&source_impression_id=p3_1739912294_P3G-p_fiq7v1hG6M&previous_page_section_name=1000,Lodge au cœur d'un jardin créole,Airbnb
,,,,,,,,https://www.airbnb.fr/users/show/170820557,,,Guadeloupe,,,,"Le Jardin de la Roseraie F2 ""La rose""",,,,,,,,,,,Petit-Bourg,,,,,,,https://www.airbnb.fr/rooms/39609982?search_mode=regular_search&adults=1&check_in=2025-02-18&check_out=2025-02-23&children=0&infants=0&pets=0&source_impression_id=p3_1739912294_P3zAtsaw-gHKX2rP&previous_page_section_name=1000,"Le Jardin de la Roseraie F2 ""La rose""",Airbnb
,,,,,,,,https://www.airbnb.fr/users/show/63264696,,,Guadeloupe,,,,Domaine des 3S : studio dôme,,,,,,,,,,,Petit-Bourg,,,,,,,https://www.airbnb.fr/rooms/877292099949916502?search_mode=regular_search&adults=1&check_in=2025-02-19&check_out=2025-02-24&children=0&infants=0&pets=0&source_impression_id=p3_1739912294_P35Vw6rGAw8burDl&previous_page_section_name=1000,Domaine des 3S : studio dôme,Airbnb
,,,,,,,,https://www.airbnb.fr/users/show/105373199,,,Guadeloupe,,,,Kaz a Fifite bungalow avec piscine privative,,,,,,,,,,,Petit-Bourg,,,,,,,https://www.airbnb.fr/rooms/27863355?search_mode=regular_search&adults=1&check_in=2025-04-24&check_out=2025-04-29&children=0&infants=0&pets=0&source_impression_id=p3_1739912294_P3C3CYdF9Ql7FkFV&previous_page_section_name=1000,Kaz a Fifite bungalow avec piscine privative,Airbnb
,,,,,,,,https://www.airbnb.fr/users/show/513238180,,,Guadeloupe,,,,Appartement avec jardin privatif à Baie-Mahault,,,,,,,,,,,Petit-Bourg,,,,,,,https://www.airbnb.fr/rooms/904061823192167910?search_mode=regular_search&adults=1&check_in=2025-02-21&check_out=2025-02-26&children=0&infants=0&pets=0&source_impression_id=p3_1739912294_P3eEo3T242670vqu&previous_page_section_name=1000,Appartement avec jardin privatif à Baie-Mahault,Airbnb
,,,,,,,,https://www.airbnb.fr/users/show/182045234,,,Guadeloupe,,,,Bungalow Routh'Tibou - emplacement voiture possible,,,,,,,,,,,Petit-Bourg,,,,,,,https://www.airbnb.fr/rooms/24157680?search_mode=regular_search&adults=1&check_in=2025-02-27&check_out=2025-03-04&children=0&infants=0&pets=0&source_impression_id=p3_1739912294_P3jmJ9Ls7qctb1Zb&previous_page_section_name=1000,Bungalow Routh'Tibou - emplacement voiture possible,Airbnb
,,,,,,,,https://www.airbnb.fr/users/show/489335967,,,Guadeloupe,,,,Bungalow Maledona,,,,,,,,,,,Petit-Bourg,,,,,,,https://www.airbnb.fr/rooms/769574678269656090?search_mode=regular_search&adults=1&check_in=2025-02-19&check_out=2025-02-24&children=0&infants=0&pets=0&source_impression_id=p3_1739912294_P3ANiRwWmNCOl69h&previous_page_section_name=1000,Bungalow Maledona,Airbnb
,Informations sur l'hôte,,,,,,,Informations sur l'hôte,,,Guadeloupe,,,,Chez Mélanie,,Maison 1 Chambre,,,,,,"35 Allée Citronnelle, 97115 Sainte-Rose, GuadeloupeExcellente situation géographique — avec une note de 9.4/10!(note basée sur 83 commentaires)Évaluée par les clients après leur séjour à l'établissement Chez Mélanie.",,,Sainte-Rose,,,,,,,https://www.booking.com/hotel/gp/chez-melanie.fr.html?aid=304142&label=gen173nr-1FCAQoggJCK3NlYXJjaF9zYWludGV-cm9zZS0tYmFzc2V-dGVycmUtLWd1YWRlbG91cGVIM1gEaFqIAQGYAQ24ARfIAQzYAQHoAQH4AQOIAgGoAgO4AuzW070GwAIB0gIkYzA5ZTk1YmYtNzU3Yy00YTUxLTllYjEtNjFlYWEzOGMyMjU42AIF4AIB&ucfs=1&arphpl=1&group_adults=2&req_adults=2&no_rooms=1&group_children=0&req_children=0&hpos=3&hapos=3&sr_order=popularity&srpvid=4be68ef6e0ee0395&srepoch=1739910003&from=searchresults,Chez Mélanie,Booking
,Informations sur l'hôte,,,,,,,Informations sur l'hôte,,,Guadeloupe,,,,La Kaz Blanche,,Maison 1 Chambre,,,,,,"Viard, 97115 Sainte-Rose, GuadeloupeUne fois votre réservation effectuée, toutes les informations sur l'établissement, y compris le numéro de téléphone et l'adresse, seront disponibles sur votre confirmation de réservation ainsi que dans votre compte.",,,Sainte-Rose,,,,,,,https://www.booking.com/hotel/gp/la-kaz-blanche.fr.html?aid=304142&label=gen173nr-1FCAQoggJCK3NlYXJjaF9zYWludGV-cm9zZS0tYmFzc2V-dGVycmUtLWd1YWRlbG91cGVIM1gEaFqIAQGYAQ24ARfIAQzYAQHoAQH4AQOIAgGoAgO4AuzW070GwAIB0gIkYzA5ZTk1YmYtNzU3Yy00YTUxLTllYjEtNjFlYWEzOGMyMjU42AIF4AIB&ucfs=1&arphpl=1&group_adults=2&req_adults=2&no_rooms=1&group_children=0&req_children=0&hpos=14&hapos=14&sr_order=popularity&srpvid=4be68ef6e0ee0395&srepoch=1739910003&from=searchresults,La Kaz Blanche,Booking
,Votre hôte Sylvie et Pascal,,,,,,,Votre hôte Sylvie et Pascal,,,Guadeloupe,,,,LE PETIT PARADIS,,Chambre Double,,,,,,"28 Route de Sofaïa, 97115 Sainte-Rose, GuadeloupeUne fois votre réservation effectuée, toutes les informations sur l'établissement, y compris le numéro de téléphone et l'adresse, seront disponibles sur votre confirmation de réservation ainsi que dans votre compte.",,,Sainte-Rose,,,,,,,https://www.booking.com/hotel/gp/le-petit-paradis-sainte-rose.fr.html?aid=304142&label=gen173nr-1FCAQoggJCK3NlYXJjaF9zYWludGV-cm9zZS0tYmFzc2V-dGVycmUtLWd1YWRlbG91cGVIM1gEaFqIAQGYAQ24ARfIAQzYAQHoAQH4AQOIAgGoAgO4AuzW070GwAIB0gIkYzA5ZTk1YmYtNzU3Yy00YTUxLTllYjEtNjFlYWEzOGMyMjU42AIF4AIB&ucfs=1&arphpl=1&group_adults=2&req_adults=2&no_rooms=1&group_children=0&req_children=0&hpos=18&hapos=18&sr_order=popularity&srpvid=4be68ef6e0ee0395&srepoch=1739910003&from=searchresults,LE PETIT PARADIS,Booking
,Informations sur l'hôte,,,,,,,Informations sur l'hôte,,,Guadeloupe,,,,Chez Youyou,,Appartement - Vue sur Piscine ,,,,,,"Morne-Rouge, 97115 Sainte-Rose, GuadeloupeExcellente situation géographique — avec une note de 9.2/10!(note basée sur 44 commentaires)Évaluée par les clients après leur séjour à l'établissement Chez Youyou.",,,Sainte-Rose,,,,,,,https://www.booking.com/hotel/gp/morne-rouge.fr.html?aid=304142&label=gen173nr-1FCAQoggJCK3NlYXJjaF9zYWludGV-cm9zZS0tYmFzc2V-dGVycmUtLWd1YWRlbG91cGVIM1gEaFqIAQGYAQ24ARfIAQzYAQHoAQH4AQOIAgGoAgO4AuzW070GwAIB0gIkYzA5ZTk1YmYtNzU3Yy00YTUxLTllYjEtNjFlYWEzOGMyMjU42AIF4AIB&ucfs=1&arphpl=1&group_adults=2&req_adults=2&no_rooms=1&group_children=0&req_children=0&hpos=25&hapos=25&sr_order=popularity&srpvid=4be68ef6e0ee0395&srepoch=1739910003&from=searchresults,Chez Youyou,Booking
,Votre hôte Véronique & Jean-Philippe,,,,,,,Votre hôte Véronique & Jean-Philippe,,,Guadeloupe,,,,Perle de Clugny,,Bungalow,,,,,,"10 Beauvallon, 97115 Sainte-Rose, GuadeloupeUne fois votre réservation effectuée, toutes les informations sur l'établissement, y compris le numéro de téléphone et l'adresse, seront disponibles sur votre confirmation de réservation ainsi que dans votre compte.",,,Sainte-Rose,,,,,,,https://www.booking.com/hotel/gp/perle-de-clugny.fr.html?aid=304142&label=gen173nr-1FCAQoggJCK3NlYXJjaF9zYWludGV-cm9zZS0tYmFzc2V-dGVycmUtLWd1YWRlbG91cGVIM1gEaFqIAQGYAQ24ARfIAQzYAQHoAQH4AQOIAgGoAgO4AuzW070GwAIB0gIkYzA5ZTk1YmYtNzU3Yy00YTUxLTllYjEtNjFlYWEzOGMyMjU42AIF4AIB&ucfs=1&arphpl=1&group_adults=2&req_adults=2&no_rooms=1&group_children=0&req_children=0&hpos=11&hapos=11&sr_order=popularity&srpvid=4be68ef6e0ee0395&srepoch=1739910003&from=searchresults,Perle de Clugny,Booking
,Informations sur l'hôte,,,,,,,Informations sur l'hôte,,,Guadeloupe,,,,Residence Corail,,Maison 1 Chambre,,,,,,"15 Zac de Nogent 97115 Sainte Rose, 97115 Sainte-Rose, GuadeloupeExcellente situation géographique — avec une note de 9.5/10!(note basée sur 30 commentaires)Évaluée par les clients après leur séjour à l'établissement Residence Corail.",,,Sainte-Rose,,,,,,,https://www.booking.com/hotel/gp/residence-corail-plessis-nogent.fr.html?aid=304142&label=gen173nr-1FCAQoggJCK3NlYXJjaF9zYWludGV-cm9zZS0tYmFzc2V-dGVycmUtLWd1YWRlbG91cGVIM1gEaFqIAQGYAQ24ARfIAQzYAQHoAQH4AQOIAgGoAgO4AuzW070GwAIB0gIkYzA5ZTk1YmYtNzU3Yy00YTUxLTllYjEtNjFlYWEzOGMyMjU42AIF4AIB&ucfs=1&arphpl=1&group_adults=2&req_adults=2&no_rooms=1&group_children=0&req_children=0&hpos=5&hapos=5&sr_order=popularity&srpvid=4be68ef6e0ee0395&srepoch=1739910003&from=searchresults,Residence Corail,Booking
,Votre hôte Melanie,,,,,,,Votre hôte Melanie,,,Guadeloupe,,,,TI KAZ location vue mer,,Appartement 2 Chambres,,,,,,"lotissement les jardins de sofaia, 97115 Sainte-Rose, GuadeloupeExcellente situation géographique — avec une note de 9.1/10!(note basée sur 6 commentaires)Évaluée par les clients après leur séjour à l'établissement TI KAZ location vue mer.",,,Sainte-Rose,,,,,,,https://www.booking.com/hotel/gp/ti-kaz-location-vue-mer.fr.html?aid=304142&label=gen173nr-1FCAQoggJCK3NlYXJjaF9zYWludGV-cm9zZS0tYmFzc2V-dGVycmUtLWd1YWRlbG91cGVIM1gEaFqIAQGYAQ24ARfIAQzYAQHoAQH4AQOIAgGoAgO4AuzW070GwAIB0gIkYzA5ZTk1YmYtNzU3Yy00YTUxLTllYjEtNjFlYWEzOGMyMjU42AIF4AIB&ucfs=1&arphpl=1&group_adults=2&req_adults=2&no_rooms=1&group_children=0&req_children=0&hpos=7&hapos=7&sr_order=popularity&srpvid=4be68ef6e0ee0395&srepoch=1739910003&from=searchresults,TI KAZ location vue mer,Booking
,Votre hôte Willy,,,,,,,Votre hôte Willy,,,Guadeloupe,,,,Cas'à Willy,,Bungalow - Vue sur Jardin,,,,,,"Chemin de Vinty, 97115 Sainte-Rose, GuadeloupeUne fois votre réservation effectuée, toutes les informations sur l'établissement, y compris le numéro de téléphone et l'adresse, seront disponibles sur votre confirmation de réservation ainsi que dans votre compte.",,,Sainte-Rose,,,,,,,https://www.booking.com/hotel/gp/cas-39-a-willy.fr.html?aid=304142&label=gen173nr-1FCAQoggJCK3NlYXJjaF9zYWludGV-cm9zZS0tYmFzc2V-dGVycmUtLWd1YWRlbG91cGVIM1gEaFqIAQGYAQ24ARfIAQzYAQHoAQH4AQOIAgGoAgO4AuzW070GwAIB0gIkYzA5ZTk1YmYtNzU3Yy00YTUxLTllYjEtNjFlYWEzOGMyMjU42AIF4AIB&ucfs=1&arphpl=1&group_adults=2&req_adults=2&no_rooms=1&group_children=0&req_children=0&hpos=1&hapos=1&sr_order=popularity&srpvid=4be68ef6e0ee0395&srepoch=1739910003&from=searchresults,Cas'à Willy,Booking
,Votre hôte Mylène,,,,,,,Votre hôte Mylène,,,Guadeloupe,,,,Gîte Noasol,,Appartement - Rez-de-Chaussée,,,,,,"56 LOTISSEMENT LES JARDINS DE SOFAIA, Sainte Rose, 97115 Sainte-Rose, GuadeloupeExcellente situation géographique — avec une note de 10/10!(note basée sur 11 commentaires)Évaluée par les clients après leur séjour à l'établissement Gîte Noasol.",,,Sainte-Rose,,,,,,,https://www.booking.com/hotel/gp/gite-noasol.fr.html?aid=304142&label=gen173nr-1FCAQoggJCK3NlYXJjaF9zYWludGV-cm9zZS0tYmFzc2V-dGVycmUtLWd1YWRlbG91cGVIM1gEaFqIAQGYAQ24ARfIAQzYAQHoAQH4AQOIAgGoAgO4AuzW070GwAIB0gIkYzA5ZTk1YmYtNzU3Yy00YTUxLTllYjEtNjFlYWEzOGMyMjU42AIF4AIB&ucfs=1&arphpl=1&group_adults=2&req_adults=2&no_rooms=1&group_children=0&req_children=0&hpos=6&hapos=6&sr_order=popularity&srpvid=4be68ef6e0ee0395&srepoch=1739910003&from=searchresults,Gîte Noasol,Booking
,Gérée par Kate,,,,,,,Gérée par Kate,,,Guadeloupe,,,,Résidence Le Palmier Royal,,Maison 2 Chambres,,,,,,"Route de Sofaïa, 97115 Sainte-Rose, GuadeloupeUne fois votre réservation effectuée, toutes les informations sur l'établissement, y compris le numéro de téléphone et l'adresse, seront disponibles sur votre confirmation de réservation ainsi que dans votre compte.",,,Sainte-Rose,,,,,,,https://www.booking.com/hotel/gp/gite-les-palmiers.fr.html?aid=304142&label=gen173nr-1FCAQoggJCK3NlYXJjaF9zYWludGV-cm9zZS0tYmFzc2V-dGVycmUtLWd1YWRlbG91cGVIM1gEaFqIAQGYAQ24ARfIAQzYAQHoAQH4AQOIAgGoAgO4AuzW070GwAIB0gIkYzA5ZTk1YmYtNzU3Yy00YTUxLTllYjEtNjFlYWEzOGMyMjU42AIF4AIB&ucfs=1&arphpl=1&group_adults=2&req_adults=2&no_rooms=1&group_children=0&req_children=0&hpos=9&hapos=9&sr_order=popularity&srpvid=4be68ef6e0ee0395&srepoch=1739910003&from=searchresults,Résidence Le Palmier Royal,Booking
,Votre hôte Martina,,,,,,,Votre hôte Martina,,,Guadeloupe,,,,Cozy bungalow,,Maison 1 Chambre,,,,,,"9 Chemin de Bellevue, 97115 Sainte-Rose, GuadeloupeExcellente situation géographique — avec une note de 9.2/10!(note basée sur 3 commentaires)Évaluée par les clients après leur séjour à l'établissement Cozy bungalow.",,,Sainte-Rose,,,,,,,https://www.booking.com/hotel/gp/cozy-bungalow.fr.html?aid=304142&label=gen173nr-1FCAQoggJCK3NlYXJjaF9zYWludGV-cm9zZS0tYmFzc2V-dGVycmUtLWd1YWRlbG91cGVIM1gEaFqIAQGYAQ24ARfIAQzYAQHoAQH4AQOIAgGoAgO4AuzW070GwAIB0gIkYzA5ZTk1YmYtNzU3Yy00YTUxLTllYjEtNjFlYWEzOGMyMjU42AIF4AIB&ucfs=1&arphpl=1&group_adults=2&req_adults=2&no_rooms=1&group_children=0&req_children=0&hpos=8&hapos=8&sr_order=popularity&srpvid=4be68ef6e0ee0395&srepoch=1739910003&from=searchresults,Cozy bungalow,Booking
,Gérée par La Clef Des Iles,,,,,,,Gérée par La Clef Des Iles,,,Guadeloupe,,,,Les maisons Cane,,Maison 1 Chambre - Vue sur Mer,,,,,,"Chemin de Davidon, 97115 Sainte-Rose, GuadeloupeUne fois votre réservation effectuée, toutes les informations sur l'établissement, y compris le numéro de téléphone et l'adresse, seront disponibles sur votre confirmation de réservation ainsi que dans votre compte.",,,Sainte-Rose,,,,,,,https://www.booking.com/hotel/gp/les-maisons-cane.fr.html?aid=304142&label=gen173nr-1FCAQoggJCK3NlYXJjaF9zYWludGV-cm9zZS0tYmFzc2V-dGVycmUtLWd1YWRlbG91cGVIM1gEaFqIAQGYAQ24ARfIAQzYAQHoAQH4AQOIAgGoAgO4AuzW070GwAIB0gIkYzA5ZTk1YmYtNzU3Yy00YTUxLTllYjEtNjFlYWEzOGMyMjU42AIF4AIB&ucfs=1&arphpl=1&group_adults=2&req_adults=2&no_rooms=1&group_children=0&req_children=0&hpos=21&hapos=21&sr_order=popularity&srpvid=4be68ef6e0ee0395&srepoch=1739910003&from=searchresults,Les maisons Cane,Booking
,Votre hôte Chez Vana,,,,,,,Votre hôte Chez Vana,,,Guadeloupe,,,,Bungalow sur magnifique plage-Le Nid d'Amande,,Maison 1 Chambre,,,,,,"Allée de la Plage des Amandiers, 97115 Sainte-Rose, GuadeloupeExcellente situation géographique — avec une note de 10/10!(note basée sur 1 commentaire)Évaluée par les clients après leur séjour à l'établissement Bungalow sur magnifique plage-Le Nid d'Amande.",,,Sainte-Rose,,,,,,,https://www.booking.com/hotel/gp/bungalow-sur-magnifique-plage-le-nid-d-39-amande.fr.html?aid=304142&label=gen173nr-1FCAQoggJCK3NlYXJjaF9zYWludGV-cm9zZS0tYmFzc2V-dGVycmUtLWd1YWRlbG91cGVIM1gEaFqIAQGYAQ24ARfIAQzYAQHoAQH4AQOIAgGoAgO4AuzW070GwAIB0gIkYzA5ZTk1YmYtNzU3Yy00YTUxLTllYjEtNjFlYWEzOGMyMjU42AIF4AIB&ucfs=1&arphpl=1&group_adults=2&req_adults=2&no_rooms=1&group_children=0&req_children=0&hpos=19&hapos=19&sr_order=popularity&srpvid=4be68ef6e0ee0395&srepoch=1739910003&from=searchresults,Bungalow sur magnifique plage-Le Nid d'Amande,Booking
,Informations sur l'hôte,,,,,,,Informations sur l'hôte,,,Guadeloupe,,,,Ti Mango,,Appartement 1 Chambre,,,,,,"Chemin de Bone, 97115 Sainte-Rose, GuadeloupeExcellente situation géographique — avec une note de 10/10!(note basée sur 3 commentaires)Évaluée par les clients après leur séjour à l'établissement Ti Mango.",,,Sainte-Rose,,,,,,,https://www.booking.com/hotel/gp/les-hauts-de-bone.fr.html?aid=304142&label=gen173nr-1FCAQoggJCK3NlYXJjaF9zYWludGV-cm9zZS0tYmFzc2V-dGVycmUtLWd1YWRlbG91cGVIM1gEaFqIAQGYAQ24ARfIAQzYAQHoAQH4AQOIAgGoAgO4AuzW070GwAIB0gIkYzA5ZTk1YmYtNzU3Yy00YTUxLTllYjEtNjFlYWEzOGMyMjU42AIF4AIB&ucfs=1&arphpl=1&group_adults=2&req_adults=2&no_rooms=1&group_children=0&req_children=0&hpos=20&hapos=20&sr_order=popularity&srpvid=4be68ef6e0ee0395&srepoch=1739910003&from=searchresults,Ti Mango,Booking
,Gérée par Corine,,,,,,,Gérée par Corine,,,Guadeloupe,,,,VILLA SUCREE,,Maison 3 Chambres,,,,,,"20 Allee des Sapotilles, 97115 Sainte-Rose, GuadeloupeExcellente situation géographique — avec une note de 9.4/10!(note basée sur 4 commentaires)Évaluée par les clients après leur séjour à l'établissement VILLA SUCREE.",,,Sainte-Rose,,,,,,,https://www.booking.com/hotel/gp/villa-sucree.fr.html?aid=304142&label=gen173nr-1FCAQoggJCK3NlYXJjaF9zYWludGV-cm9zZS0tYmFzc2V-dGVycmUtLWd1YWRlbG91cGVIM1gEaFqIAQGYAQ24ARfIAQzYAQHoAQH4AQOIAgGoAgO4AuzW070GwAIB0gIkYzA5ZTk1YmYtNzU3Yy00YTUxLTllYjEtNjFlYWEzOGMyMjU42AIF4AIB&ucfs=1&arphpl=1&group_adults=2&req_adults=2&no_rooms=1&group_children=0&req_children=0&hpos=23&hapos=23&sr_order=popularity&srpvid=4be68ef6e0ee0395&srepoch=1739910003&from=searchresults,VILLA SUCREE,Booking
,"Gérée par Domaine de charme, moderne et reposant - KAZ A BIBI",,,,,,,"Gérée par Domaine de charme, moderne et reposant - KAZ A BIBI",,,Guadeloupe,,,,"Domaine KAZ A BIBI - Charmant, moderne et reposant",,Bungalow Familial,,,,,,"39 Lot Sainval, 97115 Sainte-Rose, GuadeloupeUne fois votre réservation effectuée, toutes les informations sur l'établissement, y compris le numéro de téléphone et l'adresse, seront disponibles sur votre confirmation de réservation ainsi que dans votre compte.",,,Sainte-Rose,,,,,,,https://www.booking.com/hotel/gp/kaz-a-bibi-sainte-rose.fr.html?aid=304142&label=gen173nr-1FCAQoggJCK3NlYXJjaF9zYWludGV-cm9zZS0tYmFzc2V-dGVycmUtLWd1YWRlbG91cGVIM1gEaFqIAQGYAQ24ARfIAQzYAQHoAQH4AQOIAgGoAgO4AuzW070GwAIB0gIkYzA5ZTk1YmYtNzU3Yy00YTUxLTllYjEtNjFlYWEzOGMyMjU42AIF4AIB&ucfs=1&arphpl=1&group_adults=2&req_adults=2&no_rooms=1&group_children=0&req_children=0&hpos=22&hapos=22&sr_order=popularity&srpvid=4be68ef6e0ee0395&srepoch=1739910003&from=searchresults,"Domaine KAZ A BIBI - Charmant, moderne et reposant",Booking
,Votre hôte Alex,,,,,,,Votre hôte Alex,,,Guadeloupe,,,,Au Domaine Des Bougainvilliers,,Studio,,,,,,"Bachelier, guadeloupe Duzer, 97115 Sainte-Rose, GuadeloupeExcellente situation géographique — avec une note de 9.1/10!(note basée sur 54 commentaires)Évaluée par les clients après leur séjour à l'établissement Au Domaine Des Bougainvilliers.",,,Sainte-Rose,,,,,,,https://www.booking.com/hotel/gp/au-domaine-des-bougainvilliers.fr.html?aid=304142&label=gen173nr-1FCAQoggJCK3NlYXJjaF9zYWludGV-cm9zZS0tYmFzc2V-dGVycmUtLWd1YWRlbG91cGVIM1gEaFqIAQGYAQ24ARfIAQzYAQHoAQH4AQOIAgGoAgO4AuzW070GwAIB0gIkYzA5ZTk1YmYtNzU3Yy00YTUxLTllYjEtNjFlYWEzOGMyMjU42AIF4AIB&ucfs=1&arphpl=1&group_adults=2&req_adults=2&no_rooms=1&group_children=0&req_children=0&hpos=10&hapos=10&sr_order=popularity&srpvid=4be68ef6e0ee0395&srepoch=1739910003&from=searchresults,Au Domaine Des Bougainvilliers,Booking
,Votre hôte Céline et Eric,,,,,,,Votre hôte Céline et Eric,,,Guadeloupe,,,,Au son des Grenouilles,,Maison de Vacances,,,,,,"Route de Sofaïa - Chemin café, 97115 Sainte-Rose, GuadeloupeExcellente situation géographique — avec une note de 9.3/10!(note basée sur 30 commentaires)Évaluée par les clients après leur séjour à l'établissement Au son des Grenouilles.",,,Sainte-Rose,,,,,,,https://www.booking.com/hotel/gp/au-son-des-grenouilles-sainte-rose.fr.html?aid=304142&label=gen173nr-1FCAQoggJCK3NlYXJjaF9zYWludGV-cm9zZS0tYmFzc2V-dGVycmUtLWd1YWRlbG91cGVIM1gEaFqIAQGYAQ24ARfIAQzYAQHoAQH4AQOIAgGoAgO4AuzW070GwAIB0gIkYzA5ZTk1YmYtNzU3Yy00YTUxLTllYjEtNjFlYWEzOGMyMjU42AIF4AIB&ucfs=1&arphpl=1&group_adults=2&req_adults=2&no_rooms=1&group_children=0&req_children=0&hpos=2&hapos=2&sr_order=popularity&srpvid=4be68ef6e0ee0395&srepoch=1739910003&from=searchresults,Au son des Grenouilles,Booking
,,,,,,,,https://www.airbnb.fr/users/show/263915380,,,Guadeloupe,,,,Appartement Hibiscus,,,,,,,,,,,Sainte-Rose,,,,,,,https://www.airbnb.fr/rooms/35036166?search_mode=regular_search&adults=1&check_in=2025-04-07&check_out=2025-04-12&children=0&infants=0&pets=0&source_impression_id=p3_1739910029_P3cUr41-uL3JIj8V&previous_page_section_name=1000,Appartement Hibiscus,Airbnb
,,,,,,,,https://www.airbnb.fr/users/show/595721579,,,Guadeloupe,,,,"La Roseraie, à 5 min à pied de la plage",,,,,,,,,,,Sainte-Rose,,,,,,,https://www.airbnb.fr/rooms/1221690382321310498?search_mode=regular_search&adults=1&check_in=2025-02-21&check_out=2025-02-26&children=0&infants=0&pets=0&source_impression_id=p3_1739910050_P3C4rYLCfOYwKDWH&previous_page_section_name=1000,"La Roseraie, à 5 min à pied de la plage",Airbnb
,,,,,,,,https://www.airbnb.fr/users/show/154706698,,,Guadeloupe,,,,Vue d'en haut,,,,,,,,,,,Sainte-Rose,,,,,,,https://www.airbnb.fr/rooms/53793877?search_mode=regular_search&adults=1&check_in=2025-02-18&check_out=2025-02-23&children=0&infants=0&pets=0&source_impression_id=p3_1739910039_P3u7XLJiVmLD9Fcv&previous_page_section_name=1000,Vue d'en haut,Airbnb
,Votre hôte Valérie et Christophe,,,,,,,Votre hôte Valérie et Christophe,,,Guadeloupe,,,,Pipirite Chantant - Maison créole vue mer,,Maison de Vacances,,,,,,"Lotissement Mont Sofaïa - Résidence St Sauveur la Montagne 17, 97115 Sainte-Rose, GuadeloupeExcellente situation géographique — avec une note de 9.7/10!(note basée sur 26 commentaires)Évaluée par les clients après leur séjour à l'établissement Pipirite Chantant - Maison créole vue mer.",,,Sainte-Rose,,,,,,,https://www.booking.com/hotel/gp/villa-creole-vue-mer.fr.html?aid=304142&label=gen173nr-1FCAQoggJCK3NlYXJjaF9zYWludGV-cm9zZS0tYmFzc2V-dGVycmUtLWd1YWRlbG91cGVIM1gEaFqIAQGYAQ24ARfIAQzYAQHoAQH4AQOIAgGoAgO4AuzW070GwAIB0gIkYzA5ZTk1YmYtNzU3Yy00YTUxLTllYjEtNjFlYWEzOGMyMjU42AIF4AIB&ucfs=1&arphpl=1&group_adults=2&req_adults=2&no_rooms=1&group_children=0&req_children=0&hpos=24&hapos=24&sr_order=popularity&srpvid=4be68ef6e0ee0395&srepoch=1739910003&from=searchresults,Pipirite Chantant - Maison créole vue mer,Booking
,Votre hôte Ludo et Sarah,,,,,,,Votre hôte Ludo et Sarah,,,Guadeloupe,,,,Accueil Créole,,Appartement 2 Chambres,,,,,,"Route du piton desbonnes 97115 Sainte-rose Route du piton, 97115 Sainte-Rose, GuadeloupeExcellente situation géographique — avec une note de 9.8/10!(note basée sur 9 commentaires)Évaluée par les clients après leur séjour à l'établissement Accueil Créole.",,,Sainte-Rose,,,,,,,https://www.booking.com/hotel/gp/accueil-creole.fr.html?aid=304142&label=gen173nr-1FCAQoggJCK3NlYXJjaF9zYWludGV-cm9zZS0tYmFzc2V-dGVycmUtLWd1YWRlbG91cGVIM1gEaFqIAQGYAQ24ARfIAQzYAQHoAQH4AQOIAgGoAgO4AuzW070GwAIB0gIkYzA5ZTk1YmYtNzU3Yy00YTUxLTllYjEtNjFlYWEzOGMyMjU42AIF4AIB&ucfs=1&arphpl=1&group_adults=2&req_adults=2&no_rooms=1&group_children=0&req_children=0&hpos=12&hapos=12&sr_order=popularity&srpvid=4be68ef6e0ee0395&srepoch=1739910003&from=searchresults,Accueil Créole,Booking
,,,,,,,,https://www.airbnb.fr/users/show/459746910,,,Guadeloupe,,,,PauseCool,,,,,,,,,,,Sainte-Rose,,,,,,,https://www.airbnb.fr/rooms/629654765651734116?search_mode=regular_search&adults=1&check_in=2025-03-13&check_out=2025-03-18&children=0&infants=0&pets=0&source_impression_id=p3_1739910042_P3L4Qf_J4wNHZymV&previous_page_section_name=1000,PauseCool,Airbnb
,,,,,,,,https://www.airbnb.fr/users/show/170820557,,,Guadeloupe,,,,"Le Jardin de la Roseraie F2 ""La rose""",,,,,,,,,,,Sainte-Rose,,,,,,,https://www.airbnb.fr/rooms/39609982?search_mode=regular_search&adults=1&check_in=2025-02-18&check_out=2025-02-23&children=0&infants=0&pets=0&source_impression_id=p3_1739910042_P3ZR6e06DYqDtI5_&previous_page_section_name=1000,"Le Jardin de la Roseraie F2 ""La rose""",Airbnb
,,,,,,,,https://www.airbnb.fr/users/show/560704896,,,Guadeloupe,,,,CosyLife Ste-Rose vue Sofaïa - Chambre 1,,,,,,,,,,,Sainte-Rose,,,,,,,https://www.airbnb.fr/rooms/1085569054227043236?search_mode=regular_search&adults=1&category_tag=Tag%3A8678&check_in=2025-02-19&check_out=2025-02-24&children=0&infants=0&pets=0&photo_id=1836223049&source_impression_id=p3_1739910042_P3PeGtxy_TTK1dQI&previous_page_section_name=1000,CosyLife Ste-Rose vue Sofaïa - Chambre 1,Airbnb
,Gérée par Katia & Didiyé,,,,,,,Gérée par Katia & Didiyé,,,Guadeloupe,,,,ISK LOCATION,,Maison 1 Chambre,,,,,,"Plessis Nogent, 97115 Sainte-Rose, GuadeloupeExcellente situation géographique — avec une note de 9.4/10!(note basée sur 44 commentaires)Évaluée par les clients après leur séjour à l'établissement ISK LOCATION.",,,Sainte-Rose,,,,,,,https://www.booking.com/hotel/gp/isk-location-sainte-rose3.fr.html?aid=304142&label=gen173nr-1FCAQoggJCK3NlYXJjaF9zYWludGV-cm9zZS0tYmFzc2V-dGVycmUtLWd1YWRlbG91cGVIM1gEaFqIAQGYAQ24ARfIAQzYAQHoAQH4AQOIAgGoAgO4AuzW070GwAIB0gIkYzA5ZTk1YmYtNzU3Yy00YTUxLTllYjEtNjFlYWEzOGMyMjU42AIF4AIB&ucfs=1&arphpl=1&group_adults=2&req_adults=2&no_rooms=1&group_children=0&req_children=0&hpos=17&hapos=17&sr_order=popularity&srpvid=4be68ef6e0ee0395&srepoch=1739910003&from=searchresults,ISK LOCATION,Booking
,Votre hôte Patricia,,,,,,,Votre hôte Patricia,,,Guadeloupe,,,,Mariposa,,Chalet 1 Chambre,,,,,,"lotissement Mont Sofa P8 Sofaïa, 97115 Sainte-Rose, GuadeloupeExcellente situation géographique — avec une note de 9.1/10!(note basée sur 15 commentaires)Évaluée par les clients après leur séjour à l'établissement Mariposa.",,,Sainte-Rose,,,,,,,https://www.booking.com/hotel/gp/mariposa.fr.html?aid=304142&label=gen173nr-1FCAQoggJCK3NlYXJjaF9zYWludGV-cm9zZS0tYmFzc2V-dGVycmUtLWd1YWRlbG91cGVIM1gEaFqIAQGYAQ24ARfIAQzYAQHoAQH4AQOIAgGoAgO4AuzW070GwAIB0gIkYzA5ZTk1YmYtNzU3Yy00YTUxLTllYjEtNjFlYWEzOGMyMjU42AIF4AIB&ucfs=1&arphpl=1&group_adults=2&req_adults=2&no_rooms=1&group_children=0&req_children=0&hpos=15&hapos=15&sr_order=popularity&srpvid=4be68ef6e0ee0395&srepoch=1739910003&from=searchresults,Mariposa,Booking
,,,,,,,,https://www.airbnb.fr/users/show/62823655,,,Guadeloupe,,,,Villa « Dream Caraïbes »,,,,,,,,,,,Sainte-Rose,,,,,,,https://www.airbnb.fr/rooms/1299289420771851256?search_mode=regular_search&adults=1&check_in=2025-03-27&check_out=2025-04-01&children=0&infants=0&pets=0&source_impression_id=p3_1739910042_P3UbIghloScIJ9sr&previous_page_section_name=1000,Villa « Dream Caraïbes »,Airbnb
,,,,,,,,https://www.airbnb.fr/users/show/11808708,,,Guadeloupe,,,,"Jungle kaz, piscine privative",,,,,,,,,,,Sainte-Rose,,,,,,,https://www.airbnb.fr/rooms/998607627303902606?search_mode=regular_search&adults=1&check_in=2025-06-21&check_out=2025-06-26&children=0&infants=0&pets=0&source_impression_id=p3_1739910042_P3-PFOw_5J1uv92N&previous_page_section_name=1000,"Jungle kaz, piscine privative",Airbnb
,,,,,,,,https://www.airbnb.fr/users/show/575905448,,,Guadeloupe,,,,Appartement au Lamentin,,,,,,,,,,,Sainte-Rose,,,,,,,https://www.airbnb.fr/rooms/1149930946293311483?search_mode=regular_search&adults=1&check_in=2025-03-25&check_out=2025-03-30&children=0&infants=0&pets=0&source_impression_id=p3_1739910042_P373Sq09h3YXaGRU&previous_page_section_name=1000,Appartement au Lamentin,Airbnb
,Gérée par Inge (chili) Vs Boris (France),,,,,,,Gérée par Inge (chili) Vs Boris (France),,,Guadeloupe,,,,Happy hippies House,,Lit Superposé dans Dortoir Mixte,,,,,,"chemin de bagatelle, duzer, 97115 Sainte-Rose, GuadeloupeUne fois votre réservation effectuée, toutes les informations sur l'établissement, y compris le numéro de téléphone et l'adresse, seront disponibles sur votre confirmation de réservation ainsi que dans votre compte.",,,Sainte-Rose,,,,,,,https://www.booking.com/hotel/gp/happy-hippies-house.fr.html?aid=304142&label=gen173nr-1FCAQoggJCK3NlYXJjaF9zYWludGV-cm9zZS0tYmFzc2V-dGVycmUtLWd1YWRlbG91cGVIM1gEaFqIAQGYAQ24ARfIAQzYAQHoAQH4AQOIAgGoAgO4AuzW070GwAIB0gIkYzA5ZTk1YmYtNzU3Yy00YTUxLTllYjEtNjFlYWEzOGMyMjU42AIF4AIB&ucfs=1&arphpl=1&group_adults=2&req_adults=2&no_rooms=1&group_children=0&req_children=0&hpos=13&hapos=13&sr_order=popularity&srpvid=4be68ef6e0ee0395&srepoch=1739910003&from=searchresults,Happy hippies House,Booking
,,,,,,,,https://www.airbnb.fr/users/show/102834881,,,Guadeloupe,,,,L'ALIZÉE SPA**** (WIFI+NETFLIX+JACCUZZI+VUE MER),,,,,,,,,,,Sainte-Rose,,,,,,,https://www.airbnb.fr/rooms/32963353?search_mode=regular_search&adults=1&check_in=2025-02-23&check_out=2025-02-28&children=0&infants=0&pets=0&source_impression_id=p3_1739910042_P325Ar4xheTQSW9Y&previous_page_section_name=1000,L'ALIZÉE SPA**** (WIFI+NETFLIX+JACCUZZI+VUE MER),Airbnb
,,,,,,,,https://www.airbnb.fr/users/show/236568281,,,Guadeloupe,,,,Maison Sugar Cane 4* - Vue Panoramique + Piscine,,,,,,,,,,,Sainte-Rose,,,,,,,https://www.airbnb.fr/rooms/50645645?search_mode=regular_search&adults=1&check_in=2025-03-15&check_out=2025-03-20&children=0&infants=0&pets=0&source_impression_id=p3_1739910042_P3ST_d6vygM-EXtD&previous_page_section_name=1000,Maison Sugar Cane 4* - Vue Panoramique + Piscine,Airbnb
,,,,,,,,https://www.airbnb.fr/users/show/209797693,,,Guadeloupe,,,,"Studio discret, tout confort.",,,,,,,,,,,Sainte-Rose,,,,,,,https://www.airbnb.fr/rooms/37173278?search_mode=regular_search&adults=1&check_in=2025-03-15&check_out=2025-03-20&children=0&infants=0&pets=0&source_impression_id=p3_1739910042_P33iFZIzJPHoDdck&previous_page_section_name=1000,"Studio discret, tout confort.",Airbnb
,,,,,,,,https://www.airbnb.fr/users/show/562968412,,,Guadeloupe,,,,Hébergement Sainte-Rose : maison entière,,,,,,,,,,,Sainte-Rose,,,,,,,https://www.airbnb.fr/rooms/1106717478396546194?search_mode=regular_search&adults=1&check_in=2025-02-21&check_out=2025-02-26&children=0&infants=0&pets=0&source_impression_id=p3_1739910042_P3wYUG-AriLvJ_ny&previous_page_section_name=1000,Hébergement Sainte-Rose : maison entière,Airbnb
,,,,,,,,https://www.airbnb.fr/users/show/381843846,,,Guadeloupe,,,,cottage créole dans un jardin tropical,,,,,,,,,,,Sainte-Rose,,,,,,,https://www.airbnb.fr/rooms/47289077?search_mode=regular_search&adults=1&check_in=2025-03-29&check_out=2025-04-03&children=0&infants=0&pets=0&source_impression_id=p3_1739910042_P3MkmS6HBQXKne2U&previous_page_section_name=1000,cottage créole dans un jardin tropical,Airbnb
,,,,,,,,https://www.airbnb.fr/users/show/181102748,,,Guadeloupe,,,,NatureJoyce,,,,,,,,,,,Sainte-Rose,,,,,,,https://www.airbnb.fr/rooms/24058173?search_mode=regular_search&adults=1&check_in=2025-03-06&check_out=2025-03-11&children=0&infants=0&pets=0&source_impression_id=p3_1739910042_P3VzE3RSfvZELLam&previous_page_section_name=1000,NatureJoyce,Airbnb
,,,,,,,,https://www.airbnb.fr/users/show/237014293,,,Guadeloupe,,,,Chambre privée à Petit-Bourg,,,,,,,,,,,Sainte-Rose,,,,,,,https://www.airbnb.fr/rooms/868224736594582247?search_mode=regular_search&adults=1&category_tag=Tag%3A8678&check_in=2025-02-25&check_out=2025-03-02&children=0&infants=0&pets=0&photo_id=1626831733&source_impression_id=p3_1739910042_P31fh8onHPg7k3QK&previous_page_section_name=1000,Chambre privée à Petit-Bourg,Airbnb
,,,,,,,,https://www.airbnb.fr/users/show/402867246,,,Guadeloupe,,,,La Kaz How,,,,,,,,,,,Sainte-Rose,,,,,,,https://www.airbnb.fr/rooms/1340635016746187642?search_mode=regular_search&adults=1&check_in=2025-04-01&check_out=2025-04-06&children=0&infants=0&pets=0&source_impression_id=p3_1739910045_P3Q5fYwGd-UYd9z2&previous_page_section_name=1000,La Kaz How,Airbnb
,,,,,,,,https://www.airbnb.fr/users/show/227525958,,,Guadeloupe,,,,Gîte spacieux avec Jacuzzi - ⭐️5 étoiles⭐️,,,,,,,,,,,Sainte-Rose,,,,,,,https://www.airbnb.fr/rooms/30293543?search_mode=regular_search&adults=1&check_in=2025-03-03&check_out=2025-03-08&children=0&infants=0&pets=0&source_impression_id=p3_1739910042_P3tpmfg1t7WNwajJ&previous_page_section_name=1000,Gîte spacieux avec Jacuzzi - ⭐️5 étoiles⭐️,Airbnb
,,,,,,,,https://www.airbnb.fr/users/show/465426305,,,Guadeloupe,,,,"""Alamanda"" - Gites Casuarina (3*) - tout neuf",,,,,,,,,,,Sainte-Rose,,,,,,,https://www.airbnb.fr/rooms/725281516751226035?search_mode=regular_search&adults=1&check_in=2025-02-28&check_out=2025-03-05&children=0&infants=0&pets=0&source_impression_id=p3_1739910042_P34j8Jce0xEdj62c&previous_page_section_name=1000,"""Alamanda"" - Gites Casuarina (3*) - tout neuf",Airbnb
,,,,,,,,https://www.airbnb.fr/users/show/157972945,,,Guadeloupe,,,,studio de vos vacances,,,,,,,,,,,Sainte-Rose,,,,,,,https://www.airbnb.fr/rooms/21699840?search_mode=regular_search&adults=1&check_in=2025-03-02&check_out=2025-03-07&children=0&infants=0&pets=0&source_impression_id=p3_1739910042_P31VDdVHdnimPj5H&previous_page_section_name=1000,studio de vos vacances,Airbnb
,,,,,,,,https://www.airbnb.fr/users/show/391088235,,,Guadeloupe,,,,"Chambre, kitchenette et jardin privé",,,,,,,,,,,Sainte-Rose,,,,,,,https://www.airbnb.fr/rooms/1041186951099994581?search_mode=regular_search&adults=1&category_tag=Tag%3A8678&check_in=2025-02-19&check_out=2025-02-24&children=0&infants=0&pets=0&photo_id=1814154888&source_impression_id=p3_1739910042_P3ao2JYqQT7xMzuK&previous_page_section_name=1000,"Chambre, kitchenette et jardin privé",Airbnb
,,,,,,,,https://www.airbnb.fr/users/show/278769403,,,Guadeloupe,,,,African Queen’s Villa moderne et agréable,,,,,,,,,,,Sainte-Rose,,,,,,,https://www.airbnb.fr/rooms/1322821205611476824?search_mode=regular_search&adults=1&check_in=2025-02-24&check_out=2025-03-01&children=0&infants=0&pets=0&source_impression_id=p3_1739910042_P3pavoQrWYadb0_L&previous_page_section_name=1000,African Queen’s Villa moderne et agréable,Airbnb
,,,,,,,,https://www.airbnb.fr/users/show/35025403,,,Guadeloupe,,,,Gîte au coeur d'une maison créole,,,,,,,,,,,Sainte-Rose,,,,,,,https://www.airbnb.fr/rooms/9633618?search_mode=regular_search&adults=1&check_in=2025-03-02&check_out=2025-03-07&children=0&infants=0&pets=0&source_impression_id=p3_1739910045_P3KsuVRS2owPPvev&previous_page_section_name=1000,Gîte au coeur d'une maison créole,Airbnb
,,,,,,,,https://www.airbnb.fr/users/show/97992996,,,Guadeloupe,,,,Villa YlangŻang,,,,,,,,,,,Sainte-Rose,,,,,,,https://www.airbnb.fr/rooms/25452942?search_mode=regular_search&adults=1&check_in=2025-04-22&check_out=2025-04-29&children=0&infants=0&pets=0&source_impression_id=p3_1739910045_P3BpOZUGv5KnyZd8&previous_page_section_name=1000,Villa YlangŻang,Airbnb
,,,,,,,,https://www.airbnb.fr/users/show/451701988,,,Guadeloupe,,,,Home Container Resort : Studio « FEU » 2/4 pers.,,,,,,,,,,,Sainte-Rose,,,,,,,https://www.airbnb.fr/rooms/1030989241929543911?search_mode=regular_search&adults=1&check_in=2025-02-20&check_out=2025-02-25&children=0&infants=0&pets=0&source_impression_id=p3_1739910045_P3N7Wk8ApY_mtuC7&previous_page_section_name=1000,Home Container Resort : Studio « FEU » 2/4 pers.,Airbnb
,,,,,,,,https://www.airbnb.fr/users/show/94089168,,,Guadeloupe,,,,Séjour Unique à Bord : Confort et Charme sur l’Eau,,,,,,,,,,,Sainte-Rose,,,,,,,https://www.airbnb.fr/rooms/1325500577448482029?search_mode=regular_search&adults=1&check_in=2025-02-28&check_out=2025-03-05&children=0&infants=0&pets=0&source_impression_id=p3_1739910045_P3MEx51KDT-OOamE&previous_page_section_name=1000,Séjour Unique à Bord : Confort et Charme sur l’Eau,Airbnb
,,,,,,,,https://www.airbnb.fr/users/show/72371550,,,Guadeloupe,,,,Chambre indépendante avec terrasse vue sur mer,,,,,,,,,,,Sainte-Rose,,,,,,,https://www.airbnb.fr/rooms/1139910989050386299?search_mode=regular_search&adults=1&category_tag=Tag%3A8678&check_in=2025-04-06&check_out=2025-04-11&children=0&infants=0&pets=0&photo_id=1998548715&source_impression_id=p3_1739910046_P3BuKBmT8FkwIQG3&previous_page_section_name=1000,Chambre indépendante avec terrasse vue sur mer,Airbnb
,,,,,,,,https://www.airbnb.fr/users/show/302888826,,,Guadeloupe,,,,"Villa Bismarkia T3, Piscine, Lamentin",,,,,,,,,,,Sainte-Rose,,,,,,,https://www.airbnb.fr/rooms/1341967058101679767?search_mode=regular_search&adults=1&check_in=2025-03-01&check_out=2025-03-06&children=0&infants=0&pets=0&source_impression_id=p3_1739910045_P3hbaHPTQ0XrJGVk&previous_page_section_name=1000,"Villa Bismarkia T3, Piscine, Lamentin",Airbnb
,,,,,,,,https://www.airbnb.fr/users/show/573649702,,,Guadeloupe,,,,"Case créole, jardin et vue mer",,,,,,,,,,,Sainte-Rose,,,,,,,https://www.airbnb.fr/rooms/1140546291037034862?search_mode=regular_search&adults=1&check_in=2025-02-19&check_out=2025-02-24&children=0&infants=0&pets=0&source_impression_id=p3_1739910018_P3ilzuCvxuOwqKX-&previous_page_section_name=1000,"Case créole, jardin et vue mer",Airbnb
,,,,,,,,https://www.airbnb.fr/users/show/293229620,,,Guadeloupe,,,,Entre mers et montagnes bis,,,,,,,,,,,Sainte-Rose,,,,,,,https://www.airbnb.fr/rooms/50832087?search_mode=regular_search&adults=1&check_in=2025-02-27&check_out=2025-03-04&children=0&infants=0&pets=0&source_impression_id=p3_1739909999_P3hIsS7N78_xdKq2&previous_page_section_name=1000,Entre mers et montagnes bis,Airbnb
,,,,,,,,https://www.airbnb.fr/users/show/77854206,,,Guadeloupe,,,,Maisonnette de campagne: Sofaïa à 5 min,,,,,,,,,,,Sainte-Rose,,,,,,,https://www.airbnb.fr/rooms/1255646766445396060?search_mode=regular_search&adults=1&check_in=2025-02-20&check_out=2025-02-25&children=0&infants=0&pets=0&source_impression_id=p3_1739910000_P3HZs30m8GYtXWI1&previous_page_section_name=1000,Maisonnette de campagne: Sofaïa à 5 min,Airbnb
,,,,,,,,https://www.airbnb.fr/users/show/270099189,,,Guadeloupe,,,,Bungalow le fruit à pain,,,,,,,,,,,Sainte-Rose,,,,,,,https://www.airbnb.fr/rooms/1289334027549708961?search_mode=regular_search&adults=1&check_in=2025-02-20&check_out=2025-02-25&children=0&infants=0&pets=0&source_impression_id=p3_1739910000_P3tXlB3D5ODf0iki&previous_page_section_name=1000,Bungalow le fruit à pain,Airbnb
,,,,,,,,https://www.airbnb.fr/users/show/676039780,,,Guadeloupe,,,,Studio climatisé avec piscine,,,,,,,,,,,Sainte-Rose,,,,,,,https://www.airbnb.fr/rooms/1345619554530882128?search_mode=regular_search&adults=1&check_in=2025-02-19&check_out=2025-02-24&children=0&infants=0&pets=0&source_impression_id=p3_1739910000_P3vRBW8k81--HP3V&previous_page_section_name=1000,Studio climatisé avec piscine,Airbnb
,,,,,,,,https://www.airbnb.fr/users/show/676751590,,,Guadeloupe,,,,Bungalow bois nature et jacuzzi,,,,,,,,,,,Sainte-Rose,,,,,,,https://www.airbnb.fr/rooms/1348480664755204746?search_mode=regular_search&adults=1&check_in=2025-02-19&check_out=2025-02-24&children=0&infants=0&pets=0&source_impression_id=p3_1739910000_P3NinXKKcFZtDLej&previous_page_section_name=1000,Bungalow bois nature et jacuzzi,Airbnb
,,,,,,,,https://www.airbnb.fr/users/show/539982199,,,Guadeloupe,,,,Pura vida lodge cabane perchée,,,,,,,,,,,Sainte-Rose,,,,,,,https://www.airbnb.fr/rooms/993373678112130880?search_mode=regular_search&adults=1&check_in=2025-04-13&check_out=2025-04-18&children=0&infants=0&pets=0&source_impression_id=p3_1739910000_P3nIqopsx0u6P2Sb&previous_page_section_name=1000,Pura vida lodge cabane perchée,Airbnb
,,,,,,,,https://www.airbnb.fr/users/show/115045875,,,Guadeloupe,,,,Maison Canne à Sucre,,,,,,,,,,,Sainte-Rose,,,,,,,https://www.airbnb.fr/rooms/17121627?search_mode=regular_search&adults=1&check_in=2025-02-18&check_out=2025-02-23&children=0&infants=0&pets=0&source_impression_id=p3_1739910000_P38BGJyLgtmAxd9Y&previous_page_section_name=1000,Maison Canne à Sucre,Airbnb
,,,,,,,,https://www.airbnb.fr/users/show/565555383,,,Guadeloupe,,,,"Appart Type F3 ""Ti Citronnier la""",,,,,,,,,,,Sainte-Rose,,,,,,,https://www.airbnb.fr/rooms/1105877209009896366?search_mode=regular_search&adults=1&check_in=2025-02-20&check_out=2025-02-25&children=0&infants=0&pets=0&source_impression_id=p3_1739910000_P3RhRu7zwvrt18Sd&previous_page_section_name=1000,"Appart Type F3 ""Ti Citronnier la""",Airbnb
,,,,,,,,https://www.airbnb.fr/users/show/432425269,,,Guadeloupe,,,,Appart confortable Sainte-Rose,,,,,,,,,,,Sainte-Rose,,,,,,,https://www.airbnb.fr/rooms/564401846842713005?search_mode=regular_search&adults=1&check_in=2025-02-23&check_out=2025-02-28&children=0&infants=0&pets=0&source_impression_id=p3_1739910000_P3N4X_oUvcPSvHCK&previous_page_section_name=1000,Appart confortable Sainte-Rose,Airbnb
,,,,,,,,https://www.airbnb.fr/users/show/159085430,,,Guadeloupe,,,,La Mandarine,,,,,,,,,,,Sainte-Rose,,,,,,,https://www.airbnb.fr/rooms/592585557704599595?search_mode=regular_search&adults=1&check_in=2025-02-23&check_out=2025-02-28&children=0&infants=0&pets=0&source_impression_id=p3_1739910000_P3rlOmZhr42vU7N5&previous_page_section_name=1000,La Mandarine,Airbnb
,,,,,,,,https://www.airbnb.fr/users/show/560704896,,,Guadeloupe,,,,CosyLife Ste-Rose vue Sofaïa - Chambre 2,,,,,,,,,,,Sainte-Rose,,,,,,,https://www.airbnb.fr/rooms/1105609441297301489?search_mode=regular_search&adults=1&category_tag=Tag%3A8678&check_in=2025-02-18&check_out=2025-02-23&children=0&infants=0&pets=0&photo_id=1854382832&source_impression_id=p3_1739910000_P3ShpsClY1_ADTSv&previous_page_section_name=1000,CosyLife Ste-Rose vue Sofaïa - Chambre 2,Airbnb
,,,,,,,,https://www.airbnb.fr/users/show/573661106,,,Guadeloupe,,,,L'AlthéaBleu,,,,,,,,,,,Sainte-Rose,,,,,,,https://www.airbnb.fr/rooms/1321102985471472907?search_mode=regular_search&adults=1&check_in=2025-02-21&check_out=2025-02-26&children=0&infants=0&pets=0&source_impression_id=p3_1739910000_P3kFzY7aZH0Lqps1&previous_page_section_name=1000,L'AlthéaBleu,Airbnb
,,,,,,,,https://www.airbnb.fr/users/show/76387059,,,Guadeloupe,,,,"studio climatisé tout confort ""vert""",,,,,,,,,,,Sainte-Rose,,,,,,,https://www.airbnb.fr/rooms/1336852360294444781?search_mode=regular_search&adults=1&check_in=2025-02-19&check_out=2025-02-24&children=0&infants=0&pets=0&source_impression_id=p3_1739910000_P3XaUZ_AW9qgCp7B&previous_page_section_name=1000,"studio climatisé tout confort ""vert""",Airbnb
,,,,,,,,https://www.airbnb.fr/users/show/654347609,,,Guadeloupe,,,,bunga coco,,,,,,,,,,,Sainte-Rose,,,,,,,https://www.airbnb.fr/rooms/1255220999720785894?search_mode=regular_search&adults=1&check_in=2025-03-14&check_out=2025-03-19&children=0&infants=0&pets=0&source_impression_id=p3_1739910000_P3djFxD0QaVwndTf&previous_page_section_name=1000,bunga coco,Airbnb
,,,,,,,,https://www.airbnb.fr/users/show/439543971,,,Guadeloupe,,,,Gîte indépendant proche plage,,,,,,,,,,,Sainte-Rose,,,,,,,https://www.airbnb.fr/rooms/901583576477027215?search_mode=regular_search&adults=1&check_in=2025-05-06&check_out=2025-05-11&children=0&infants=0&pets=0&source_impression_id=p3_1739910000_P3hZPvjZqkooPFL8&previous_page_section_name=1000,Gîte indépendant proche plage,Airbnb
,,,,,,,,https://www.airbnb.fr/users/show/201079729,,,Guadeloupe,,,,Happy Hippies House : Dortoir Purple 4 Lits,,,,,,,,,,,Sainte-Rose,,,,,,,https://www.airbnb.fr/rooms/30004615?search_mode=regular_search&adults=1&check_in=2025-02-24&check_out=2025-03-01&children=0&infants=0&pets=0&source_impression_id=p3_1739910000_P3dkXw4nIcgr1LSu&previous_page_section_name=1000,Happy Hippies House : Dortoir Purple 4 Lits,Airbnb
,,,,,,,,https://www.airbnb.fr/users/show/13922754,,,Guadeloupe,,,,"Villa Songe Caribéen,  proche plages et nature",,,,,,,,,,,Sainte-Rose,,,,,,,https://www.airbnb.fr/rooms/1234793350602165922?search_mode=regular_search&adults=1&check_in=2025-02-22&check_out=2025-02-27&children=0&infants=0&pets=0&source_impression_id=p3_1739910000_P3xADmzYyhFCC1oG&previous_page_section_name=1000,"Villa Songe Caribéen,  proche plages et nature",Airbnb
,,,,,,,,https://www.airbnb.fr/users/show/61699333,,,Guadeloupe,,,,Bungalow le Ti'Sucrier,,,,,,,,,,,Sainte-Rose,,,,,,,https://www.airbnb.fr/rooms/1326811086062716568?search_mode=regular_search&adults=1&check_in=2025-02-19&check_out=2025-02-24&children=0&infants=0&pets=0&source_impression_id=p3_1739910000_P3ZN88OldfxzrTaR&previous_page_section_name=1000,Bungalow le Ti'Sucrier,Airbnb
,,,,,,,,https://www.airbnb.fr/users/show/569373656,,,Guadeloupe,,,,Bungalow chez Séve et Savi,,,,,,,,,,,Sainte-Rose,,,,,,,https://www.airbnb.fr/rooms/1169646958358204321?search_mode=regular_search&adults=1&check_in=2025-02-26&check_out=2025-03-03&children=0&infants=0&pets=0&source_impression_id=p3_1739910014_P3J6T_-nzxh2krro&previous_page_section_name=1000,Bungalow chez Séve et Savi,Airbnb
,,,,,,,,https://www.airbnb.fr/users/show/265196030,,,Guadeloupe,,,,Le lieu de repos...,,,,,,,,,,,Sainte-Rose,,,,,,,https://www.airbnb.fr/rooms/35221756?search_mode=regular_search&adults=1&check_in=2025-03-07&check_out=2025-03-12&children=0&infants=0&pets=0&source_impression_id=p3_1739910014_P3KleulkuRkZP8Bb&previous_page_section_name=1000,Le lieu de repos...,Airbnb
,,,,,,,,https://www.airbnb.fr/users/show/495860423,,,Guadeloupe,,,,Appartement Belfort Sainte-Rose,,,,,,,,,,,Sainte-Rose,,,,,,,https://www.airbnb.fr/rooms/1113222949665559393?search_mode=regular_search&adults=1&check_in=2025-02-28&check_out=2025-03-05&children=0&infants=0&pets=0&source_impression_id=p3_1739910014_P38RT6yUXvrEwgg2&previous_page_section_name=1000,Appartement Belfort Sainte-Rose,Airbnb
,,,,,,,,https://www.airbnb.fr/users/show/559612087,,,Guadeloupe,,,,l'appartement d'en haut,,,,,,,,,,,Sainte-Rose,,,,,,,https://www.airbnb.fr/rooms/1081193783176192714?search_mode=regular_search&adults=1&check_in=2025-02-19&check_out=2025-02-24&children=0&infants=0&pets=0&source_impression_id=p3_1739910014_P343UT9eqSI94HI4&previous_page_section_name=1000,l'appartement d'en haut,Airbnb
,,,,,,,,https://www.airbnb.fr/users/show/267201569,,,Guadeloupe,,,,"Bungalow proche Deshaies (spa, wifi, netflix)",,,,,,,,,,,Sainte-Rose,,,,,,,https://www.airbnb.fr/rooms/1337533165866871021?search_mode=regular_search&adults=1&check_in=2025-02-18&check_out=2025-02-23&children=0&infants=0&pets=0&source_impression_id=p3_1739910015_P3DYpSyv4HiELIMG&previous_page_section_name=1000,"Bungalow proche Deshaies (spa, wifi, netflix)",Airbnb
,,,,,,,,https://www.airbnb.fr/users/show/289994917,,,Guadeloupe,,,,« An lè sport is 2 » (Sur la colline 2),,,,,,,,,,,Sainte-Rose,,,,,,,https://www.airbnb.fr/rooms/38792967?search_mode=regular_search&adults=1&check_in=2025-02-19&check_out=2025-02-24&children=0&infants=0&pets=0&source_impression_id=p3_1739910015_P3GBa5vu_TyQVJmw&previous_page_section_name=1000,« An lè sport is 2 » (Sur la colline 2),Airbnb
,,,,,,,,https://www.airbnb.fr/users/show/655283153,,,Guadeloupe,,,,Magnifique bungalow tout équipé,,,,,,,,,,,Sainte-Rose,,,,,,,https://www.airbnb.fr/rooms/1259366085611003272?search_mode=regular_search&adults=1&check_in=2025-02-18&check_out=2025-02-23&children=0&infants=0&pets=0&source_impression_id=p3_1739910015_P3DoJn9pbanQxTUR&previous_page_section_name=1000,Magnifique bungalow tout équipé,Airbnb
,,,,,,,,https://www.airbnb.fr/users/show/667975282,,,Guadeloupe,,,,Gîte Émeraude 6 pers. Piscine,,,,,,,,,,,Sainte-Rose,,,,,,,https://www.airbnb.fr/rooms/1316141292526817415?search_mode=regular_search&adults=1&check_in=2025-03-06&check_out=2025-03-11&children=0&infants=0&pets=0&source_impression_id=p3_1739910015_P3tqGhHOk3ZcePrt&previous_page_section_name=1000,Gîte Émeraude 6 pers. Piscine,Airbnb
,,,,,,,,https://www.airbnb.fr/users/show/432114611,,,Guadeloupe,,,,Maison à Sainte-Rose,,,,,,,,,,,Sainte-Rose,,,,,,,https://www.airbnb.fr/rooms/1355050830516505464?search_mode=regular_search&adults=1&check_in=2025-03-31&check_out=2025-04-05&children=0&infants=0&pets=0&source_impression_id=p3_1739910015_P3jcY0Sjyixk0Ix7&previous_page_section_name=1000,Maison à Sainte-Rose,Airbnb
,,,,,,,,https://www.airbnb.fr/users/show/396615675,,,Guadeloupe,,,,Ditho Bungalow,,,,,,,,,,,Sainte-Rose,,,,,,,https://www.airbnb.fr/rooms/1316673180556031273?search_mode=regular_search&adults=1&check_in=2025-02-19&check_out=2025-02-24&children=0&infants=0&pets=0&source_impression_id=p3_1739910015_P37UjgBDeJwUa3rq&previous_page_section_name=1000,Ditho Bungalow,Airbnb
,,,,,,,,https://www.airbnb.fr/users/show/76387059,,,Guadeloupe,,,,"studio climatisé tout confort ""bleu""",,,,,,,,,,,Sainte-Rose,,,,,,,https://www.airbnb.fr/rooms/1336874375978066824?search_mode=regular_search&adults=1&check_in=2025-02-22&check_out=2025-02-27&children=0&infants=0&pets=0&source_impression_id=p3_1739910015_P30Gcrh3qppTC144&previous_page_section_name=1000,"studio climatisé tout confort ""bleu""",Airbnb
,,,,,,,,https://www.airbnb.fr/users/show/471538683,,,Guadeloupe,,,,Les Gîtes du Cocon - Gîte Rose de Porcelaine,,,,,,,,,,,Sainte-Rose,,,,,,,https://www.airbnb.fr/rooms/679094708995140545?search_mode=regular_search&adults=1&check_in=2025-02-18&check_out=2025-02-23&children=0&infants=0&pets=0&source_impression_id=p3_1739910015_P3M7jJOgOG7EKVb5&previous_page_section_name=1000,Les Gîtes du Cocon - Gîte Rose de Porcelaine,Airbnb
,,,,,,,,https://www.airbnb.fr/users/show/136827583,,,Guadeloupe,,,,Bienvenue chez VERONIQUE ET MAXIME,,,,,,,,,,,Sainte-Rose,,,,,,,https://www.airbnb.fr/rooms/34626197?search_mode=regular_search&adults=1&check_in=2025-03-31&check_out=2025-04-05&children=0&infants=0&pets=0&source_impression_id=p3_1739910015_P3wszTvNe2UONN1k&previous_page_section_name=1000,Bienvenue chez VERONIQUE ET MAXIME,Airbnb
,,,,,,,,https://www.airbnb.fr/users/show/66136086,,,Guadeloupe,,,,"A deux pas de la plage, chambre confortable + SDB",,,,,,,,,,,Sainte-Rose,,,,,,,https://www.airbnb.fr/rooms/13380205?search_mode=regular_search&adults=1&category_tag=Tag%3A8678&check_in=2025-02-21&check_out=2025-02-26&children=0&infants=0&pets=0&photo_id=1175661101&source_impression_id=p3_1739910015_P343errNNxfTbdgq&previous_page_section_name=1000,"A deux pas de la plage, chambre confortable + SDB",Airbnb
,,,,,,,,https://www.airbnb.fr/users/show/123007724,,,Guadeloupe,,,,La Kaz d'Évania à Ste Rose,,,,,,,,,,,Sainte-Rose,,,,,,,https://www.airbnb.fr/rooms/44665537?search_mode=regular_search&adults=1&check_in=2025-02-28&check_out=2025-03-05&children=0&infants=0&pets=0&source_impression_id=p3_1739910015_P3aiM5fVVy81tuAq&previous_page_section_name=1000,La Kaz d'Évania à Ste Rose,Airbnb
,,,,,,,,https://www.airbnb.fr/users/show/15331694,,,Guadeloupe,,,,"Gîte Kaz à Topaze, piscine,  jardin tropical",,,,,,,,,,,Sainte-Rose,,,,,,,https://www.airbnb.fr/rooms/720287643502853015?search_mode=regular_search&adults=1&check_in=2025-02-18&check_out=2025-02-23&children=0&infants=0&pets=0&source_impression_id=p3_1739910015_P3WOYx6iZliptomc&previous_page_section_name=1000,"Gîte Kaz à Topaze, piscine,  jardin tropical",Airbnb
,,,,,,,,https://www.airbnb.fr/users/show/859455,,,Guadeloupe,,,,La Source Ecolodge,,,,,,,,,,,Sainte-Rose,,,,,,,https://www.airbnb.fr/rooms/1061608994364514486?search_mode=regular_search&adults=1&check_in=2025-04-07&check_out=2025-04-12&children=0&infants=0&pets=0&source_impression_id=p3_1739910015_P3Ls4YjdGgH4R0_W&previous_page_section_name=1000,La Source Ecolodge,Airbnb
,,,,,,,,https://www.airbnb.fr/users/show/469499315,,,Guadeloupe,,,,Maison Kaymit,,,,,,,,,,,Sainte-Rose,,,,,,,https://www.airbnb.fr/rooms/671034959562161513?search_mode=regular_search&adults=1&check_in=2025-03-23&check_out=2025-03-28&children=0&infants=0&pets=0&source_impression_id=p3_1739910015_P3fk_4NgZwlJ_539&previous_page_section_name=1000,Maison Kaymit,Airbnb
,,,,,,,,https://www.airbnb.fr/users/show/580237395,,,Guadeloupe,,,,Studio L'Abricot,,,,,,,,,,,Sainte-Rose,,,,,,,https://www.airbnb.fr/rooms/1169001754859277049?search_mode=regular_search&adults=1&check_in=2025-02-20&check_out=2025-02-25&children=0&infants=0&pets=0&source_impression_id=p3_1739910018_P3QGcc3mwawbDLxI&previous_page_section_name=1000,Studio L'Abricot,Airbnb
,,,,,,,,https://www.airbnb.fr/users/show/110281542,,,Guadeloupe,,,,Les Hauts du Papillon - Piscine et vue mer -,,,,,,,,,,,Sainte-Rose,,,,,,,https://www.airbnb.fr/rooms/946838660271709140?search_mode=regular_search&adults=1&check_in=2025-05-10&check_out=2025-05-15&children=0&infants=0&pets=0&source_impression_id=p3_1739910018_P37AWSrtAcw2Mdsu&previous_page_section_name=1000,Les Hauts du Papillon - Piscine et vue mer -,Airbnb
,,,,,,,,https://www.airbnb.fr/users/show/1897464,,,Guadeloupe,,,,"Piscine, spa et rivière privée",,,,,,,,,,,Sainte-Rose,,,,,,,https://www.airbnb.fr/rooms/1352775803448666101?search_mode=regular_search&adults=1&check_in=2025-02-24&check_out=2025-03-01&children=0&infants=0&pets=0&source_impression_id=p3_1739910018_P3pcjJ73YLlig6eL&previous_page_section_name=1000,"Piscine, spa et rivière privée",Airbnb
,,,,,,,,https://www.airbnb.fr/users/show/45503910,,,Guadeloupe,,,,"Villa Dali, 50 m plage, entre Déshaie et St Rose",,,,,,,,,,,Sainte-Rose,,,,,,,https://www.airbnb.fr/rooms/850489641857700607?search_mode=regular_search&adults=1&check_in=2025-03-26&check_out=2025-03-31&children=0&infants=0&pets=0&source_impression_id=p3_1739910018_P3dnU1E0Qqnamoyd&previous_page_section_name=1000,"Villa Dali, 50 m plage, entre Déshaie et St Rose",Airbnb
,,,,,,,,https://www.airbnb.fr/users/show/502184183,,,Guadeloupe,,,,Grand Studio indépendant,,,,,,,,,,,Sainte-Rose,,,,,,,https://www.airbnb.fr/rooms/831978169727477221?search_mode=regular_search&adults=1&check_in=2025-03-01&check_out=2025-03-06&children=0&infants=0&pets=0&source_impression_id=p3_1739910018_P3lGojkZru6BCVnP&previous_page_section_name=1000,Grand Studio indépendant,Airbnb
,,,,,,,,https://www.airbnb.fr/users/show/543473362,,,Guadeloupe,,,,"Gîte Izarna, logement Kanalpinia",,,,,,,,,,,Sainte-Rose,,,,,,,https://www.airbnb.fr/rooms/1010297437289568989?search_mode=regular_search&adults=1&check_in=2025-02-18&check_out=2025-02-23&children=0&infants=0&pets=0&source_impression_id=p3_1739910018_P3G8Sylg6p5LNy-b&previous_page_section_name=1000,"Gîte Izarna, logement Kanalpinia",Airbnb
,,,,,,,,https://www.airbnb.fr/users/show/551420896,,,Guadeloupe,,,,Ti' Kélonia 2 - Maisons atypiques,,,,,,,,,,,Sainte-Rose,,,,,,,https://www.airbnb.fr/rooms/1048693213430925606?search_mode=regular_search&adults=1&check_in=2025-03-20&check_out=2025-03-25&children=0&infants=0&pets=0&source_impression_id=p3_1739910018_P3CnH6r-vaSZOwvK&previous_page_section_name=1000,Ti' Kélonia 2 - Maisons atypiques,Airbnb
,,,,,,,,https://www.airbnb.fr/users/show/22046908,,,Guadeloupe,,,,Au son des grenouilles Mer et Campagne,,,,,,,,,,,Sainte-Rose,,,,,,,https://www.airbnb.fr/rooms/1192920514646383148?search_mode=regular_search&adults=1&check_in=2025-03-25&check_out=2025-03-30&children=0&infants=0&pets=0&source_impression_id=p3_1739910018_P3yoQgGIywcXtT1Y&previous_page_section_name=1000,Au son des grenouilles Mer et Campagne,Airbnb
,,,,,,,,https://www.airbnb.fr/users/show/522893396,,,Guadeloupe,,,,bungalow studio 4 personnes,,,,,,,,,,,Sainte-Rose,,,,,,,https://www.airbnb.fr/rooms/925228003385422363?search_mode=regular_search&adults=1&check_in=2025-03-26&check_out=2025-03-31&children=0&infants=0&pets=0&source_impression_id=p3_1739910018_P3uk6NBfpF9p_BJx&previous_page_section_name=1000,bungalow studio 4 personnes,Airbnb
,,,,,,,,https://www.airbnb.fr/users/show/387189082,,,Guadeloupe,,,,Bungalow avec piscine et vue mer exceptionnelle,,,,,,,,,,,Sainte-Rose,,,,,,,https://www.airbnb.fr/rooms/50970638?search_mode=regular_search&adults=1&check_in=2025-05-28&check_out=2025-06-04&children=0&infants=0&pets=0&source_impression_id=p3_1739910018_P3SYfpBuHuhIPozg&previous_page_section_name=1000,Bungalow avec piscine et vue mer exceptionnelle,Airbnb
,,,,,,,,https://www.airbnb.fr/users/show/171025802,,,Guadeloupe,,,,Bas de villa tout confort,,,,,,,,,,,Sainte-Rose,,,,,,,https://www.airbnb.fr/rooms/715425138230333485?search_mode=regular_search&adults=1&check_in=2025-03-29&check_out=2025-04-03&children=0&infants=0&pets=0&source_impression_id=p3_1739910018_P3TW6KJbltaE8H-X&previous_page_section_name=1000,Bas de villa tout confort,Airbnb
,,,,,,,,https://www.airbnb.fr/users/show/296932326,,,Guadeloupe,,,,Tiny house 1 chambre Cuisine terrasse salle d'eau,,,,,,,,,,,Sainte-Rose,,,,,,,https://www.airbnb.fr/rooms/965758041871143974?search_mode=regular_search&adults=1&check_in=2025-02-20&check_out=2025-02-25&children=0&infants=0&pets=0&source_impression_id=p3_1739910018_P3eU-YLnu8bNCiiD&previous_page_section_name=1000,Tiny house 1 chambre Cuisine terrasse salle d'eau,Airbnb
,,,,,,,,https://www.airbnb.fr/users/show/509291081,,,Guadeloupe,,,,"Éden Cottage, charmant bungalow",,,,,,,,,,,Sainte-Rose,,,,,,,https://www.airbnb.fr/rooms/1287183111325130120?search_mode=regular_search&adults=1&check_in=2025-02-19&check_out=2025-02-24&children=0&infants=0&pets=0&source_impression_id=p3_1739910018_P3BPt-HIvtyvY8rw&previous_page_section_name=1000,"Éden Cottage, charmant bungalow",Airbnb
,,,,,,,,https://www.airbnb.fr/users/show/565555383,,,Guadeloupe,,,,Appart type F3 « Mahogany »,,,,,,,,,,,Sainte-Rose,,,,,,,https://www.airbnb.fr/rooms/1308175509269872285?search_mode=regular_search&adults=1&check_in=2025-02-18&check_out=2025-02-23&children=0&infants=0&pets=0&source_impression_id=p3_1739910018_P3OQPByxiwRULg2G&previous_page_section_name=1000,Appart type F3 « Mahogany »,Airbnb
,,,,,,,,https://www.airbnb.fr/users/show/243958207,,,Guadeloupe,,,,Résidence L'Ecrin de Bachelier,,,,,,,,,,,Sainte-Rose,,,,,,,https://www.airbnb.fr/rooms/43563869?search_mode=regular_search&adults=1&check_in=2025-03-02&check_out=2025-03-07&children=0&infants=0&pets=0&source_impression_id=p3_1739910018_P3-A8V3iFxZGMvEg&previous_page_section_name=1000,Résidence L'Ecrin de Bachelier,Airbnb
,,,,,,,,https://www.airbnb.fr/users/show/514577321,,,Guadeloupe,,,,Villa Vato,,,,,,,,,,,Sainte-Rose,,,,,,,https://www.airbnb.fr/rooms/1339177794830969074?search_mode=regular_search&adults=1&check_in=2025-02-21&check_out=2025-02-26&children=0&infants=0&pets=0&source_impression_id=p3_1739910018_P3__rRYfZKJalSvC&previous_page_section_name=1000,Villa Vato,Airbnb
,,,,,,,,https://www.airbnb.fr/users/show/72070774,,,Guadeloupe,,,,"Gite Bella, atypique, vue mer",,,,,,,,,,,Sainte-Rose,,,,,,,https://www.airbnb.fr/rooms/1049141829291215620?search_mode=regular_search&adults=1&check_in=2025-03-03&check_out=2025-03-08&children=0&infants=0&pets=0&source_impression_id=p3_1739910018_P35BeESjT1rNRb3W&previous_page_section_name=1000,"Gite Bella, atypique, vue mer",Airbnb
,,,,,,,,https://www.airbnb.fr/users/show/129161358,,,Guadeloupe,,,,"Villa bord de mer avec piscine, chambre privée",,,,,,,,,,,Sainte-Rose,,,,,,,https://www.airbnb.fr/rooms/578928958485836658?search_mode=regular_search&adults=1&category_tag=Tag%3A8678&check_in=2025-03-11&check_out=2025-03-16&children=0&infants=0&pets=0&photo_id=1357023810&source_impression_id=p3_1739910036_P3HchOS6Ualzj6zL&previous_page_section_name=1000,"Villa bord de mer avec piscine, chambre privée",Airbnb
,,,,,,,,https://www.airbnb.fr/users/show/201079729,,,Guadeloupe,,,,HAPPY HIPPIES HOUSE - chambre privée,,,,,,,,,,,Sainte-Rose,,,,,,,https://www.airbnb.fr/rooms/28907196?search_mode=regular_search&adults=1&category_tag=Tag%3A8678&check_in=2025-02-28&check_out=2025-03-05&children=0&infants=0&pets=0&photo_id=1368275364&source_impression_id=p3_1739910032_P3VaAroP9kXLafeJ&previous_page_section_name=1000,HAPPY HIPPIES HOUSE - chambre privée,Airbnb
,,,,,,,,https://www.airbnb.fr/users/show/71605153,,,Guadeloupe,,,,Beau studio à la campagne,,,,,,,,,,,Sainte-Rose,,,,,,,https://www.airbnb.fr/rooms/20702143?search_mode=regular_search&adults=1&check_in=2025-02-19&check_out=2025-02-24&children=0&infants=0&pets=0&source_impression_id=p3_1739910032_P3_L8MEpsX0FJ2as&previous_page_section_name=1000,Beau studio à la campagne,Airbnb
,,,,,,,,https://www.airbnb.fr/users/show/108255530,,,Guadeloupe,,,,"DineColibri ""Coco"" charmant petit bungalow créole",,,,,,,,,,,Sainte-Rose,,,,,,,https://www.airbnb.fr/rooms/16486897?search_mode=regular_search&adults=1&check_in=2025-02-26&check_out=2025-03-03&children=0&infants=0&pets=0&source_impression_id=p3_1739910032_P3sYoS-8EGtB81U3&previous_page_section_name=1000,"DineColibri ""Coco"" charmant petit bungalow créole",Airbnb
,,,,,,,,https://www.airbnb.fr/users/show/451701988,,,Guadeloupe,,,,Home Container Resort : Studio « TERRE » 2 pers.,,,,,,,,,,,Sainte-Rose,,,,,,,https://www.airbnb.fr/rooms/666595404758867093?search_mode=regular_search&adults=1&check_in=2025-02-18&check_out=2025-02-23&children=0&infants=0&pets=0&source_impression_id=p3_1739910032_P3Fw3L24uZ2fNite&previous_page_section_name=1000,Home Container Resort : Studio « TERRE » 2 pers.,Airbnb
,,,,,,,,https://www.airbnb.fr/users/show/164298627,,,Guadeloupe,,,,"Gîte relax & Jacuzzi
 *La Libellule Caribéenne*",,,,,,,,,,,Sainte-Rose,,,,,,,https://www.airbnb.fr/rooms/1200825694621977526?search_mode=regular_search&adults=1&check_in=2025-03-07&check_out=2025-03-12&children=0&infants=0&pets=0&source_impression_id=p3_1739910032_P3lOm-7TaFg77cFL&previous_page_section_name=1000,"Gîte relax & Jacuzzi
 *La Libellule Caribéenne*",Airbnb
,,,,,,,,https://www.airbnb.fr/users/show/47767978,,,Guadeloupe,,,,La maison des cocotiers,,,,,,,,,,,Sainte-Rose,,,,,,,https://www.airbnb.fr/rooms/40027444?search_mode=regular_search&adults=1&check_in=2025-02-21&check_out=2025-02-26&children=0&infants=0&pets=0&source_impression_id=p3_1739910032_P3y7DrHv7iH57Fl8&previous_page_section_name=1000,La maison des cocotiers,Airbnb
,,,,,,,,https://www.airbnb.fr/users/show/95615147,,,Guadeloupe,,,,Chambre d’hôte avec vue sur mer,,,,,,,,,,,Sainte-Rose,,,,,,,https://www.airbnb.fr/rooms/1285069541849789344?search_mode=regular_search&adults=1&category_tag=Tag%3A8678&check_in=2025-02-18&check_out=2025-02-23&children=0&infants=0&pets=0&photo_id=2026058567&source_impression_id=p3_1739910032_P3rh2w6lY62Pb1rb&previous_page_section_name=1000,Chambre d’hôte avec vue sur mer,Airbnb
,,,,,,,,https://www.airbnb.fr/users/show/316314337,,,Guadeloupe,,,,Bungalow Acomat,,,,,,,,,,,Sainte-Rose,,,,,,,https://www.airbnb.fr/rooms/1029056516334192441?search_mode=regular_search&adults=1&check_in=2025-02-18&check_out=2025-02-23&children=0&infants=0&pets=0&source_impression_id=p3_1739910032_P3-wFJ4-5OMDuVV9&previous_page_section_name=1000,Bungalow Acomat,Airbnb
,,,,,,,,https://www.airbnb.fr/users/show/56103607,,,Guadeloupe,,,,Belle Villa Créole avec piscine,,,,,,,,,,,Sainte-Rose,,,,,,,https://www.airbnb.fr/rooms/18180546?search_mode=regular_search&adults=1&check_in=2025-02-19&check_out=2025-02-25&children=0&infants=0&pets=0&source_impression_id=p3_1739910032_P3VHFrKoElzbEVTf&previous_page_section_name=1000,Belle Villa Créole avec piscine,Airbnb
,,,,,,,,https://www.airbnb.fr/users/show/135746810,,,Guadeloupe,,,,Charmant studio pour couple  avec piscine,,,,,,,,,,,Sainte-Rose,,,,,,,https://www.airbnb.fr/rooms/35029945?search_mode=regular_search&adults=1&check_in=2025-02-22&check_out=2025-02-27&children=0&infants=0&pets=0&source_impression_id=p3_1739910032_P3eMisFBbSt_0CGI&previous_page_section_name=1000,Charmant studio pour couple  avec piscine,Airbnb
,,,,,,,,https://www.airbnb.fr/users/show/293229620,,,Guadeloupe,,,,Entre mers et montagnes,,,,,,,,,,,Sainte-Rose,,,,,,,https://www.airbnb.fr/rooms/38460649?search_mode=regular_search&adults=1&check_in=2025-02-23&check_out=2025-02-28&children=0&infants=0&pets=0&source_impression_id=p3_1739910032_P3O90WTRqlh6A42b&previous_page_section_name=1000,Entre mers et montagnes,Airbnb
,,,,,,,,https://www.airbnb.fr/users/show/247774467,,,Guadeloupe,,,,"""Cosy"" magnifique cottage en bois exotique",,,,,,,,,,,Sainte-Rose,,,,,,,https://www.airbnb.fr/rooms/32931173?search_mode=regular_search&adults=1&check_in=2025-04-26&check_out=2025-05-03&children=0&infants=0&pets=0&source_impression_id=p3_1739910032_P3DXLjuWqAaNHSIi&previous_page_section_name=1000,"""Cosy"" magnifique cottage en bois exotique",Airbnb
,,,,,,,,https://www.airbnb.fr/users/show/475815059,,,Guadeloupe,,,,Habitation Loumavi,,,,,,,,,,,Sainte-Rose,,,,,,,https://www.airbnb.fr/rooms/697131081485670471?search_mode=regular_search&adults=1&check_in=2025-04-25&check_out=2025-04-30&children=0&infants=0&pets=0&source_impression_id=p3_1739910032_P3Jyy_kcgQgh63Sy&previous_page_section_name=1000,Habitation Loumavi,Airbnb
,,,,,,,,https://www.airbnb.fr/users/show/154737289,,,Guadeloupe,,,,"Studio Anoli, pour couple, Deshaies/Ste Rose.",,,,,,,,,,,Sainte-Rose,,,,,,,https://www.airbnb.fr/rooms/23902862?search_mode=regular_search&adults=1&check_in=2025-04-17&check_out=2025-04-22&children=0&infants=0&pets=0&source_impression_id=p3_1739910032_P3IOdqfuvxQWcM5q&previous_page_section_name=1000,"Studio Anoli, pour couple, Deshaies/Ste Rose.",Airbnb
,,,,,,,,https://www.airbnb.fr/users/show/504629381,,,Guadeloupe,,,,Paradis Lara,,,,,,,,,,,Sainte-Rose,,,,,,,https://www.airbnb.fr/rooms/843496444084201045?search_mode=regular_search&adults=1&check_in=2025-02-19&check_out=2025-02-24&children=0&infants=0&pets=0&source_impression_id=p3_1739910032_P33FB3ykD30tzF9Q&previous_page_section_name=1000,Paradis Lara,Airbnb
,,,,,,,,https://www.airbnb.fr/users/show/304738279,,,Guadeloupe,,,,Calme Villa,,,,,,,,,,,Sainte-Rose,,,,,,,https://www.airbnb.fr/rooms/39663853?search_mode=regular_search&adults=1&check_in=2025-04-17&check_out=2025-04-24&children=0&infants=0&pets=0&source_impression_id=p3_1739910032_P3zQuJXIjfjT05vu&previous_page_section_name=1000,Calme Villa,Airbnb
,,,,,,,,https://www.airbnb.fr/users/show/465426305,,,Guadeloupe,,,,"""Cattleya"" - Gites Casuarina (3*) - tout neuf",,,,,,,,,,,Sainte-Rose,,,,,,,https://www.airbnb.fr/rooms/711722075321139503?search_mode=regular_search&adults=1&check_in=2025-02-27&check_out=2025-03-04&children=0&infants=0&pets=0&source_impression_id=p3_1739910032_P3KSnhBV7H7KgSsG&previous_page_section_name=1000,"""Cattleya"" - Gites Casuarina (3*) - tout neuf",Airbnb
,,,,,,,,https://www.airbnb.fr/users/show/43730776,,,Guadeloupe,,,,gite entre Sainte Rose et Deshaies,,,,,,,,,,,Sainte-Rose,,,,,,,https://www.airbnb.fr/rooms/8293969?search_mode=regular_search&adults=1&check_in=2025-04-14&check_out=2025-04-19&children=0&infants=0&pets=0&source_impression_id=p3_1739910032_P3YYqc2dFEnd5omx&previous_page_section_name=1000,gite entre Sainte Rose et Deshaies,Airbnb
,,,,,,,,https://www.airbnb.fr/users/show/451701988,,,Guadeloupe,,,,Home Container Resort : Studio « EAU » 2 pers.,,,,,,,,,,,Sainte-Rose,,,,,,,https://www.airbnb.fr/rooms/1044194662505683153?search_mode=regular_search&adults=1&check_in=2025-02-18&check_out=2025-02-23&children=0&infants=0&pets=0&source_impression_id=p3_1739910035_P3-XdFZ6EjH7gEC6&previous_page_section_name=1000,Home Container Resort : Studio « EAU » 2 pers.,Airbnb
,,,,,,,,https://www.airbnb.fr/users/show/533983196,,,Guadeloupe,,,,Tuwana,,,,,,,,,,,Sainte-Rose,,,,,,,https://www.airbnb.fr/rooms/966575513072261839?search_mode=regular_search&adults=1&check_in=2025-04-26&check_out=2025-05-01&children=0&infants=0&pets=0&source_impression_id=p3_1739910035_P3Tq8dQKEugrWMXf&previous_page_section_name=1000,Tuwana,Airbnb
,,,,,,,,https://www.airbnb.fr/users/show/471538683,,,Guadeloupe,,,,Les Gîtes du Cocon - Gite Citronnelle,,,,,,,,,,,Sainte-Rose,,,,,,,https://www.airbnb.fr/rooms/736043816947001138?search_mode=regular_search&adults=1&check_in=2025-02-18&check_out=2025-02-23&children=0&infants=0&pets=0&source_impression_id=p3_1739910035_P3qiLCp5mmK06cgK&previous_page_section_name=1000,Les Gîtes du Cocon - Gite Citronnelle,Airbnb
,,,,,,,,https://www.airbnb.fr/users/show/101328017,,,Guadeloupe,,,,"L'Aurielle, Tout le confort à 500 m de la plage",,,,,,,,,,,Sainte-Rose,,,,,,,https://www.airbnb.fr/rooms/711392783055872434?search_mode=regular_search&adults=1&check_in=2025-04-01&check_out=2025-04-06&children=0&infants=0&pets=0&source_impression_id=p3_1739910036_P3v-dDbRyDMzIAMp&previous_page_section_name=1000,"L'Aurielle, Tout le confort à 500 m de la plage",Airbnb
,,,,,,,,https://www.airbnb.fr/users/show/90588207,,,Guadeloupe,,,,Villa Blessing  Vue mer  Wifi  300 m plage,,,,,,,,,,,Sainte-Rose,,,,,,,https://www.airbnb.fr/rooms/40304297?search_mode=regular_search&adults=1&check_in=2025-04-03&check_out=2025-04-08&children=0&infants=0&pets=0&source_impression_id=p3_1739910036_P3gIvv-4Vcn-G8Bw&previous_page_section_name=1000,Villa Blessing  Vue mer  Wifi  300 m plage,Airbnb
,,,,,,,,https://www.airbnb.fr/users/show/14030955,,,Guadeloupe,,,,Studio,,,,,,,,,,,Sainte-Rose,,,,,,,https://www.airbnb.fr/rooms/989372406959357129?search_mode=regular_search&adults=1&check_in=2025-02-19&check_out=2025-02-24&children=0&infants=0&pets=0&source_impression_id=p3_1739910036_P3EhqqJIrvWtl5X9&previous_page_section_name=1000,Studio,Airbnb
,,,,,,,,https://www.airbnb.fr/users/show/84986395,,,Guadeloupe,,,,Au jardin d’Éole - bungalow bois avec piscine,,,,,,,,,,,Sainte-Rose,,,,,,,https://www.airbnb.fr/rooms/718135120138868764?search_mode=regular_search&adults=1&check_in=2025-04-30&check_out=2025-05-05&children=0&infants=0&pets=0&source_impression_id=p3_1739910036_P3DL0WEQG-ZgChEy&previous_page_section_name=1000,Au jardin d’Éole - bungalow bois avec piscine,Airbnb
,,,,,,,,https://www.airbnb.fr/users/show/412965073,,,Guadeloupe,,,,Très joli T2 à Petit-Bourg,,,,,,,,,,,Sainte-Rose,,,,,,,https://www.airbnb.fr/rooms/1167446029205778437?search_mode=regular_search&adults=1&check_in=2025-02-18&check_out=2025-02-23&children=0&infants=0&pets=0&source_impression_id=p3_1739910036_P3Tamh_OF1Mo1En0&previous_page_section_name=1000,Très joli T2 à Petit-Bourg,Airbnb
,,,,,,,,https://www.airbnb.fr/users/show/515985845,,,Guadeloupe,,,,Gîte privé,,,,,,,,,,,Sainte-Rose,,,,,,,https://www.airbnb.fr/rooms/1287143578637079878?search_mode=regular_search&adults=1&check_in=2025-02-28&check_out=2025-03-05&children=0&infants=0&pets=0&source_impression_id=p3_1739910025_P3r2Pyf1XnOnbit_&previous_page_section_name=1000,Gîte privé,Airbnb
,,,,,,,,https://www.airbnb.fr/users/show/5798309,,,Guadeloupe,,,,The White Palm - Bungalow tropical,,,,,,,,,,,Sainte-Rose,,,,,,,https://www.airbnb.fr/rooms/1245756190163897070?search_mode=regular_search&adults=1&check_in=2025-04-13&check_out=2025-04-18&children=0&infants=0&pets=0&source_impression_id=p3_1739910021_P3gD7Pf69BdytRVu&previous_page_section_name=1000,The White Palm - Bungalow tropical,Airbnb
,,,,,,,,https://www.airbnb.fr/users/show/296786041,,,Guadeloupe,,,,Bungalow coloré,,,,,,,,,,,Sainte-Rose,,,,,,,https://www.airbnb.fr/rooms/1332795588015628419?search_mode=regular_search&adults=1&check_in=2025-06-01&check_out=2025-06-06&children=0&infants=0&pets=0&source_impression_id=p3_1739910022_P3OMtEpvbFKICncn&previous_page_section_name=1000,Bungalow coloré,Airbnb
,,,,,,,,https://www.airbnb.fr/users/show/515003914,,,Guadeloupe,,,,Ambre et Azur gîte 2 pers pour se ressourcer,,,,,,,,,,,Sainte-Rose,,,,,,,https://www.airbnb.fr/rooms/896266750106848007?search_mode=regular_search&adults=1&check_in=2025-03-21&check_out=2025-03-26&children=0&infants=0&pets=0&source_impression_id=p3_1739910022_P36SvBZKe_ja2yyS&previous_page_section_name=1000,Ambre et Azur gîte 2 pers pour se ressourcer,Airbnb
,,,,,,,,https://www.airbnb.fr/users/show/326651641,,,Guadeloupe,,,,Bungalow climatisé avec jacuzzi privatif,,,,,,,,,,,Sainte-Rose,,,,,,,https://www.airbnb.fr/rooms/918271167338998021?search_mode=regular_search&adults=1&check_in=2025-05-11&check_out=2025-05-16&children=0&infants=0&pets=0&source_impression_id=p3_1739910022_P3b5XaxHCpPl4qCe&previous_page_section_name=1000,Bungalow climatisé avec jacuzzi privatif,Airbnb
,,,,,,,,https://www.airbnb.fr/users/show/416372146,,,Guadeloupe,,,,Ô Sonora : Appartement neuf et cosy,,,,,,,,,,,Sainte-Rose,,,,,,,https://www.airbnb.fr/rooms/1018278519599417902?search_mode=regular_search&adults=1&check_in=2025-05-11&check_out=2025-05-16&children=0&infants=0&pets=0&source_impression_id=p3_1739910022_P3EBiFjaK2uTN6D4&previous_page_section_name=1000,Ô Sonora : Appartement neuf et cosy,Airbnb
,,,,,,,,https://www.airbnb.fr/users/show/102144127,,,Guadeloupe,,,,Bungalow sur magnifique plage  -Le Nid d'Amande,,,,,,,,,,,Sainte-Rose,,,,,,,https://www.airbnb.fr/rooms/21254771?search_mode=regular_search&adults=1&check_in=2025-03-04&check_out=2025-03-09&children=0&infants=0&pets=0&source_impression_id=p3_1739910022_P3LaQinzG1fdamJ2&previous_page_section_name=1000,Bungalow sur magnifique plage  -Le Nid d'Amande,Airbnb
,,,,,,,,https://www.airbnb.fr/users/show/468834713,,,Guadeloupe,,,,145 m² I Piscine I Spa I Jardin I Vue Panoramique,,,,,,,,,,,Sainte-Rose,,,,,,,https://www.airbnb.fr/rooms/668585359745645022?search_mode=regular_search&adults=1&check_in=2025-03-04&check_out=2025-03-09&children=0&infants=0&pets=0&source_impression_id=p3_1739910022_P3X9nm7mMNP-0rZT&previous_page_section_name=1000,145 m² I Piscine I Spa I Jardin I Vue Panoramique,Airbnb
,,,,,,,,https://www.airbnb.fr/users/show/595598252,,,Guadeloupe,,,,Bungalow au cœur des arbres,,,,,,,,,,,Sainte-Rose,,,,,,,https://www.airbnb.fr/rooms/1221163353040632520?search_mode=regular_search&adults=1&check_in=2025-04-10&check_out=2025-04-15&children=0&infants=0&pets=0&source_impression_id=p3_1739910022_P3mHbeoWm4c7c03s&previous_page_section_name=1000,Bungalow au cœur des arbres,Airbnb
,,,,,,,,https://www.airbnb.fr/users/show/515867419,,,Guadeloupe,,,,Les sucriers de Sofaia,,,,,,,,,,,Sainte-Rose,,,,,,,https://www.airbnb.fr/rooms/902052127716251110?search_mode=regular_search&adults=1&check_in=2025-03-05&check_out=2025-03-10&children=0&infants=0&pets=0&source_impression_id=p3_1739910022_P3iSHqkAsSCMTmCh&previous_page_section_name=1000,Les sucriers de Sofaia,Airbnb
,,,,,,,,https://www.airbnb.fr/users/show/76732729,,,Guadeloupe,,,,dolce Cabana,,,,,,,,,,,Sainte-Rose,,,,,,,https://www.airbnb.fr/rooms/1057374401856159871?search_mode=regular_search&adults=1&check_in=2025-02-20&check_out=2025-02-25&children=0&infants=0&pets=0&source_impression_id=p3_1739910022_P3NqpBqEp8bagQFJ&previous_page_section_name=1000,dolce Cabana,Airbnb
,,,,,,,,https://www.airbnb.fr/users/show/84986395,,,Guadeloupe,,,,Au jardin d’Éole - Villa bois avec piscine,,,,,,,,,,,Sainte-Rose,,,,,,,https://www.airbnb.fr/rooms/20617963?search_mode=regular_search&adults=1&check_in=2025-05-27&check_out=2025-06-01&children=0&infants=0&pets=0&source_impression_id=p3_1739910022_P3S-hVqEdE_dLraK&previous_page_section_name=1000,Au jardin d’Éole - Villa bois avec piscine,Airbnb
,,,,,,,,https://www.airbnb.fr/users/show/58772766,,,Guadeloupe,,,,Bungalows créole  avec piscine et jardin,,,,,,,,,,,Sainte-Rose,,,,,,,https://www.airbnb.fr/rooms/11360282?search_mode=regular_search&adults=1&check_in=2025-02-18&check_out=2025-02-23&children=0&infants=0&pets=0&source_impression_id=p3_1739910022_P3IN7OOF3R8eGRBO&previous_page_section_name=1000,Bungalows créole  avec piscine et jardin,Airbnb
,,,,,,,,https://www.airbnb.fr/users/show/6918920,,,Guadeloupe,,,,Grande  Villa avec piscine en Guadeloupe,,,,,,,,,,,Sainte-Rose,,,,,,,https://www.airbnb.fr/rooms/6537334?search_mode=regular_search&adults=1&check_in=2025-02-19&check_out=2025-02-24&children=0&infants=0&pets=0&source_impression_id=p3_1739910022_P3V5A8EsTq3F-8Gm&previous_page_section_name=1000,Grande  Villa avec piscine en Guadeloupe,Airbnb
,,,,,,,,https://www.airbnb.fr/users/show/17334285,,,Guadeloupe,,,,"Hauolibed, Havre de Passion avec piscine.",,,,,,,,,,,Sainte-Rose,,,,,,,https://www.airbnb.fr/rooms/3439626?search_mode=regular_search&adults=1&check_in=2025-03-01&check_out=2025-03-06&children=0&infants=0&pets=0&source_impression_id=p3_1739910022_P3A07g1pMX4iX4-5&previous_page_section_name=1000,"Hauolibed, Havre de Passion avec piscine.",Airbnb
,,,,,,,,https://www.airbnb.fr/users/show/9416398,,,Guadeloupe,,,,Bungalow face à la magnifique plage de Cluny,,,,,,,,,,,Sainte-Rose,,,,,,,https://www.airbnb.fr/rooms/1015477255639808262?search_mode=regular_search&adults=1&check_in=2025-04-14&check_out=2025-04-19&children=0&infants=0&pets=0&source_impression_id=p3_1739910022_P3Xrn1RW9ayMbuK9&previous_page_section_name=1000,Bungalow face à la magnifique plage de Cluny,Airbnb
,,,,,,,,https://www.airbnb.fr/users/show/89427238,,,Guadeloupe,,,,Villa les Bougainvilliers F2  Avec mezzanine,,,,,,,,,,,Sainte-Rose,,,,,,,https://www.airbnb.fr/rooms/14585885?search_mode=regular_search&adults=1&category_tag=Tag%3A8678&check_in=2025-02-18&check_out=2025-02-23&children=0&infants=0&pets=0&photo_id=465593650&source_impression_id=p3_1739910022_P3uYFE9bWWx4xgBn&previous_page_section_name=1000,Villa les Bougainvilliers F2  Avec mezzanine,Airbnb
,,,,,,,,https://www.airbnb.fr/users/show/263039564,,,Guadeloupe,,,,Le padjembel une oasis de tranquilité,,,,,,,,,,,Sainte-Rose,,,,,,,https://www.airbnb.fr/rooms/34899360?search_mode=regular_search&adults=1&check_in=2025-03-09&check_out=2025-03-14&children=0&infants=0&pets=0&source_impression_id=p3_1739910022_P3UrosA14TOzpRIn&previous_page_section_name=1000,Le padjembel une oasis de tranquilité,Airbnb
,,,,,,,,https://www.airbnb.fr/users/show/552539987,,,Guadeloupe,,,,Moderne Lodge Tropical,,,,,,,,,,,Sainte-Rose,,,,,,,https://www.airbnb.fr/rooms/1054319048820755918?search_mode=regular_search&adults=1&check_in=2025-03-10&check_out=2025-03-15&children=0&infants=0&pets=0&source_impression_id=p3_1739910022_P3N-4bDvcKZQB6Rl&previous_page_section_name=1000,Moderne Lodge Tropical,Airbnb
,,,,,,,,https://www.airbnb.fr/users/show/319869111,,,Guadeloupe,,,,Chambre d’hôtes climatisée dans villa Gocho-Etchea,,,,,,,,,,,Sainte-Rose,,,,,,,https://www.airbnb.fr/rooms/41003027?search_mode=regular_search&adults=1&category_tag=Tag%3A8678&check_in=2025-04-12&check_out=2025-04-17&children=0&infants=0&pets=0&photo_id=1360988514&source_impression_id=p3_1739910025_P3Xm846e1QbG8zgD&previous_page_section_name=1000,Chambre d’hôtes climatisée dans villa Gocho-Etchea,Airbnb
,,,,,,,,https://www.airbnb.fr/users/show/433832931,,,Guadeloupe,,,,Green Lodge - Maison cadre calme et naturelle,,,,,,,,,,,Sainte-Rose,,,,,,,https://www.airbnb.fr/rooms/1138664338145868215?search_mode=regular_search&adults=1&check_in=2025-03-22&check_out=2025-03-27&children=0&infants=0&pets=0&source_impression_id=p3_1739910025_P3tlcpn9ijrIdZwI&previous_page_section_name=1000,Green Lodge - Maison cadre calme et naturelle,Airbnb
,,,,,,,,https://www.airbnb.fr/users/show/551420896,,,Guadeloupe,,,,Ti'Kélonia 1 - Maisons atypiques,,,,,,,,,,,Sainte-Rose,,,,,,,https://www.airbnb.fr/rooms/1104406311123345732?search_mode=regular_search&adults=1&check_in=2025-03-03&check_out=2025-03-08&children=0&infants=0&pets=0&source_impression_id=p3_1739910025_P3oetlf5W-FOaNMP&previous_page_section_name=1000,Ti'Kélonia 1 - Maisons atypiques,Airbnb
,,,,,,,,https://www.airbnb.fr/users/show/15057493,,,Guadeloupe,,,,Villa 4 chambres doubles,,,,,,,,,,,Sainte-Rose,,,,,,,https://www.airbnb.fr/rooms/1240551135715697666?search_mode=regular_search&adults=1&check_in=2025-02-19&check_out=2025-02-24&children=0&infants=0&pets=0&source_impression_id=p3_1739910025_P3lBscayDCXErCNG&previous_page_section_name=1000,Villa 4 chambres doubles,Airbnb
,,,,,,,,https://www.airbnb.fr/users/show/656759000,,,Guadeloupe,,,,pavillon traditionnel en bois,,,,,,,,,,,Sainte-Rose,,,,,,,https://www.airbnb.fr/rooms/1265894602524834395?search_mode=regular_search&adults=1&check_in=2025-04-16&check_out=2025-04-21&children=0&infants=0&pets=0&source_impression_id=p3_1739910025_P3ZjMKPMd3U7QM9d&previous_page_section_name=1000,pavillon traditionnel en bois,Airbnb
,,,,,,,,https://www.airbnb.fr/users/show/61699333,,,Guadeloupe,,,,Bungalow le Colibri,,,,,,,,,,,Sainte-Rose,,,,,,,https://www.airbnb.fr/rooms/1293492119827624237?search_mode=regular_search&adults=1&check_in=2025-02-25&check_out=2025-03-02&children=0&infants=0&pets=0&source_impression_id=p3_1739910025_P360icUh6V_gIq7z&previous_page_section_name=1000,Bungalow le Colibri,Airbnb
,,,,,,,,https://www.airbnb.fr/users/show/388511959,,,Guadeloupe,,,,appartement moderne,,,,,,,,,,,Sainte-Rose,,,,,,,https://www.airbnb.fr/rooms/1355740450557197050?search_mode=regular_search&adults=1&check_in=2025-02-18&check_out=2025-02-25&children=0&infants=0&pets=0&source_impression_id=p3_1739910025_P3Ym6Byv2wINHDAk&previous_page_section_name=1000,appartement moderne,Airbnb
,,,,,,,,https://www.airbnb.fr/users/show/316314337,,,Guadeloupe,,,,Bungalow La Lézarde,,,,,,,,,,,Sainte-Rose,,,,,,,https://www.airbnb.fr/rooms/1029082291987623375?search_mode=regular_search&adults=1&check_in=2025-02-22&check_out=2025-02-27&children=0&infants=0&pets=0&source_impression_id=p3_1739910025_P3RqdiL3TXhm6pP9&previous_page_section_name=1000,Bungalow La Lézarde,Airbnb
,,,,,,,,https://www.airbnb.fr/users/show/28953266,,,Guadeloupe,,,,Villa Laurencin ****,,,,,,,,,,,Sainte-Rose,,,,,,,https://www.airbnb.fr/rooms/7120750?search_mode=regular_search&adults=1&check_in=2025-04-22&check_out=2025-04-27&children=0&infants=0&pets=0&source_impression_id=p3_1739910038_P3Du2OX-RBBrp0rG&previous_page_section_name=1000,Villa Laurencin ****,Airbnb
,,,,,,,,https://www.airbnb.fr/users/show/452137831,,,Guadeloupe,,,,Les VILLAS Mandju - Villa Passion,,,,,,,,,,,Sainte-Rose,,,,,,,https://www.airbnb.fr/rooms/594913409691070180?search_mode=regular_search&adults=1&check_in=2025-02-24&check_out=2025-03-01&children=0&infants=0&pets=0&source_impression_id=p3_1739910036_P32hs1kNTgx9Yo8c&previous_page_section_name=1000,Les VILLAS Mandju - Villa Passion,Airbnb
,,,,,,,,https://www.airbnb.fr/users/show/132363574,,,Guadeloupe,,,,Le Doux Paradis,,,,,,,,,,,Sainte-Rose,,,,,,,https://www.airbnb.fr/rooms/852985682565105231?search_mode=regular_search&adults=1&check_in=2025-03-01&check_out=2025-03-06&children=0&infants=0&pets=0&source_impression_id=p3_1739910036_P3fEQsJfo1s2r-FK&previous_page_section_name=1000,Le Doux Paradis,Airbnb
,,,,,,,,https://www.airbnb.fr/users/show/26668826,,,Guadeloupe,,,,La Kabane du Pêcheur,,,,,,,,,,,Sainte-Rose,,,,,,,https://www.airbnb.fr/rooms/17277486?search_mode=regular_search&adults=1&check_in=2025-02-24&check_out=2025-03-01&children=0&infants=0&pets=0&source_impression_id=p3_1739910036_P3zmlXWTWKXDgCHY&previous_page_section_name=1000,La Kabane du Pêcheur,Airbnb
,,,,,,,,https://www.airbnb.fr/users/show/101861131,,,Guadeloupe,,,,STUDIO RORO HAVRE DE PAIX,,,,,,,,,,,Sainte-Rose,,,,,,,https://www.airbnb.fr/rooms/52749813?search_mode=regular_search&adults=1&check_in=2025-02-18&check_out=2025-02-23&children=0&infants=0&pets=0&source_impression_id=p3_1739910036_P3Sm_pYOoy1aAlTE&previous_page_section_name=1000,STUDIO RORO HAVRE DE PAIX,Airbnb
,,,,,,,,https://www.airbnb.fr/users/show/433305991,,,Guadeloupe,,,,BUNGOOD,,,,,,,,,,,Sainte-Rose,,,,,,,https://www.airbnb.fr/rooms/53510555?search_mode=regular_search&adults=1&check_in=2025-02-18&check_out=2025-02-23&children=0&infants=0&pets=0&source_impression_id=p3_1739910036_P3re7Qy5VGHfed0o&previous_page_section_name=1000,BUNGOOD,Airbnb
,,,,,,,,https://www.airbnb.fr/users/show/143699482,,,Guadeloupe,,,,Villa Bellevue,,,,,,,,,,,Sainte-Rose,,,,,,,https://www.airbnb.fr/rooms/1179941691416723777?search_mode=regular_search&adults=1&check_in=2025-02-20&check_out=2025-02-25&children=0&infants=0&pets=0&source_impression_id=p3_1739910036_P3cVORY1xsjoB-Oc&previous_page_section_name=1000,Villa Bellevue,Airbnb
,,,,,,,,https://www.airbnb.fr/users/show/353463012,,,Guadeloupe,,,,Villa confortable avec piscine,,,,,,,,,,,Sainte-Rose,,,,,,,https://www.airbnb.fr/rooms/1281970580240308751?search_mode=regular_search&adults=1&check_in=2025-02-25&check_out=2025-03-02&children=0&infants=0&pets=0&source_impression_id=p3_1739910036_P3kp_aFMM9D1AOqG&previous_page_section_name=1000,Villa confortable avec piscine,Airbnb
,,,,,,,,https://www.airbnb.fr/users/show/371570659,,,Guadeloupe,,,,Gîte Nature Adulte uniquement,,,,,,,,,,,Sainte-Rose,,,,,,,https://www.airbnb.fr/rooms/52690103?search_mode=regular_search&adults=1&check_in=2025-02-23&check_out=2025-02-28&children=0&infants=0&pets=0&source_impression_id=p3_1739910036_P3LYKttTF000xKhL&previous_page_section_name=1000,Gîte Nature Adulte uniquement,Airbnb
,,,,,,,,https://www.airbnb.fr/users/show/138779408,,,Guadeloupe,,,,Lodge en pays Créole proche de Deshaie et plages,,,,,,,,,,,Sainte-Rose,,,,,,,https://www.airbnb.fr/rooms/19949972?search_mode=regular_search&adults=1&check_in=2025-02-24&check_out=2025-03-02&children=0&infants=0&pets=0&source_impression_id=p3_1739910036_P3yxpXHEsMWp3alk&previous_page_section_name=1000,Lodge en pays Créole proche de Deshaie et plages,Airbnb
,,,,,,,,https://www.airbnb.fr/users/show/304342381,,,Guadeloupe,,,,Villa Loren-A  un havre de tranquillité av piscine,,,,,,,,,,,Sainte-Rose,,,,,,,https://www.airbnb.fr/rooms/39770012?search_mode=regular_search&adults=1&check_in=2025-02-26&check_out=2025-03-03&children=0&infants=0&pets=0&source_impression_id=p3_1739910038_P3-O6TyrReWfmjSy&previous_page_section_name=1000,Villa Loren-A  un havre de tranquillité av piscine,Airbnb
,,,,,,,,https://www.airbnb.fr/users/show/103613132,,,Guadeloupe,,,,Dream Room GP - accès privé/confidentiel/autonome,,,,,,,,,,,Sainte-Rose,,,,,,,https://www.airbnb.fr/rooms/932814039021661014?search_mode=regular_search&adults=1&check_in=2025-03-01&check_out=2025-03-06&children=0&infants=0&pets=0&source_impression_id=p3_1739910038_P38RL-C05fo4ZRPf&previous_page_section_name=1000,Dream Room GP - accès privé/confidentiel/autonome,Airbnb
,,,,,,,,https://www.airbnb.fr/users/show/67577647,,,Guadeloupe,,,,"Cottage Le Palmier Royal 
Ô Cœur de Bel Hâlé",,,,,,,,,,,Sainte-Rose,,,,,,,https://www.airbnb.fr/rooms/856739233823572081?search_mode=regular_search&adults=1&check_in=2025-03-30&check_out=2025-04-04&children=0&infants=0&pets=0&source_impression_id=p3_1739910038_P3WTj6jSIhX1EJ3t&previous_page_section_name=1000,"Cottage Le Palmier Royal 
Ô Cœur de Bel Hâlé",Airbnb
,,,,,,,,https://www.airbnb.fr/users/show/171025802,,,Guadeloupe,,,,Les hauts du nord,,,,,,,,,,,Sainte-Rose,,,,,,,https://www.airbnb.fr/rooms/23044695?search_mode=regular_search&adults=1&check_in=2025-03-26&check_out=2025-03-31&children=0&infants=0&pets=0&source_impression_id=p3_1739910039_P3cu-jjohH98GqKg&previous_page_section_name=1000,Les hauts du nord,Airbnb
,,,,,,,,https://www.airbnb.fr/users/show/85351341,,,Guadeloupe,,,,Cocon Bleu,,,,,,,,,,,Sainte-Rose,,,,,,,https://www.airbnb.fr/rooms/1064438976037554554?search_mode=regular_search&adults=1&check_in=2025-03-28&check_out=2025-04-02&children=0&infants=0&pets=0&source_impression_id=p3_1739910039_P3X9B1ftJ4x3zR1o&previous_page_section_name=1000,Cocon Bleu,Airbnb
,,,,,,,,https://www.airbnb.fr/users/show/444056589,,,Guadeloupe,,,,« Les manguiers »,,,,,,,,,,,Sainte-Rose,,,,,,,https://www.airbnb.fr/rooms/644888930645777832?search_mode=regular_search&adults=1&check_in=2025-04-03&check_out=2025-04-08&children=0&infants=0&pets=0&source_impression_id=p3_1739910039_P3I_u0_sF7LTnwiL&previous_page_section_name=1000,« Les manguiers »,Airbnb
,,,,,,,,https://www.airbnb.fr/users/show/102834881,,,Guadeloupe,,,,L'ALIZÉE**** (WIFI+NETFLIX+VUE MER+PLAGE A 100M),,,,,,,,,,,Sainte-Rose,,,,,,,https://www.airbnb.fr/rooms/29439378?search_mode=regular_search&adults=1&check_in=2025-02-23&check_out=2025-02-28&children=0&infants=0&pets=0&source_impression_id=p3_1739910039_P3nf6-kWv0juKl6n&previous_page_section_name=1000,L'ALIZÉE**** (WIFI+NETFLIX+VUE MER+PLAGE A 100M),Airbnb
,,,,,,,,https://www.airbnb.fr/users/show/411826936,,,Guadeloupe,,,,"la prairie, maison bois
parking",,,,,,,,,,,Sainte-Rose,,,,,,,https://www.airbnb.fr/rooms/979554326956812936?search_mode=regular_search&adults=1&check_in=2025-03-13&check_out=2025-03-18&children=0&infants=0&pets=0&source_impression_id=p3_1739910039_P3J4Q5lEhvMxUmGP&previous_page_section_name=1000,"la prairie, maison bois
parking",Airbnb
,,,,,,,,https://www.airbnb.fr/users/show/213810671,,,Guadeloupe,,,,Le lydy’s,,,,,,,,,,,Sainte-Rose,,,,,,,https://www.airbnb.fr/rooms/756299903634138342?search_mode=regular_search&adults=1&check_in=2025-02-21&check_out=2025-02-26&children=0&infants=0&pets=0&source_impression_id=p3_1739910039_P3j9d--87xCZYarH&previous_page_section_name=1000,Le lydy’s,Airbnb
,,,,,,,,https://www.airbnb.fr/users/show/335690392,,,Guadeloupe,,,,Villa Bou'kann,,,,,,,,,,,Sainte-Rose,,,,,,,https://www.airbnb.fr/rooms/1013984543599570014?search_mode=regular_search&adults=1&check_in=2025-03-28&check_out=2025-04-02&children=0&infants=0&pets=0&source_impression_id=p3_1739910039_P3MY688lBJKxlaS6&previous_page_section_name=1000,Villa Bou'kann,Airbnb
,,,,,,,,https://www.airbnb.fr/users/show/501112679,,,Guadeloupe,,,,"Grand T2, Duzer Sainte-Rose",,,,,,,,,,,Sainte-Rose,,,,,,,https://www.airbnb.fr/rooms/896293779636697988?search_mode=regular_search&adults=1&check_in=2025-02-22&check_out=2025-02-27&children=0&infants=0&pets=0&source_impression_id=p3_1739910039_P3Yj0hKA5jap8tZD&previous_page_section_name=1000,"Grand T2, Duzer Sainte-Rose",Airbnb
,,,,,,,,https://www.airbnb.fr/users/show/353258568,,,Guadeloupe,,,,Chambre La Canopée,,,,,,,,,,,Sainte-Rose,,,,,,,https://www.airbnb.fr/rooms/1305112253502958513?search_mode=regular_search&adults=1&category_tag=Tag%3A8678&check_in=2025-02-19&check_out=2025-02-24&children=0&infants=0&pets=0&photo_id=2076690583&source_impression_id=p3_1739910039_P3A1EB-TV6GL-cTl&previous_page_section_name=1000,Chambre La Canopée,Airbnb
,,,,,,,,https://www.airbnb.fr/users/show/132834735,,,Guadeloupe,,,,Logement entier Bungalow,,,,,,,,,,,Sainte-Rose,,,,,,,https://www.airbnb.fr/rooms/1271120462122353943?search_mode=regular_search&adults=1&check_in=2025-03-01&check_out=2025-03-06&children=0&infants=0&pets=0&source_impression_id=p3_1739910039_P3oaOBntBXUMvbCc&previous_page_section_name=1000,Logement entier Bungalow,Airbnb
,,,,,,,,https://www.airbnb.fr/users/show/509269442,,,Guadeloupe,,,,Domaine Simini - Villa Chacha,,,,,,,,,,,Sainte-Rose,,,,,,,https://www.airbnb.fr/rooms/865915250757217926?search_mode=regular_search&adults=1&check_in=2025-04-02&check_out=2025-04-08&children=0&infants=0&pets=0&source_impression_id=p3_1739910046_P3JbQ84QET47xZut&previous_page_section_name=1000,Domaine Simini - Villa Chacha,Airbnb
,,,,,,,,https://www.airbnb.fr/users/show/289994917,,,Guadeloupe,,,,An lè mône là (sur la colline),,,,,,,,,,,Sainte-Rose,,,,,,,https://www.airbnb.fr/rooms/38165834?search_mode=regular_search&adults=1&check_in=2025-03-07&check_out=2025-03-12&children=0&infants=0&pets=0&source_impression_id=p3_1739910029_P31hlTXdIZsImCGX&previous_page_section_name=1000,An lè mône là (sur la colline),Airbnb
,,,,,,,,https://www.airbnb.fr/users/show/171025802,,,Guadeloupe,,,,les hauts du nord 2,,,,,,,,,,,Sainte-Rose,,,,,,,https://www.airbnb.fr/rooms/28811955?search_mode=regular_search&adults=1&check_in=2025-04-17&check_out=2025-04-22&children=0&infants=0&pets=0&source_impression_id=p3_1739910025_P3Kq4hLnEUndZXcT&previous_page_section_name=1000,les hauts du nord 2,Airbnb
,,,,,,,,https://www.airbnb.fr/users/show/410613371,,,Guadeloupe,,,,"Le Zannana, bungalow zen avec SPA privé",,,,,,,,,,,Sainte-Rose,,,,,,,https://www.airbnb.fr/rooms/618951076167458035?search_mode=regular_search&adults=1&check_in=2025-03-02&check_out=2025-03-07&children=0&infants=0&pets=0&source_impression_id=p3_1739910025_P3LmzDI3kTImeB0a&previous_page_section_name=1000,"Le Zannana, bungalow zen avec SPA privé",Airbnb
,,,,,,,,https://www.airbnb.fr/users/show/84978629,,,Guadeloupe,,,,Gîte piscine et proche plage - Calme absolu,,,,,,,,,,,Sainte-Rose,,,,,,,https://www.airbnb.fr/rooms/43687848?search_mode=regular_search&adults=1&check_in=2025-03-07&check_out=2025-03-12&children=0&infants=0&pets=0&source_impression_id=p3_1739910025_P30V8RqwOPeBqzBB&previous_page_section_name=1000,Gîte piscine et proche plage - Calme absolu,Airbnb
,,,,,,,,https://www.airbnb.fr/users/show/550959098,,,Guadeloupe,,,,Charmant studio Océane,,,,,,,,,,,Sainte-Rose,,,,,,,https://www.airbnb.fr/rooms/1046313863092043666?search_mode=regular_search&adults=1&check_in=2025-02-24&check_out=2025-03-01&children=0&infants=0&pets=0&source_impression_id=p3_1739910025_P32smNrSFYBJ1Ck1&previous_page_section_name=1000,Charmant studio Océane,Airbnb
,,,,,,,,https://www.airbnb.fr/users/show/316314337,,,Guadeloupe,,,,Chambre paradisiaque,,,,,,,,,,,Sainte-Rose,,,,,,,https://www.airbnb.fr/rooms/693294201899854434?search_mode=regular_search&adults=1&category_tag=Tag%3A8678&check_in=2025-02-18&check_out=2025-02-23&children=0&infants=0&pets=0&photo_id=1672037641&source_impression_id=p3_1739910025_P3aY_-MbRhf4004L&previous_page_section_name=1000,Chambre paradisiaque,Airbnb
,,,,,,,,https://www.airbnb.fr/users/show/115702531,,,Guadeloupe,,,,Rose pêche locations saisonnières,,,,,,,,,,,Sainte-Rose,,,,,,,https://www.airbnb.fr/rooms/17189577?search_mode=regular_search&adults=1&check_in=2025-02-20&check_out=2025-02-27&children=0&infants=0&pets=0&source_impression_id=p3_1739910025_P3BQO8qSw1MYzvyS&previous_page_section_name=1000,Rose pêche locations saisonnières,Airbnb
,,,,,,,,https://www.airbnb.fr/users/show/458439305,,,Guadeloupe,,,,Rose indigo,,,,,,,,,,,Sainte-Rose,,,,,,,https://www.airbnb.fr/rooms/1091188833429106708?search_mode=regular_search&adults=1&check_in=2025-02-24&check_out=2025-03-01&children=0&infants=0&pets=0&source_impression_id=p3_1739910025_P31wnQJwMoD19iaI&previous_page_section_name=1000,Rose indigo,Airbnb
,,,,,,,,https://www.airbnb.fr/users/show/471538683,,,Guadeloupe,,,,Les Gîtes du Cocon - Gite Marine,,,,,,,,,,,Sainte-Rose,,,,,,,https://www.airbnb.fr/rooms/737658700618146579?search_mode=regular_search&adults=1&check_in=2025-02-18&check_out=2025-02-23&children=0&infants=0&pets=0&source_impression_id=p3_1739910025_P3FfFZ_Jw0_8TYKh&previous_page_section_name=1000,Les Gîtes du Cocon - Gite Marine,Airbnb
,,,,,,,,https://www.airbnb.fr/users/show/674831331,,,Guadeloupe,,,,Les chutes de BIS vous attendent,,,,,,,,,,,Sainte-Rose,,,,,,,https://www.airbnb.fr/rooms/1340801124401997114?search_mode=regular_search&adults=1&check_in=2025-02-19&check_out=2025-02-24&children=0&infants=0&pets=0&source_impression_id=p3_1739910025_P3n38onV3VZShcGI&previous_page_section_name=1000,Les chutes de BIS vous attendent,Airbnb
,,,,,,,,https://www.airbnb.fr/users/show/573649702,,,Guadeloupe,,,,Cocon vue mer et jardin tropical,,,,,,,,,,,Sainte-Rose,,,,,,,https://www.airbnb.fr/rooms/1140570674871068165?search_mode=regular_search&adults=1&check_in=2025-04-17&check_out=2025-04-22&children=0&infants=0&pets=0&source_impression_id=p3_1739910028_P3ZoWKJrO5ZseB0g&previous_page_section_name=1000,Cocon vue mer et jardin tropical,Airbnb
,,,,,,,,https://www.airbnb.fr/users/show/448063861,,,Guadeloupe,,,,", Jacuzzi Privé",,,,,,,,,,,Sainte-Rose,,,,,,,https://www.airbnb.fr/rooms/583502415758911085?search_mode=regular_search&adults=1&check_in=2025-03-19&check_out=2025-03-24&children=0&infants=0&pets=0&source_impression_id=p3_1739910029_P3UHaAqiGxBYI4dC&previous_page_section_name=1000,", Jacuzzi Privé",Airbnb
,,,,,,,,https://www.airbnb.fr/users/show/236568281,,,Guadeloupe,,,,Maison Green Cane 4* - Vue Panoramique + Piscine,,,,,,,,,,,Sainte-Rose,,,,,,,https://www.airbnb.fr/rooms/50333298?search_mode=regular_search&adults=1&check_in=2025-03-02&check_out=2025-03-07&children=0&infants=0&pets=0&source_impression_id=p3_1739910050_P3SsNMhG9IFa0rKd&previous_page_section_name=1000,Maison Green Cane 4* - Vue Panoramique + Piscine,Airbnb
,,,,,,,,https://www.airbnb.fr/users/show/110821648,,,Guadeloupe,,,,La Kaz à Moïse (bungalow),,,,,,,,,,,Sainte-Rose,,,,,,,https://www.airbnb.fr/rooms/16720891?search_mode=regular_search&adults=1&check_in=2025-02-26&check_out=2025-03-03&children=0&infants=0&pets=0&source_impression_id=p3_1739910029_P3vI49DUdsh66Ke8&previous_page_section_name=1000,La Kaz à Moïse (bungalow),Airbnb
,,,,,,,,https://www.airbnb.fr/users/show/422982582,,,Guadeloupe,,,,DOUCEUR DE LA MER DES CARAIBES,,,,,,,,,,,Sainte-Rose,,,,,,,https://www.airbnb.fr/rooms/52255826?search_mode=regular_search&adults=1&check_in=2025-03-12&check_out=2025-03-17&children=0&infants=0&pets=0&source_impression_id=p3_1739910046_P3I0sneVgM16D877&previous_page_section_name=1000,DOUCEUR DE LA MER DES CARAIBES,Airbnb
,,,,,,,,https://www.airbnb.fr/users/show/219074624,,,Guadeloupe,,,,Bungalow cosy,,,,,,,,,,,Sainte-Rose,,,,,,,https://www.airbnb.fr/rooms/797081343982004164?search_mode=regular_search&adults=1&check_in=2025-02-23&check_out=2025-02-28&children=0&infants=0&pets=0&source_impression_id=p3_1739910046_P3fTlrvsSNAD1-0w&previous_page_section_name=1000,Bungalow cosy,Airbnb
,,,,,,,,https://www.airbnb.fr/users/show/672703729,,,Guadeloupe,,,,Villa Nia avec vue d'exception,,,,,,,,,,,Sainte-Rose,,,,,,,https://www.airbnb.fr/rooms/1334713666174796458?search_mode=regular_search&adults=1&check_in=2025-04-28&check_out=2025-05-03&children=0&infants=0&pets=0&source_impression_id=p3_1739910046_P3ZBOOfsOpE_Bp5a&previous_page_section_name=1000,Villa Nia avec vue d'exception,Airbnb
,,,,,,,,https://www.airbnb.fr/users/show/136744776,,,Guadeloupe,,,,Tii’ Douu,,,,,,,,,,,Sainte-Rose,,,,,,,https://www.airbnb.fr/rooms/34441842?search_mode=regular_search&adults=1&check_in=2025-02-25&check_out=2025-03-02&children=0&infants=0&pets=0&source_impression_id=p3_1739910046_P3Sg6coBb1p06W4T&previous_page_section_name=1000,Tii’ Douu,Airbnb
,,,,,,,,https://www.airbnb.fr/users/show/510933527,,,Guadeloupe,,,,Studio Villa Paradise n°1,,,,,,,,,,,Sainte-Rose,,,,,,,https://www.airbnb.fr/rooms/873769708892638941?search_mode=regular_search&adults=1&check_in=2025-02-19&check_out=2025-02-24&children=0&infants=0&pets=0&source_impression_id=p3_1739910046_P3vzf9fOI7Glsrj7&previous_page_section_name=1000,Studio Villa Paradise n°1,Airbnb
,,,,,,,,https://www.airbnb.fr/users/show/562266232,,,Guadeloupe,,,,"Chambre, Petit déjeuner, Piscine, Parc national",,,,,,,,,,,Sainte-Rose,,,,,,,https://www.airbnb.fr/rooms/1094274338925156528?search_mode=regular_search&adults=1&check_in=2025-04-05&check_out=2025-04-10&children=0&infants=0&pets=0&source_impression_id=p3_1739910046_P3FRp3HAWGBGlQAv&previous_page_section_name=1000,"Chambre, Petit déjeuner, Piscine, Parc national",Airbnb
,,,,,,,,https://www.airbnb.fr/users/show/128008169,,,Guadeloupe,,,,Le Bungalow de Rorose,,,,,,,,,,,Sainte-Rose,,,,,,,https://www.airbnb.fr/rooms/21472744?search_mode=regular_search&adults=1&check_in=2025-02-20&check_out=2025-02-25&children=0&infants=0&pets=0&source_impression_id=p3_1739910046_P3bMPILmWEj_2Yqr&previous_page_section_name=1000,Le Bungalow de Rorose,Airbnb
,,,,,,,,https://www.airbnb.fr/users/show/151543086,,,Guadeloupe,,,,Gîte Amandier,,,,,,,,,,,Sainte-Rose,,,,,,,https://www.airbnb.fr/rooms/46023247?search_mode=regular_search&adults=1&check_in=2025-03-17&check_out=2025-03-22&children=0&infants=0&pets=0&source_impression_id=p3_1739910046_P3O1jElZHkRZokHY&previous_page_section_name=1000,Gîte Amandier,Airbnb
,,,,,,,,https://www.airbnb.fr/users/show/50373297,,,Guadeloupe,,,,Villa relaxante,,,,,,,,,,,Sainte-Rose,,,,,,,https://www.airbnb.fr/rooms/48445206?search_mode=regular_search&adults=1&check_in=2025-03-01&check_out=2025-03-06&children=0&infants=0&pets=0&source_impression_id=p3_1739910046_P3qpg1wpn0uiAuxp&previous_page_section_name=1000,Villa relaxante,Airbnb
,,,,,,,,https://www.airbnb.fr/users/show/151543086,,,Guadeloupe,,,,Gîte Amandier,,,,,,,,,,,Sainte-Rose,,,,,,,https://www.airbnb.fr/rooms/46023247?search_mode=regular_search&adults=1&check_in=2025-03-17&check_out=2025-03-22&children=0&infants=0&pets=0&source_impression_id=p3_1739910049_P3TX0qE0cqt1Llpr&previous_page_section_name=1000,Gîte Amandier,Airbnb
,,,,,,,,https://www.airbnb.fr/users/show/50373297,,,Guadeloupe,,,,Villa relaxante,,,,,,,,,,,Sainte-Rose,,,,,,,https://www.airbnb.fr/rooms/48445206?search_mode=regular_search&adults=1&check_in=2025-03-01&check_out=2025-03-06&children=0&infants=0&pets=0&source_impression_id=p3_1739910050_P3WiXDD_XHgOYtx0&previous_page_section_name=1000,Villa relaxante,Airbnb
,,,,,,,,https://www.airbnb.fr/users/show/443760994,,,Guadeloupe,,,,"Maison dans résidence sécurisée, 2 places parking",,,,,,,,,,,Sainte-Rose,,,,,,,https://www.airbnb.fr/rooms/645754042690134203?search_mode=regular_search&adults=1&check_in=2025-04-11&check_out=2025-04-18&children=0&infants=0&pets=0&source_impression_id=p3_1739910050_P3sEKWgOSjsO3VYN&previous_page_section_name=1000,"Maison dans résidence sécurisée, 2 places parking",Airbnb
,,,,,,,,https://www.airbnb.fr/users/show/35025403,,,Guadeloupe,,,,"gîte ""Sik a koko"" sans vis à vis vue piscine",,,,,,,,,,,Sainte-Rose,,,,,,,https://www.airbnb.fr/rooms/6692311?search_mode=regular_search&adults=1&check_in=2025-03-12&check_out=2025-03-17&children=0&infants=0&pets=0&source_impression_id=p3_1739910029_P3bzv6An4PrmNO2w&previous_page_section_name=1000,"gîte ""Sik a koko"" sans vis à vis vue piscine",Airbnb
,,,,,,,,https://www.airbnb.fr/users/show/47767978,,,Guadeloupe,,,,les Amandiers.,,,,,,,,,,,Sainte-Rose,,,,,,,https://www.airbnb.fr/rooms/9315228?search_mode=regular_search&adults=1&check_in=2025-03-31&check_out=2025-04-05&children=0&infants=0&pets=0&source_impression_id=p3_1739910029_P3PpAfMJU2D56eke&previous_page_section_name=1000,les Amandiers.,Airbnb
,,,,,,,,https://www.airbnb.fr/users/show/247299111,,,Guadeloupe,,,,Le Gîte d'Alys,,,,,,,,,,,Sainte-Rose,,,,,,,https://www.airbnb.fr/rooms/32870917?search_mode=regular_search&adults=1&check_in=2025-02-18&check_out=2025-02-23&children=0&infants=0&pets=0&source_impression_id=p3_1739910029_P3-rSS6qi3QXZr_v&previous_page_section_name=1000,Le Gîte d'Alys,Airbnb
,,,,,,,,https://www.airbnb.fr/users/show/656764093,,,Guadeloupe,,,,Villa Ti Paradis à Sofaia,,,,,,,,,,,Sainte-Rose,,,,,,,https://www.airbnb.fr/rooms/1265913179490896009?search_mode=regular_search&adults=1&check_in=2025-03-01&check_out=2025-03-06&children=0&infants=0&pets=0&source_impression_id=p3_1739910029_P3AC6AhYL6mE-DdR&previous_page_section_name=1000,Villa Ti Paradis à Sofaia,Airbnb
,,,,,,,,https://www.airbnb.fr/users/show/580522530,,,Guadeloupe,,,,maison au bord de mer,,,,,,,,,,,Sainte-Rose,,,,,,,https://www.airbnb.fr/rooms/1183257031908577568?search_mode=regular_search&adults=1&check_in=2025-04-22&check_out=2025-04-27&children=0&infants=0&pets=0&source_impression_id=p3_1739910029_P37yuJCIXj1-K7gI&previous_page_section_name=1000,maison au bord de mer,Airbnb
,,,,,,,,https://www.airbnb.fr/users/show/512690697,,,Guadeloupe,,,,La Kaz du Pêcheur,,,,,,,,,,,Sainte-Rose,,,,,,,https://www.airbnb.fr/rooms/882000838324533645?search_mode=regular_search&adults=1&check_in=2025-04-09&check_out=2025-04-14&children=0&infants=0&pets=0&source_impression_id=p3_1739910029_P3oZ2N2h3g3Oqr79&previous_page_section_name=1000,La Kaz du Pêcheur,Airbnb
,,,,,,,,https://www.airbnb.fr/users/show/598980098,,,Guadeloupe,,,,La Majorelle,,,,,,,,,,,Sainte-Rose,,,,,,,https://www.airbnb.fr/rooms/1234208771220076564?search_mode=regular_search&adults=1&check_in=2025-02-25&check_out=2025-03-02&children=0&infants=0&pets=0&source_impression_id=p3_1739910029_P3JikGHeQWURsReK&previous_page_section_name=1000,La Majorelle,Airbnb
,,,,,,,,https://www.airbnb.fr/users/show/302155610,,,Guadeloupe,,,,Gîte de charme en pleine nature,,,,,,,,,,,Sainte-Rose,,,,,,,https://www.airbnb.fr/rooms/39339148?search_mode=regular_search&adults=1&check_in=2025-03-09&check_out=2025-03-16&children=0&infants=0&pets=0&source_impression_id=p3_1739910029_P3L7SYh4RePet4Bd&previous_page_section_name=1000,Gîte de charme en pleine nature,Airbnb
,,,,,,,,https://www.airbnb.fr/users/show/678326962,,,Guadeloupe,,,,Villa de Chouchou,,,,,,,,,,,Sainte-Rose,,,,,,,https://www.airbnb.fr/rooms/1354639621709809426?search_mode=regular_search&adults=1&check_in=2025-02-18&check_out=2025-02-23&children=0&infants=0&pets=0&source_impression_id=p3_1739910029_P3X2Zbvf4sB5E4KO&previous_page_section_name=1000,Villa de Chouchou,Airbnb
,,,,,,,,https://www.airbnb.fr/users/show/451701988,,,Guadeloupe,,,,Home Container Resort : Studio « AIR » 2/4 pers.,,,,,,,,,,,Sainte-Rose,,,,,,,https://www.airbnb.fr/rooms/1044137727625643714?search_mode=regular_search&adults=1&check_in=2025-02-18&check_out=2025-02-23&children=0&infants=0&pets=0&source_impression_id=p3_1739910029_P3HlVtkIqidPh-rP&previous_page_section_name=1000,Home Container Resort : Studio « AIR » 2/4 pers.,Airbnb
,,,,,,,,https://www.airbnb.fr/users/show/316314337,,,Guadeloupe,,,,Chambre Birloton,,,,,,,,,,,Sainte-Rose,,,,,,,https://www.airbnb.fr/rooms/739050689028327380?search_mode=regular_search&adults=1&check_in=2025-02-18&check_out=2025-02-23&children=0&infants=0&pets=0&source_impression_id=p3_1739910029_P3FZOIanoSmwzXJL&previous_page_section_name=1000,Chambre Birloton,Airbnb
,,,,,,,,https://www.airbnb.fr/users/show/43442347,,,Guadeloupe,,,,Villa avec piscine privée à 5 minutes de la plage!,,,,,,,,,,,Sainte-Rose,,,,,,,https://www.airbnb.fr/rooms/916548865858877703?search_mode=regular_search&adults=1&check_in=2025-04-05&check_out=2025-04-12&children=0&infants=0&pets=0&source_impression_id=p3_1739910029_P3qySQ2aXkCry-_5&previous_page_section_name=1000,Villa avec piscine privée à 5 minutes de la plage!,Airbnb
,,,,,,,,https://www.airbnb.fr/users/show/49253789,,,Guadeloupe,,,,La petite maison de Bellevue,,,,,,,,,,,Sainte-Rose,,,,,,,https://www.airbnb.fr/rooms/9503880?search_mode=regular_search&adults=1&check_in=2025-03-09&check_out=2025-03-14&children=0&infants=0&pets=0&source_impression_id=p3_1739910039_P35ycwaDRFLaZ1U-&previous_page_section_name=1000,La petite maison de Bellevue,Airbnb
,,,,,,,,https://www.airbnb.fr/users/show/164298627,,,Guadeloupe,,,,*La Libellule Caribéenne* Paisible Duplex &Piscine,,,,,,,,,,,Sainte-Rose,,,,,,,https://www.airbnb.fr/rooms/1120293211034190069?search_mode=regular_search&adults=1&check_in=2025-05-05&check_out=2025-05-10&children=0&infants=0&pets=0&source_impression_id=p3_1739910039_P3RXHOmMK2z8KIGr&previous_page_section_name=1000,*La Libellule Caribéenne* Paisible Duplex &Piscine,Airbnb
,,,,,,,,https://www.airbnb.fr/users/show/163075326,,,Guadeloupe,,,,Bas de villa au Lamentin,,,,,,,,,,,Sainte-Rose,,,,,,,https://www.airbnb.fr/rooms/879139072305372850?search_mode=regular_search&adults=1&check_in=2025-02-20&check_out=2025-02-25&children=0&infants=0&pets=0&source_impression_id=p3_1739910039_P31GHPNxCtW4H5cY&previous_page_section_name=1000,Bas de villa au Lamentin,Airbnb
,,,,,,,,https://www.airbnb.fr/users/show/452376433,,,Guadeloupe,,,,Superbe appartement proche de la mer,,,,,,,,,,,Sainte-Rose,,,,,,,https://www.airbnb.fr/rooms/596213828599703714?search_mode=regular_search&adults=1&check_in=2025-02-24&check_out=2025-03-01&children=0&infants=0&pets=0&source_impression_id=p3_1739910029_P3H1lxDYcmMOxdlY&previous_page_section_name=1000,Superbe appartement proche de la mer,Airbnb
,,,,,,,,https://www.airbnb.fr/users/show/487569731,,,Guadeloupe,,,,Chambre pratique proche du port,,,,,,,,,,,Sainte-Rose,,,,,,,https://www.airbnb.fr/rooms/1350924026141253244?search_mode=regular_search&adults=1&category_tag=Tag%3A8678&check_in=2025-03-14&check_out=2025-03-19&children=0&infants=0&pets=0&photo_id=2084195051&source_impression_id=p3_1739910050_P3QemgrYbXwZvzA8&previous_page_section_name=1000,Chambre pratique proche du port,Airbnb
,,,,,,,,https://www.airbnb.fr/users/show/532891729,,,Guadeloupe,,,,55- Studio vue mer à découvrir sans tarder !,,,,,,,,,,,Sainte-Rose,,,,,,,https://www.airbnb.fr/rooms/962389447952450331?search_mode=regular_search&adults=1&check_in=2025-02-27&check_out=2025-03-04&children=0&infants=0&pets=0&source_impression_id=p3_1739910050_P3AC3KXWAPNRo0hB&previous_page_section_name=1000,55- Studio vue mer à découvrir sans tarder !,Airbnb
,,,,,,,,https://www.airbnb.fr/users/show/22542654,,,Guadeloupe,,,,Joli bungalow DEDAY avec vue sur mer et montagne,,,,,,,,,,,Sainte-Rose,,,,,,,https://www.airbnb.fr/rooms/22104724?search_mode=regular_search&adults=1&check_in=2025-03-02&check_out=2025-03-07&children=0&infants=0&pets=0&source_impression_id=p3_1739910050_P3W3ns8JcjUOxvu5&previous_page_section_name=1000,Joli bungalow DEDAY avec vue sur mer et montagne,Airbnb
,,,,,,,,https://www.airbnb.fr/users/show/657837558,,,Guadeloupe,,,,Glamping lit Queen size tout équipé,,,,,,,,,,,Sainte-Rose,,,,,,,https://www.airbnb.fr/rooms/1290392929913324245?search_mode=regular_search&adults=1&check_in=2025-03-03&check_out=2025-03-08&children=0&infants=0&pets=0&source_impression_id=p3_1739910050_P3obNxNcY11UdAdJ&previous_page_section_name=1000,Glamping lit Queen size tout équipé,Airbnb
,,,,,,,,https://www.airbnb.fr/users/show/447684837,,,Guadeloupe,,,,Joli appartement T2 abordable,,,,,,,,,,,Sainte-Rose,,,,,,,https://www.airbnb.fr/rooms/1217305333330311365?search_mode=regular_search&adults=1&check_in=2025-02-27&check_out=2025-03-04&children=0&infants=0&pets=0&source_impression_id=p3_1739910050_P3YDlOXR4tUNk5u2&previous_page_section_name=1000,Joli appartement T2 abordable,Airbnb
,,,,,,,,https://www.airbnb.fr/users/show/136548980,,,Guadeloupe,,,,"-40 % dès 2 nuits en février !"" Lodge Sopraia",,,,,,,,,,,Sainte-Rose,,,,,,,https://www.airbnb.fr/rooms/840694050679583042?search_mode=regular_search&adults=1&check_in=2025-02-18&check_out=2025-02-23&children=0&infants=0&pets=0&source_impression_id=p3_1739910050_P3_Q_DAoBmdKSszd&previous_page_section_name=1000,"-40 % dès 2 nuits en février !"" Lodge Sopraia",Airbnb
,,,,,,,,https://www.airbnb.fr/users/show/180422602,,,Guadeloupe,,,,Vacances verdoyantes,,,,,,,,,,,Sainte-Rose,,,,,,,https://www.airbnb.fr/rooms/47445367?search_mode=regular_search&adults=1&check_in=2025-02-28&check_out=2025-03-07&children=0&infants=0&pets=0&source_impression_id=p3_1739910050_P3vShAp-KrxH_XBI&previous_page_section_name=1000,Vacances verdoyantes,Airbnb
,,,,,,,,https://www.airbnb.fr/users/show/236781788,,,Guadeloupe,,,,studio climatisé à 3 min  à pieds de la plage 91,,,,,,,,,,,Sainte-Rose,,,,,,,https://www.airbnb.fr/rooms/31587995?search_mode=regular_search&adults=1&check_in=2025-03-17&check_out=2025-03-22&children=0&infants=0&pets=0&source_impression_id=p3_1739910050_P3aK-yT0VMpno86J&previous_page_section_name=1000,studio climatisé à 3 min  à pieds de la plage 91,Airbnb
,,,,,,,,https://www.airbnb.fr/users/show/498402789,,,Guadeloupe,,,,La petite maison à la campagne - côté rue,,,,,,,,,,,Sainte-Rose,,,,,,,https://www.airbnb.fr/rooms/830458289554519821?search_mode=regular_search&adults=1&check_in=2025-02-19&check_out=2025-02-24&children=0&infants=0&pets=0&source_impression_id=p3_1739910050_P34N579um6Tk-7um&previous_page_section_name=1000,La petite maison à la campagne - côté rue,Airbnb
,,,,,,,,https://www.airbnb.fr/users/show/89427238,,,Guadeloupe,,,,Villa les Bougainvilliers studio  Chez Malou,,,,,,,,,,,Sainte-Rose,,,,,,,https://www.airbnb.fr/rooms/14585278?search_mode=regular_search&adults=1&check_in=2025-02-18&check_out=2025-02-23&children=0&infants=0&pets=0&source_impression_id=p3_1739910050_P3CHMABNbmDeRIgu&previous_page_section_name=1000,Villa les Bougainvilliers studio  Chez Malou,Airbnb
,,,,,,,,https://www.airbnb.fr/users/show/35025403,,,Guadeloupe,,,,Gîte au coeur d'un jardin luxuriant,,,,,,,,,,,Sainte-Rose,,,,,,,https://www.airbnb.fr/rooms/6691759?search_mode=regular_search&adults=1&check_in=2025-04-05&check_out=2025-04-10&children=0&infants=0&pets=0&source_impression_id=p3_1739910050_P3LL_WIb65wd7sgV&previous_page_section_name=1000,Gîte au coeur d'un jardin luxuriant,Airbnb
,,,,,,,,https://www.airbnb.fr/users/show/660157715,,,Guadeloupe,,,,bungalow vous vous gardez la,,,,,,,,,,,Sainte-Rose,,,,,,,https://www.airbnb.fr/rooms/1281101258602013077?search_mode=regular_search&adults=1&check_in=2025-02-18&check_out=2025-02-23&children=0&infants=0&pets=0&source_impression_id=p3_1739910050_P34wxPuIw3JaYQKh&previous_page_section_name=1000,bungalow vous vous gardez la,Airbnb
,,,,,,,,https://www.airbnb.fr/users/show/11808708,,,Guadeloupe,,,,"La kaz à pépés, charmant logement, piscine privée",,,,,,,,,,,Sainte-Rose,,,,,,,https://www.airbnb.fr/rooms/581917887056414194?search_mode=regular_search&adults=1&check_in=2025-03-29&check_out=2025-04-03&children=0&infants=0&pets=0&source_impression_id=p3_1739910050_P3NJz7lfkiM8Ugwv&previous_page_section_name=1000,"La kaz à pépés, charmant logement, piscine privée",Airbnb
